
C:\Users\dennis\Documents\HarvOS\Template_MiSTer-master\build\apps\harvttp.elf:     file format elf32-littleriscv

Program Header:
    LOAD off    0x00001000 vaddr 0x00100000 paddr 0x00100000 align 2**12
         filesz 0x0000535c memsz 0x0000535c flags r-x
    LOAD off    0x00007000 vaddr 0x00106000 paddr 0x00106000 align 2**12
         filesz 0x00000502 memsz 0x00000502 flags r--
    LOAD off    0x00000000 vaddr 0x00107000 paddr 0x00107000 align 2**12
         filesz 0x00000000 memsz 0x0001b008 flags rw-

Sections:
Idx Name          Size      VMA       LMA       File off  Algn
  0 .text         0000535c  00100000  00100000  00001000  2**2
                  CONTENTS, ALLOC, LOAD, READONLY, CODE
  1 .rodata       00000502  00106000  00106000  00007000  2**2
                  CONTENTS, ALLOC, LOAD, READONLY, DATA
  2 .bss          0001b008  00107000  00107000  00008000  2**2
                  ALLOC
  3 .debug_line   000000ad  00000000  00000000  00007502  2**0
                  CONTENTS, READONLY, DEBUGGING, OCTETS
  4 .debug_info   00000026  00000000  00000000  000075af  2**0
                  CONTENTS, READONLY, DEBUGGING, OCTETS
  5 .debug_abbrev 00000014  00000000  00000000  000075d5  2**0
                  CONTENTS, READONLY, DEBUGGING, OCTETS
  6 .debug_aranges 00000020  00000000  00000000  000075f0  2**3
                  CONTENTS, READONLY, DEBUGGING, OCTETS
  7 .debug_str    000000be  00000000  00000000  00007610  2**0
                  CONTENTS, READONLY, DEBUGGING, OCTETS
SYMBOL TABLE:
00100000 l    d  .text	00000000 .text
00106000 l    d  .rodata	00000000 .rodata
00107000 l    d  .bss	00000000 .bss
00000000 l    d  .debug_line	00000000 .debug_line
00000000 l    d  .debug_info	00000000 .debug_info
00000000 l    d  .debug_abbrev	00000000 .debug_abbrev
00000000 l    d  .debug_aranges	00000000 .debug_aranges
00000000 l    d  .debug_str	00000000 .debug_str
00000000 l    df *ABS*	00000000 main.c
0010010c l     F .text	0000014c nic_send_now
00107000 l     O .bss	0001b008 g_ctx
00100258 l     F .text	000000e4 php_emit_escaped_string.constprop.0
0010033c l     F .text	00000260 php_eval_static_expr.constprop.0
0010059c l     F .text	00000140 push_path_segment.constprop.0
001006dc l     F .text	000000b0 tcp_peer_lookup.constprop.0
0010078c l     F .text	00000248 write_dhcp_base.constprop.0
001009d4 l     F .text	00000238 build_ipv4
00100c0c l     F .text	00000238 build_tcp_packet.part.0
00100e44 l     F .text	000001b0 nic_send.isra.0
00100ff4 l     F .text	00000214 send_dhcp_request.constprop.0
00101208 l     F .text	000000d4 php_emit_ip.constprop.0
001012dc l     F .text	00001014 php_eval_expr.constprop.0
001022f0 l     F .text	000001c0 send_dhcp_discover.constprop.0
001024b0 l     F .text	00000664 send_http_response.constprop.0
001063f4 l     O .rodata	00000028 powers.0
0010641c l     O .rodata	000000dc fallback_html
001064f8 l     O .rodata	0000000a index_name.1
00107800 g       .rodata	00000000 __global_pointer$
00122008 g       .bss	00000000 __bss_end
00100000 g     F .text	0000000c _start
00105338 g     F .text	00000024 .hidden __mulsi3
00107000 g       .bss	00000000 __bss_start
00102b14 g     F .text	00000060 harvttp_trap_dispatch
00102b74 g     F .text	000027c4 harvttp_main
0010000c g     F .text	00000100 harvttp_trap_entry



Disassembly of section .text:

00100000 <_start>:
  100000:	001081b7          	lui	gp,0x108
  100004:	80018193          	addi	gp,gp,-2048 # 107800 <__global_pointer$>
  100008:	36d0206f          	jal	zero,102b74 <harvttp_main>

0010000c <harvttp_trap_entry>:
  10000c:	f8010113          	addi	sp,sp,-128
  100010:	00112023          	sw	ra,0(sp)
  100014:	00312223          	sw	gp,4(sp)
  100018:	00412423          	sw	tp,8(sp)
  10001c:	00512623          	sw	t0,12(sp)
  100020:	00612823          	sw	t1,16(sp)
  100024:	00712a23          	sw	t2,20(sp)
  100028:	00812c23          	sw	s0,24(sp)
  10002c:	00912e23          	sw	s1,28(sp)
  100030:	02a12023          	sw	a0,32(sp)
  100034:	02b12223          	sw	a1,36(sp)
  100038:	02c12423          	sw	a2,40(sp)
  10003c:	02d12623          	sw	a3,44(sp)
  100040:	02e12823          	sw	a4,48(sp)
  100044:	02f12a23          	sw	a5,52(sp)
  100048:	03012c23          	sw	a6,56(sp)
  10004c:	03112e23          	sw	a7,60(sp)
  100050:	05212023          	sw	s2,64(sp)
  100054:	05312223          	sw	s3,68(sp)
  100058:	05412423          	sw	s4,72(sp)
  10005c:	05512623          	sw	s5,76(sp)
  100060:	05612823          	sw	s6,80(sp)
  100064:	05712a23          	sw	s7,84(sp)
  100068:	05812c23          	sw	s8,88(sp)
  10006c:	05912e23          	sw	s9,92(sp)
  100070:	07a12023          	sw	s10,96(sp)
  100074:	07b12223          	sw	s11,100(sp)
  100078:	07c12423          	sw	t3,104(sp)
  10007c:	07d12623          	sw	t4,108(sp)
  100080:	07e12823          	sw	t5,112(sp)
  100084:	07f12a23          	sw	t6,116(sp)
  100088:	28d020ef          	jal	ra,102b14 <harvttp_trap_dispatch>
  10008c:	00012083          	lw	ra,0(sp)
  100090:	00412183          	lw	gp,4(sp)
  100094:	00812203          	lw	tp,8(sp)
  100098:	00c12283          	lw	t0,12(sp)
  10009c:	01012303          	lw	t1,16(sp)
  1000a0:	01412383          	lw	t2,20(sp)
  1000a4:	01812403          	lw	s0,24(sp)
  1000a8:	01c12483          	lw	s1,28(sp)
  1000ac:	02012503          	lw	a0,32(sp)
  1000b0:	02412583          	lw	a1,36(sp)
  1000b4:	02812603          	lw	a2,40(sp)
  1000b8:	02c12683          	lw	a3,44(sp)
  1000bc:	03012703          	lw	a4,48(sp)
  1000c0:	03412783          	lw	a5,52(sp)
  1000c4:	03812803          	lw	a6,56(sp)
  1000c8:	03c12883          	lw	a7,60(sp)
  1000cc:	04012903          	lw	s2,64(sp)
  1000d0:	04412983          	lw	s3,68(sp)
  1000d4:	04812a03          	lw	s4,72(sp)
  1000d8:	04c12a83          	lw	s5,76(sp)
  1000dc:	05012b03          	lw	s6,80(sp)
  1000e0:	05412b83          	lw	s7,84(sp)
  1000e4:	05812c03          	lw	s8,88(sp)
  1000e8:	05c12c83          	lw	s9,92(sp)
  1000ec:	06012d03          	lw	s10,96(sp)
  1000f0:	06412d83          	lw	s11,100(sp)
  1000f4:	06812e03          	lw	t3,104(sp)
  1000f8:	06c12e83          	lw	t4,108(sp)
  1000fc:	07012f03          	lw	t5,112(sp)
  100100:	07412f83          	lw	t6,116(sp)
  100104:	08010113          	addi	sp,sp,128
  100108:	10200073          	sret

0010010c <nic_send_now>:
  10010c:	fff58713          	addi	a4,a1,-1
  100110:	5ed00793          	addi	a5,zero,1517
  100114:	02e7e663          	bltu	a5,a4,100140 <nic_send_now+0x34>
  100118:	10000713          	addi	a4,zero,256
  10011c:	ffff06b7          	lui	a3,0xffff0
  100120:	0486a783          	lw	a5,72(a3) # ffff0048 <__bss_end+0xffece040>
  100124:	fff70713          	addi	a4,a4,-1
  100128:	04868813          	addi	a6,a3,72
  10012c:	4007f613          	andi	a2,a5,1024
  100130:	1007f793          	andi	a5,a5,256
  100134:	00061663          	bne	a2,zero,100140 <nic_send_now+0x34>
  100138:	00078863          	beq	a5,zero,100148 <nic_send_now+0x3c>
  10013c:	fe0712e3          	bne	a4,zero,100120 <nic_send_now+0x14>
  100140:	fff00513          	addi	a0,zero,-1
  100144:	00008067          	jalr	zero,0(ra)
  100148:	00082703          	lw	a4,0(a6)
  10014c:	000026b7          	lui	a3,0x2
  100150:	00d77733          	and	a4,a4,a3
  100154:	fe0706e3          	beq	a4,zero,100140 <nic_send_now+0x34>
  100158:	00178693          	addi	a3,a5,1
  10015c:	00054703          	lbu	a4,0(a0)
  100160:	ffc7f893          	andi	a7,a5,-4
  100164:	00278813          	addi	a6,a5,2
  100168:	00378613          	addi	a2,a5,3
  10016c:	00b6f863          	bgeu	a3,a1,10017c <nic_send_now+0x70>
  100170:	00154683          	lbu	a3,1(a0)
  100174:	00869693          	slli	a3,a3,0x8
  100178:	00d76733          	or	a4,a4,a3
  10017c:	00b87863          	bgeu	a6,a1,10018c <nic_send_now+0x80>
  100180:	00254683          	lbu	a3,2(a0)
  100184:	01069693          	slli	a3,a3,0x10
  100188:	00d76733          	or	a4,a4,a3
  10018c:	06b67263          	bgeu	a2,a1,1001f0 <nic_send_now+0xe4>
  100190:	00354683          	lbu	a3,3(a0)
  100194:	00478793          	addi	a5,a5,4
  100198:	00450513          	addi	a0,a0,4
  10019c:	01869693          	slli	a3,a3,0x18
  1001a0:	00e6e733          	or	a4,a3,a4
  1001a4:	50e8a023          	sw	a4,1280(a7)
  1001a8:	fab7e8e3          	bltu	a5,a1,100158 <nic_send_now+0x4c>
  1001ac:	ffff07b7          	lui	a5,0xffff0
  1001b0:	50000713          	addi	a4,zero,1280
  1001b4:	06e7a023          	sw	a4,96(a5) # ffff0060 <__bss_end+0xffece058>
  1001b8:	06b7a223          	sw	a1,100(a5)
  1001bc:	00100713          	addi	a4,zero,1
  1001c0:	04e7ae23          	sw	a4,92(a5)
  1001c4:	00001737          	lui	a4,0x1
  1001c8:	38870713          	addi	a4,a4,904 # 1388 <_start-0xfec78>
  1001cc:	00000593          	addi	a1,zero,0
  1001d0:	ffff0637          	lui	a2,0xffff0
  1001d4:	04862783          	lw	a5,72(a2) # ffff0048 <__bss_end+0xffece040>
  1001d8:	4007f693          	andi	a3,a5,1024
  1001dc:	02068663          	beq	a3,zero,100208 <nic_send_now+0xfc>
  1001e0:	ffff07b7          	lui	a5,0xffff0
  1001e4:	00400713          	addi	a4,zero,4
  1001e8:	04e7ae23          	sw	a4,92(a5) # ffff005c <__bss_end+0xffece054>
  1001ec:	f55ff06f          	jal	zero,100140 <nic_send_now+0x34>
  1001f0:	ffc7f693          	andi	a3,a5,-4
  1001f4:	50e6a023          	sw	a4,1280(a3) # 2500 <_start-0xfdb00>
  1001f8:	00478793          	addi	a5,a5,4
  1001fc:	00450513          	addi	a0,a0,4
  100200:	f4b7ece3          	bltu	a5,a1,100158 <nic_send_now+0x4c>
  100204:	fa9ff06f          	jal	zero,1001ac <nic_send_now+0xa0>
  100208:	1007f693          	andi	a3,a5,256
  10020c:	2007f793          	andi	a5,a5,512
  100210:	02068263          	beq	a3,zero,100234 <nic_send_now+0x128>
  100214:	02078a63          	beq	a5,zero,100248 <nic_send_now+0x13c>
  100218:	001077b7          	lui	a5,0x107
  10021c:	00078793          	addi	a5,a5,0 # 107000 <g_ctx>
  100220:	7807a703          	lw	a4,1920(a5)
  100224:	00000513          	addi	a0,zero,0
  100228:	00170713          	addi	a4,a4,1
  10022c:	78e7a023          	sw	a4,1920(a5)
  100230:	00008067          	jalr	zero,0(ra)
  100234:	00078463          	beq	a5,zero,10023c <nic_send_now+0x130>
  100238:	fe0590e3          	bne	a1,zero,100218 <nic_send_now+0x10c>
  10023c:	fff70713          	addi	a4,a4,-1
  100240:	f8071ae3          	bne	a4,zero,1001d4 <nic_send_now+0xc8>
  100244:	f9dff06f          	jal	zero,1001e0 <nic_send_now+0xd4>
  100248:	fff70713          	addi	a4,a4,-1
  10024c:	00100593          	addi	a1,zero,1
  100250:	f80712e3          	bne	a4,zero,1001d4 <nic_send_now+0xc8>
  100254:	f8dff06f          	jal	zero,1001e0 <nic_send_now+0xd4>

00100258 <php_emit_escaped_string.constprop.0>:
  100258:	00062703          	lw	a4,0(a2)
  10025c:	0ad77a63          	bgeu	a4,a3,100310 <php_emit_escaped_string.constprop.0+0xb8>
  100260:	00074883          	lbu	a7,0(a4)
  100264:	02700793          	addi	a5,zero,39
  100268:	00f88663          	beq	a7,a5,100274 <php_emit_escaped_string.constprop.0+0x1c>
  10026c:	02200793          	addi	a5,zero,34
  100270:	0af89063          	bne	a7,a5,100310 <php_emit_escaped_string.constprop.0+0xb8>
  100274:	00170713          	addi	a4,a4,1
  100278:	08d77c63          	bgeu	a4,a3,100310 <php_emit_escaped_string.constprop.0+0xb8>
  10027c:	05c00e13          	addi	t3,zero,92
  100280:	06e00f13          	addi	t5,zero,110
  100284:	07200f93          	addi	t6,zero,114
  100288:	07400293          	addi	t0,zero,116
  10028c:	00001eb7          	lui	t4,0x1
  100290:	02c0006f          	jal	zero,1002bc <php_emit_escaped_string.constprop.0+0x64>
  100294:	00078713          	addi	a4,a5,0
  100298:	0005a783          	lw	a5,0(a1)
  10029c:	00178313          	addi	t1,a5,1
  1002a0:	066ee863          	bltu	t4,t1,100310 <php_emit_escaped_string.constprop.0+0xb8>
  1002a4:	00f507b3          	add	a5,a0,a5
  1002a8:	01078023          	sb	a6,0(a5)
  1002ac:	0005a783          	lw	a5,0(a1)
  1002b0:	00178793          	addi	a5,a5,1
  1002b4:	00f5a023          	sw	a5,0(a1)
  1002b8:	04d77c63          	bgeu	a4,a3,100310 <php_emit_escaped_string.constprop.0+0xb8>
  1002bc:	00074803          	lbu	a6,0(a4)
  1002c0:	07088463          	beq	a7,a6,100328 <php_emit_escaped_string.constprop.0+0xd0>
  1002c4:	00170793          	addi	a5,a4,1
  1002c8:	fdc816e3          	bne	a6,t3,100294 <php_emit_escaped_string.constprop.0+0x3c>
  1002cc:	02d7f063          	bgeu	a5,a3,1002ec <php_emit_escaped_string.constprop.0+0x94>
  1002d0:	00174803          	lbu	a6,1(a4)
  1002d4:	00270713          	addi	a4,a4,2
  1002d8:	05e80063          	beq	a6,t5,100318 <php_emit_escaped_string.constprop.0+0xc0>
  1002dc:	05f80263          	beq	a6,t6,100320 <php_emit_escaped_string.constprop.0+0xc8>
  1002e0:	fa581ce3          	bne	a6,t0,100298 <php_emit_escaped_string.constprop.0+0x40>
  1002e4:	00900813          	addi	a6,zero,9
  1002e8:	fb1ff06f          	jal	zero,100298 <php_emit_escaped_string.constprop.0+0x40>
  1002ec:	0005a783          	lw	a5,0(a1)
  1002f0:	00001737          	lui	a4,0x1
  1002f4:	00178693          	addi	a3,a5,1
  1002f8:	00d76c63          	bltu	a4,a3,100310 <php_emit_escaped_string.constprop.0+0xb8>
  1002fc:	00f50533          	add	a0,a0,a5
  100300:	01c50023          	sb	t3,0(a0)
  100304:	0005a783          	lw	a5,0(a1)
  100308:	00178793          	addi	a5,a5,1
  10030c:	00f5a023          	sw	a5,0(a1)
  100310:	00000513          	addi	a0,zero,0
  100314:	00008067          	jalr	zero,0(ra)
  100318:	00a00813          	addi	a6,zero,10
  10031c:	f7dff06f          	jal	zero,100298 <php_emit_escaped_string.constprop.0+0x40>
  100320:	00d00813          	addi	a6,zero,13
  100324:	f75ff06f          	jal	zero,100298 <php_emit_escaped_string.constprop.0+0x40>
  100328:	fed774e3          	bgeu	a4,a3,100310 <php_emit_escaped_string.constprop.0+0xb8>
  10032c:	00170713          	addi	a4,a4,1 # 1001 <_start-0xfefff>
  100330:	00e62023          	sw	a4,0(a2)
  100334:	00100513          	addi	a0,zero,1
  100338:	00008067          	jalr	zero,0(ra)

0010033c <php_eval_static_expr.constprop.0>:
  10033c:	24d67c63          	bgeu	a2,a3,100594 <php_eval_static_expr.constprop.0+0x258>
  100340:	fd010113          	addi	sp,sp,-48
  100344:	03212023          	sw	s2,32(sp)
  100348:	00800937          	lui	s2,0x800
  10034c:	02812423          	sw	s0,40(sp)
  100350:	02912223          	sw	s1,36(sp)
  100354:	01312e23          	sw	s3,28(sp)
  100358:	01412c23          	sw	s4,24(sp)
  10035c:	01512a23          	sw	s5,20(sp)
  100360:	00050a13          	addi	s4,a0,0
  100364:	02112623          	sw	ra,44(sp)
  100368:	00068413          	addi	s0,a3,0
  10036c:	00058a93          	addi	s5,a1,0
  100370:	00000513          	addi	a0,zero,0
  100374:	01700493          	addi	s1,zero,23
  100378:	01390913          	addi	s2,s2,19 # 800013 <__bss_end+0x6de00b>
  10037c:	00900993          	addi	s3,zero,9
  100380:	0180006f          	jal	zero,100398 <php_eval_static_expr.constprop.0+0x5c>
  100384:	00f957b3          	srl	a5,s2,a5
  100388:	0017f793          	andi	a5,a5,1
  10038c:	1c078c63          	beq	a5,zero,100564 <php_eval_static_expr.constprop.0+0x228>
  100390:	00160613          	addi	a2,a2,1
  100394:	18867263          	bgeu	a2,s0,100518 <php_eval_static_expr.constprop.0+0x1dc>
  100398:	00064703          	lbu	a4,0(a2)
  10039c:	ff770793          	addi	a5,a4,-9
  1003a0:	0ff7f793          	andi	a5,a5,255
  1003a4:	fef4f0e3          	bgeu	s1,a5,100384 <php_eval_static_expr.constprop.0+0x48>
  1003a8:	16867863          	bgeu	a2,s0,100518 <php_eval_static_expr.constprop.0+0x1dc>
  1003ac:	03b00793          	addi	a5,zero,59
  1003b0:	16f70463          	beq	a4,a5,100518 <php_eval_static_expr.constprop.0+0x1dc>
  1003b4:	00c12623          	sw	a2,12(sp)
  1003b8:	00064783          	lbu	a5,0(a2)
  1003bc:	02700713          	addi	a4,zero,39
  1003c0:	18e78263          	beq	a5,a4,100544 <php_eval_static_expr.constprop.0+0x208>
  1003c4:	02200713          	addi	a4,zero,34
  1003c8:	16e78e63          	beq	a5,a4,100544 <php_eval_static_expr.constprop.0+0x208>
  1003cc:	fd078793          	addi	a5,a5,-48
  1003d0:	0ff7f793          	andi	a5,a5,255
  1003d4:	16f9e463          	bltu	s3,a5,10053c <php_eval_static_expr.constprop.0+0x200>
  1003d8:	00160593          	addi	a1,a2,1
  1003dc:	00058713          	addi	a4,a1,0
  1003e0:	00e12623          	sw	a4,12(sp)
  1003e4:	00070693          	addi	a3,a4,0
  1003e8:	00e40c63          	beq	s0,a4,100400 <php_eval_static_expr.constprop.0+0xc4>
  1003ec:	00074783          	lbu	a5,0(a4)
  1003f0:	00170713          	addi	a4,a4,1
  1003f4:	fd078793          	addi	a5,a5,-48
  1003f8:	0ff7f793          	andi	a5,a5,255
  1003fc:	fef9f2e3          	bgeu	s3,a5,1003e0 <php_eval_static_expr.constprop.0+0xa4>
  100400:	000aa703          	lw	a4,0(s5)
  100404:	40c68533          	sub	a0,a3,a2
  100408:	00001837          	lui	a6,0x1
  10040c:	00e507b3          	add	a5,a0,a4
  100410:	12f86663          	bltu	a6,a5,10053c <php_eval_static_expr.constprop.0+0x200>
  100414:	0a050463          	beq	a0,zero,1004bc <php_eval_static_expr.constprop.0+0x180>
  100418:	00ea0733          	add	a4,s4,a4
  10041c:	40b707b3          	sub	a5,a4,a1
  100420:	00e66833          	or	a6,a2,a4
  100424:	00387593          	andi	a1,a6,3
  100428:	0037b793          	sltiu	a5,a5,3
  10042c:	0015b593          	sltiu	a1,a1,1
  100430:	0017c793          	xori	a5,a5,1
  100434:	00f5f7b3          	and	a5,a1,a5
  100438:	14078063          	beq	a5,zero,100578 <php_eval_static_expr.constprop.0+0x23c>
  10043c:	fff50793          	addi	a5,a0,-1
  100440:	0097b793          	sltiu	a5,a5,9
  100444:	12079a63          	bne	a5,zero,100578 <php_eval_static_expr.constprop.0+0x23c>
  100448:	ffc57893          	andi	a7,a0,-4
  10044c:	00070793          	addi	a5,a4,0
  100450:	00060593          	addi	a1,a2,0
  100454:	011708b3          	add	a7,a4,a7
  100458:	0005a803          	lw	a6,0(a1)
  10045c:	00478793          	addi	a5,a5,4
  100460:	00458593          	addi	a1,a1,4
  100464:	ff07ae23          	sw	a6,-4(a5)
  100468:	ff1798e3          	bne	a5,a7,100458 <php_eval_static_expr.constprop.0+0x11c>
  10046c:	ffc57793          	andi	a5,a0,-4
  100470:	04f50263          	beq	a0,a5,1004b4 <php_eval_static_expr.constprop.0+0x178>
  100474:	00f605b3          	add	a1,a2,a5
  100478:	0005c883          	lbu	a7,0(a1)
  10047c:	00f70833          	add	a6,a4,a5
  100480:	00178593          	addi	a1,a5,1
  100484:	01180023          	sb	a7,0(a6) # 1000 <_start-0xff000>
  100488:	02a5f663          	bgeu	a1,a0,1004b4 <php_eval_static_expr.constprop.0+0x178>
  10048c:	00b60833          	add	a6,a2,a1
  100490:	00084803          	lbu	a6,0(a6)
  100494:	00b705b3          	add	a1,a4,a1
  100498:	00278793          	addi	a5,a5,2
  10049c:	01058023          	sb	a6,0(a1)
  1004a0:	00a7fa63          	bgeu	a5,a0,1004b4 <php_eval_static_expr.constprop.0+0x178>
  1004a4:	00f60633          	add	a2,a2,a5
  1004a8:	00064603          	lbu	a2,0(a2)
  1004ac:	00f707b3          	add	a5,a4,a5
  1004b0:	00c78023          	sb	a2,0(a5)
  1004b4:	000aa783          	lw	a5,0(s5)
  1004b8:	00f507b3          	add	a5,a0,a5
  1004bc:	00faa023          	sw	a5,0(s5)
  1004c0:	00068613          	addi	a2,a3,0
  1004c4:	00866a63          	bltu	a2,s0,1004d8 <php_eval_static_expr.constprop.0+0x19c>
  1004c8:	04c0006f          	jal	zero,100514 <php_eval_static_expr.constprop.0+0x1d8>
  1004cc:	0a070063          	beq	a4,zero,10056c <php_eval_static_expr.constprop.0+0x230>
  1004d0:	00160613          	addi	a2,a2,1
  1004d4:	04c40063          	beq	s0,a2,100514 <php_eval_static_expr.constprop.0+0x1d8>
  1004d8:	00064683          	lbu	a3,0(a2)
  1004dc:	ff768793          	addi	a5,a3,-9
  1004e0:	0ff7f793          	andi	a5,a5,255
  1004e4:	00f95733          	srl	a4,s2,a5
  1004e8:	00177713          	andi	a4,a4,1
  1004ec:	fef4f0e3          	bgeu	s1,a5,1004cc <php_eval_static_expr.constprop.0+0x190>
  1004f0:	02867263          	bgeu	a2,s0,100514 <php_eval_static_expr.constprop.0+0x1d8>
  1004f4:	02e00793          	addi	a5,zero,46
  1004f8:	00f68a63          	beq	a3,a5,10050c <php_eval_static_expr.constprop.0+0x1d0>
  1004fc:	03b00793          	addi	a5,zero,59
  100500:	02f69e63          	bne	a3,a5,10053c <php_eval_static_expr.constprop.0+0x200>
  100504:	00100513          	addi	a0,zero,1
  100508:	e91ff06f          	jal	zero,100398 <php_eval_static_expr.constprop.0+0x5c>
  10050c:	00160613          	addi	a2,a2,1
  100510:	fe866ae3          	bltu	a2,s0,100504 <php_eval_static_expr.constprop.0+0x1c8>
  100514:	00100513          	addi	a0,zero,1
  100518:	02c12083          	lw	ra,44(sp)
  10051c:	02812403          	lw	s0,40(sp)
  100520:	02412483          	lw	s1,36(sp)
  100524:	02012903          	lw	s2,32(sp)
  100528:	01c12983          	lw	s3,28(sp)
  10052c:	01812a03          	lw	s4,24(sp)
  100530:	01412a83          	lw	s5,20(sp)
  100534:	03010113          	addi	sp,sp,48
  100538:	00008067          	jalr	zero,0(ra)
  10053c:	00000513          	addi	a0,zero,0
  100540:	fd9ff06f          	jal	zero,100518 <php_eval_static_expr.constprop.0+0x1dc>
  100544:	00040693          	addi	a3,s0,0
  100548:	00c10613          	addi	a2,sp,12
  10054c:	000a8593          	addi	a1,s5,0
  100550:	000a0513          	addi	a0,s4,0
  100554:	d05ff0ef          	jal	ra,100258 <php_emit_escaped_string.constprop.0>
  100558:	fe0502e3          	beq	a0,zero,10053c <php_eval_static_expr.constprop.0+0x200>
  10055c:	00c12603          	lw	a2,12(sp)
  100560:	f65ff06f          	jal	zero,1004c4 <php_eval_static_expr.constprop.0+0x188>
  100564:	e48668e3          	bltu	a2,s0,1003b4 <php_eval_static_expr.constprop.0+0x78>
  100568:	fb1ff06f          	jal	zero,100518 <php_eval_static_expr.constprop.0+0x1dc>
  10056c:	00863633          	sltu	a2,a2,s0
  100570:	00164513          	xori	a0,a2,1
  100574:	fa5ff06f          	jal	zero,100518 <php_eval_static_expr.constprop.0+0x1dc>
  100578:	00a605b3          	add	a1,a2,a0
  10057c:	00064783          	lbu	a5,0(a2)
  100580:	00160613          	addi	a2,a2,1
  100584:	00170713          	addi	a4,a4,1
  100588:	fef70fa3          	sb	a5,-1(a4)
  10058c:	fec598e3          	bne	a1,a2,10057c <php_eval_static_expr.constprop.0+0x240>
  100590:	f25ff06f          	jal	zero,1004b4 <php_eval_static_expr.constprop.0+0x178>
  100594:	00000513          	addi	a0,zero,0
  100598:	00008067          	jalr	zero,0(ra)

0010059c <push_path_segment.constprop.0>:
  10059c:	00050813          	addi	a6,a0,0
  1005a0:	0c068e63          	beq	a3,zero,10067c <push_path_segment.constprop.0+0xe0>
  1005a4:	00100713          	addi	a4,zero,1
  1005a8:	08e68e63          	beq	a3,a4,100644 <push_path_segment.constprop.0+0xa8>
  1005ac:	00200513          	addi	a0,zero,2
  1005b0:	0005a783          	lw	a5,0(a1)
  1005b4:	0ca68863          	beq	a3,a0,100684 <push_path_segment.constprop.0+0xe8>
  1005b8:	00100713          	addi	a4,zero,1
  1005bc:	0af77263          	bgeu	a4,a5,100660 <push_path_segment.constprop.0+0xc4>
  1005c0:	00268713          	addi	a4,a3,2
  1005c4:	00f70733          	add	a4,a4,a5
  1005c8:	05c00893          	addi	a7,zero,92
  1005cc:	00000513          	addi	a0,zero,0
  1005d0:	0ae8e463          	bltu	a7,a4,100678 <push_path_segment.constprop.0+0xdc>
  1005d4:	00178713          	addi	a4,a5,1
  1005d8:	00e5a023          	sw	a4,0(a1)
  1005dc:	00f807b3          	add	a5,a6,a5
  1005e0:	02f00713          	addi	a4,zero,47
  1005e4:	00e78023          	sb	a4,0(a5)
  1005e8:	0005a783          	lw	a5,0(a1)
  1005ec:	00178713          	addi	a4,a5,1
  1005f0:	00e5a023          	sw	a4,0(a1)
  1005f4:	00064503          	lbu	a0,0(a2)
  1005f8:	00f807b3          	add	a5,a6,a5
  1005fc:	00100713          	addi	a4,zero,1
  100600:	00a78023          	sb	a0,0(a5)
  100604:	02e68663          	beq	a3,a4,100630 <push_path_segment.constprop.0+0x94>
  100608:	00160713          	addi	a4,a2,1
  10060c:	00d60633          	add	a2,a2,a3
  100610:	0005a783          	lw	a5,0(a1)
  100614:	00170713          	addi	a4,a4,1
  100618:	00178693          	addi	a3,a5,1
  10061c:	00d5a023          	sw	a3,0(a1)
  100620:	fff74683          	lbu	a3,-1(a4)
  100624:	00f807b3          	add	a5,a6,a5
  100628:	00d78023          	sb	a3,0(a5)
  10062c:	fee612e3          	bne	a2,a4,100610 <push_path_segment.constprop.0+0x74>
  100630:	0005a783          	lw	a5,0(a1)
  100634:	00100513          	addi	a0,zero,1
  100638:	00f80833          	add	a6,a6,a5
  10063c:	00080023          	sb	zero,0(a6)
  100640:	00008067          	jalr	zero,0(ra)
  100644:	00064703          	lbu	a4,0(a2)
  100648:	02e00793          	addi	a5,zero,46
  10064c:	00100513          	addi	a0,zero,1
  100650:	02f70463          	beq	a4,a5,100678 <push_path_segment.constprop.0+0xdc>
  100654:	0005a783          	lw	a5,0(a1)
  100658:	00100713          	addi	a4,zero,1
  10065c:	f6f762e3          	bltu	a4,a5,1005c0 <push_path_segment.constprop.0+0x24>
  100660:	00168713          	addi	a4,a3,1
  100664:	00f70733          	add	a4,a4,a5
  100668:	05c00893          	addi	a7,zero,92
  10066c:	00000513          	addi	a0,zero,0
  100670:	f6e8fee3          	bgeu	a7,a4,1005ec <push_path_segment.constprop.0+0x50>
  100674:	00008067          	jalr	zero,0(ra)
  100678:	00008067          	jalr	zero,0(ra)
  10067c:	00100513          	addi	a0,zero,1
  100680:	00008067          	jalr	zero,0(ra)
  100684:	00064503          	lbu	a0,0(a2)
  100688:	02e00893          	addi	a7,zero,46
  10068c:	f31516e3          	bne	a0,a7,1005b8 <push_path_segment.constprop.0+0x1c>
  100690:	00164883          	lbu	a7,1(a2)
  100694:	f2a892e3          	bne	a7,a0,1005b8 <push_path_segment.constprop.0+0x1c>
  100698:	00000513          	addi	a0,zero,0
  10069c:	fcf77ee3          	bgeu	a4,a5,100678 <push_path_segment.constprop.0+0xdc>
  1006a0:	fff78793          	addi	a5,a5,-1
  1006a4:	00f80833          	add	a6,a6,a5
  1006a8:	02f00613          	addi	a2,zero,47
  1006ac:	0100006f          	jal	zero,1006bc <push_path_segment.constprop.0+0x120>
  1006b0:	00f5a023          	sw	a5,0(a1)
  1006b4:	fff78793          	addi	a5,a5,-1
  1006b8:	00078c63          	beq	a5,zero,1006d0 <push_path_segment.constprop.0+0x134>
  1006bc:	00084703          	lbu	a4,0(a6)
  1006c0:	00080693          	addi	a3,a6,0
  1006c4:	fff80813          	addi	a6,a6,-1
  1006c8:	fec714e3          	bne	a4,a2,1006b0 <push_path_segment.constprop.0+0x114>
  1006cc:	00f5a023          	sw	a5,0(a1)
  1006d0:	00068023          	sb	zero,0(a3)
  1006d4:	00100513          	addi	a0,zero,1
  1006d8:	00008067          	jalr	zero,0(ra)

001006dc <tcp_peer_lookup.constprop.0>:
  1006dc:	00054303          	lbu	t1,0(a0)
  1006e0:	00154e03          	lbu	t3,1(a0)
  1006e4:	00254e83          	lbu	t4,2(a0)
  1006e8:	00354f03          	lbu	t5,3(a0)
  1006ec:	01831793          	slli	a5,t1,0x18
  1006f0:	010e1713          	slli	a4,t3,0x10
  1006f4:	00e7e733          	or	a4,a5,a4
  1006f8:	01e76733          	or	a4,a4,t5
  1006fc:	008e9693          	slli	a3,t4,0x8
  100700:	0065d793          	srli	a5,a1,0x6
  100704:	00d76733          	or	a4,a4,a3
  100708:	00f5c7b3          	xor	a5,a1,a5
  10070c:	00f74733          	xor	a4,a4,a5
  100710:	00107537          	lui	a0,0x107
  100714:	04070813          	addi	a6,a4,64
  100718:	00050513          	addi	a0,a0,0 # 107000 <g_ctx>
  10071c:	03f77693          	andi	a3,a4,63
  100720:	00369793          	slli	a5,a3,0x3
  100724:	40d787b3          	sub	a5,a5,a3
  100728:	00279793          	slli	a5,a5,0x2
  10072c:	00f506b3          	add	a3,a0,a5
  100730:	0816c603          	lbu	a2,129(a3)
  100734:	00170713          	addi	a4,a4,1
  100738:	00060663          	beq	a2,zero,100744 <tcp_peer_lookup.constprop.0+0x68>
  10073c:	0726d603          	lhu	a2,114(a3)
  100740:	00b60863          	beq	a2,a1,100750 <tcp_peer_lookup.constprop.0+0x74>
  100744:	fce81ce3          	bne	a6,a4,10071c <tcp_peer_lookup.constprop.0+0x40>
  100748:	00000513          	addi	a0,zero,0
  10074c:	00008067          	jalr	zero,0(ra)
  100750:	06e78613          	addi	a2,a5,110
  100754:	00c50633          	add	a2,a0,a2
  100758:	00064883          	lbu	a7,0(a2)
  10075c:	fe6894e3          	bne	a7,t1,100744 <tcp_peer_lookup.constprop.0+0x68>
  100760:	00164883          	lbu	a7,1(a2)
  100764:	ffc890e3          	bne	a7,t3,100744 <tcp_peer_lookup.constprop.0+0x68>
  100768:	00264883          	lbu	a7,2(a2)
  10076c:	fdd89ce3          	bne	a7,t4,100744 <tcp_peer_lookup.constprop.0+0x68>
  100770:	00364603          	lbu	a2,3(a2)
  100774:	fde618e3          	bne	a2,t5,100744 <tcp_peer_lookup.constprop.0+0x68>
  100778:	77852703          	lw	a4,1912(a0)
  10077c:	06878793          	addi	a5,a5,104
  100780:	00f50533          	add	a0,a0,a5
  100784:	06e6ae23          	sw	a4,124(a3)
  100788:	00008067          	jalr	zero,0(ra)

0010078c <write_dhcp_base.constprop.0>:
  10078c:	40a007b3          	sub	a5,zero,a0
  100790:	0037f793          	andi	a5,a5,3
  100794:	1a078a63          	beq	a5,zero,100948 <write_dhcp_base.constprop.0+0x1bc>
  100798:	00050023          	sb	zero,0(a0)
  10079c:	00100713          	addi	a4,zero,1
  1007a0:	18e78e63          	beq	a5,a4,10093c <write_dhcp_base.constprop.0+0x1b0>
  1007a4:	000500a3          	sb	zero,1(a0)
  1007a8:	00300713          	addi	a4,zero,3
  1007ac:	1ae79463          	bne	a5,a4,100954 <write_dhcp_base.constprop.0+0x1c8>
  1007b0:	00050123          	sb	zero,2(a0)
  1007b4:	00300693          	addi	a3,zero,3
  1007b8:	13d00813          	addi	a6,zero,317
  1007bc:	14000613          	addi	a2,zero,320
  1007c0:	40f60633          	sub	a2,a2,a5
  1007c4:	ffc67713          	andi	a4,a2,-4
  1007c8:	00f507b3          	add	a5,a0,a5
  1007cc:	00f70733          	add	a4,a4,a5
  1007d0:	0007a023          	sw	zero,0(a5)
  1007d4:	00478793          	addi	a5,a5,4
  1007d8:	fee79ce3          	bne	a5,a4,1007d0 <write_dhcp_base.constprop.0+0x44>
  1007dc:	ffc67893          	andi	a7,a2,-4
  1007e0:	011687b3          	add	a5,a3,a7
  1007e4:	41180733          	sub	a4,a6,a7
  1007e8:	03160a63          	beq	a2,a7,10081c <write_dhcp_base.constprop.0+0x90>
  1007ec:	00f506b3          	add	a3,a0,a5
  1007f0:	00068023          	sb	zero,0(a3)
  1007f4:	fff70693          	addi	a3,a4,-1
  1007f8:	00178613          	addi	a2,a5,1
  1007fc:	02068063          	beq	a3,zero,10081c <write_dhcp_base.constprop.0+0x90>
  100800:	00c50633          	add	a2,a0,a2
  100804:	00060023          	sb	zero,0(a2)
  100808:	00200693          	addi	a3,zero,2
  10080c:	00278793          	addi	a5,a5,2
  100810:	00d70663          	beq	a4,a3,10081c <write_dhcp_base.constprop.0+0x90>
  100814:	00f507b3          	add	a5,a0,a5
  100818:	00078023          	sb	zero,0(a5)
  10081c:	00100793          	addi	a5,zero,1
  100820:	00f50023          	sb	a5,0(a0)
  100824:	00f500a3          	sb	a5,1(a0)
  100828:	00600793          	addi	a5,zero,6
  10082c:	00f50123          	sb	a5,2(a0)
  100830:	001077b7          	lui	a5,0x107
  100834:	00078793          	addi	a5,a5,0 # 107000 <g_ctx>
  100838:	05c7a703          	lw	a4,92(a5)
  10083c:	f8000693          	addi	a3,zero,-128
  100840:	00d50523          	sb	a3,10(a0)
  100844:	01875813          	srli	a6,a4,0x18
  100848:	00875693          	srli	a3,a4,0x8
  10084c:	01075613          	srli	a2,a4,0x10
  100850:	00d50323          	sb	a3,6(a0)
  100854:	00e503a3          	sb	a4,7(a0)
  100858:	01050223          	sb	a6,4(a0)
  10085c:	00c502a3          	sb	a2,5(a0)
  100860:	000505a3          	sb	zero,11(a0)
  100864:	00357713          	andi	a4,a0,3
  100868:	01c50693          	addi	a3,a0,28
  10086c:	12071663          	bne	a4,zero,100998 <write_dhcp_base.constprop.0+0x20c>
  100870:	00107737          	lui	a4,0x107
  100874:	04170713          	addi	a4,a4,65 # 107041 <g_ctx+0x41>
  100878:	40e686b3          	sub	a3,a3,a4
  10087c:	0036b693          	sltiu	a3,a3,3
  100880:	12069063          	bne	a3,zero,1009a0 <write_dhcp_base.constprop.0+0x214>
  100884:	0407a683          	lw	a3,64(a5)
  100888:	00d52e23          	sw	a3,28(a0)
  10088c:	0447c683          	lbu	a3,68(a5)
  100890:	02d50023          	sb	a3,32(a0)
  100894:	0457c683          	lbu	a3,69(a5)
  100898:	02d500a3          	sb	a3,33(a0)
  10089c:	0eb50923          	sb	a1,242(a0)
  1008a0:	03700593          	addi	a1,zero,55
  1008a4:	0eb509a3          	sb	a1,243(a0)
  1008a8:	00400593          	addi	a1,zero,4
  1008ac:	0eb50a23          	sb	a1,244(a0)
  1008b0:	00300593          	addi	a1,zero,3
  1008b4:	0eb50b23          	sb	a1,246(a0)
  1008b8:	00600593          	addi	a1,zero,6
  1008bc:	0eb50ba3          	sb	a1,247(a0)
  1008c0:	00f00593          	addi	a1,zero,15
  1008c4:	06300813          	addi	a6,zero,99
  1008c8:	f8200893          	addi	a7,zero,-126
  1008cc:	0fc50693          	addi	a3,a0,252
  1008d0:	0eb50c23          	sb	a1,248(a0)
  1008d4:	03d00593          	addi	a1,zero,61
  1008d8:	00100613          	addi	a2,zero,1
  1008dc:	40e68733          	sub	a4,a3,a4
  1008e0:	0f050623          	sb	a6,236(a0)
  1008e4:	0f1506a3          	sb	a7,237(a0)
  1008e8:	0f0507a3          	sb	a6,239(a0)
  1008ec:	05300893          	addi	a7,zero,83
  1008f0:	03500813          	addi	a6,zero,53
  1008f4:	0eb50ca3          	sb	a1,249(a0)
  1008f8:	00700593          	addi	a1,zero,7
  1008fc:	0f150723          	sb	a7,238(a0)
  100900:	0f050823          	sb	a6,240(a0)
  100904:	0ec508a3          	sb	a2,241(a0)
  100908:	0ec50aa3          	sb	a2,245(a0)
  10090c:	0eb50d23          	sb	a1,250(a0)
  100910:	0ec50da3          	sb	a2,251(a0)
  100914:	00373713          	sltiu	a4,a4,3
  100918:	04071463          	bne	a4,zero,100960 <write_dhcp_base.constprop.0+0x1d4>
  10091c:	0036f693          	andi	a3,a3,3
  100920:	04069063          	bne	a3,zero,100960 <write_dhcp_base.constprop.0+0x1d4>
  100924:	0407a703          	lw	a4,64(a5)
  100928:	0447d783          	lhu	a5,68(a5)
  10092c:	0ee52e23          	sw	a4,252(a0)
  100930:	10f51023          	sh	a5,256(a0)
  100934:	10200513          	addi	a0,zero,258
  100938:	00008067          	jalr	zero,0(ra)
  10093c:	00100693          	addi	a3,zero,1
  100940:	13f00813          	addi	a6,zero,319
  100944:	e79ff06f          	jal	zero,1007bc <write_dhcp_base.constprop.0+0x30>
  100948:	00000693          	addi	a3,zero,0
  10094c:	14000813          	addi	a6,zero,320
  100950:	e6dff06f          	jal	zero,1007bc <write_dhcp_base.constprop.0+0x30>
  100954:	13e00813          	addi	a6,zero,318
  100958:	00200693          	addi	a3,zero,2
  10095c:	e61ff06f          	jal	zero,1007bc <write_dhcp_base.constprop.0+0x30>
  100960:	0407c803          	lbu	a6,64(a5)
  100964:	0417c583          	lbu	a1,65(a5)
  100968:	0427c603          	lbu	a2,66(a5)
  10096c:	0437c683          	lbu	a3,67(a5)
  100970:	0447c703          	lbu	a4,68(a5)
  100974:	0457c783          	lbu	a5,69(a5)
  100978:	0f050e23          	sb	a6,252(a0)
  10097c:	0eb50ea3          	sb	a1,253(a0)
  100980:	0ec50f23          	sb	a2,254(a0)
  100984:	0ed50fa3          	sb	a3,255(a0)
  100988:	10e50023          	sb	a4,256(a0)
  10098c:	10f500a3          	sb	a5,257(a0)
  100990:	10200513          	addi	a0,zero,258
  100994:	00008067          	jalr	zero,0(ra)
  100998:	00107737          	lui	a4,0x107
  10099c:	04170713          	addi	a4,a4,65 # 107041 <g_ctx+0x41>
  1009a0:	0407c683          	lbu	a3,64(a5)
  1009a4:	00d50e23          	sb	a3,28(a0)
  1009a8:	0417c683          	lbu	a3,65(a5)
  1009ac:	00d50ea3          	sb	a3,29(a0)
  1009b0:	0427c683          	lbu	a3,66(a5)
  1009b4:	00d50f23          	sb	a3,30(a0)
  1009b8:	0437c683          	lbu	a3,67(a5)
  1009bc:	00d50fa3          	sb	a3,31(a0)
  1009c0:	0447c683          	lbu	a3,68(a5)
  1009c4:	02d50023          	sb	a3,32(a0)
  1009c8:	0457c683          	lbu	a3,69(a5)
  1009cc:	02d500a3          	sb	a3,33(a0)
  1009d0:	ecdff06f          	jal	zero,10089c <write_dhcp_base.constprop.0+0x110>

001009d4 <build_ipv4>:
  1009d4:	00c50813          	addi	a6,a0,12
  1009d8:	00168893          	addi	a7,a3,1
  1009dc:	04000313          	addi	t1,zero,64
  1009e0:	0085de93          	srli	t4,a1,0x8
  1009e4:	0087de13          	srli	t3,a5,0x8
  1009e8:	411808b3          	sub	a7,a6,a7
  1009ec:	04500f13          	addi	t5,zero,69
  1009f0:	01e50023          	sb	t5,0(a0)
  1009f4:	000500a3          	sb	zero,1(a0)
  1009f8:	01d50123          	sb	t4,2(a0)
  1009fc:	00b501a3          	sb	a1,3(a0)
  100a00:	01c50223          	sb	t3,4(a0)
  100a04:	00f502a3          	sb	a5,5(a0)
  100a08:	00650323          	sb	t1,6(a0)
  100a0c:	000503a3          	sb	zero,7(a0)
  100a10:	00650423          	sb	t1,8(a0)
  100a14:	00c504a3          	sb	a2,9(a0)
  100a18:	00050523          	sb	zero,10(a0)
  100a1c:	000505a3          	sb	zero,11(a0)
  100a20:	0038b893          	sltiu	a7,a7,3
  100a24:	1c089263          	bne	a7,zero,100be8 <build_ipv4+0x214>
  100a28:	00d86833          	or	a6,a6,a3
  100a2c:	00387813          	andi	a6,a6,3
  100a30:	1a081c63          	bne	a6,zero,100be8 <build_ipv4+0x214>
  100a34:	0006a783          	lw	a5,0(a3)
  100a38:	00f52623          	sw	a5,12(a0)
  100a3c:	01050793          	addi	a5,a0,16
  100a40:	00170693          	addi	a3,a4,1
  100a44:	40d786b3          	sub	a3,a5,a3
  100a48:	0036b693          	sltiu	a3,a3,3
  100a4c:	16069c63          	bne	a3,zero,100bc4 <build_ipv4+0x1f0>
  100a50:	00f767b3          	or	a5,a4,a5
  100a54:	0037f793          	andi	a5,a5,3
  100a58:	16079663          	bne	a5,zero,100bc4 <build_ipv4+0x1f0>
  100a5c:	00072783          	lw	a5,0(a4)
  100a60:	00f52823          	sw	a5,16(a0)
  100a64:	00354683          	lbu	a3,3(a0)
  100a68:	00254603          	lbu	a2,2(a0)
  100a6c:	00554783          	lbu	a5,5(a0)
  100a70:	00454703          	lbu	a4,4(a0)
  100a74:	00869693          	slli	a3,a3,0x8
  100a78:	00c6e6b3          	or	a3,a3,a2
  100a7c:	00954883          	lbu	a7,9(a0)
  100a80:	00854303          	lbu	t1,8(a0)
  100a84:	00869e93          	slli	t4,a3,0x8
  100a88:	00879793          	slli	a5,a5,0x8
  100a8c:	0086d693          	srli	a3,a3,0x8
  100a90:	00e7e7b3          	or	a5,a5,a4
  100a94:	00deeeb3          	or	t4,t4,a3
  100a98:	00d54803          	lbu	a6,13(a0)
  100a9c:	00004e37          	lui	t3,0x4
  100aa0:	00879713          	slli	a4,a5,0x8
  100aa4:	00c54283          	lbu	t0,12(a0)
  100aa8:	0087d793          	srli	a5,a5,0x8
  100aac:	00f54583          	lbu	a1,15(a0)
  100ab0:	00889893          	slli	a7,a7,0x8
  100ab4:	010e9e93          	slli	t4,t4,0x10
  100ab8:	0068e8b3          	or	a7,a7,t1
  100abc:	00f76733          	or	a4,a4,a5
  100ac0:	500e0313          	addi	t1,t3,1280 # 4500 <_start-0xfbb00>
  100ac4:	00e54f83          	lbu	t6,14(a0)
  100ac8:	01154603          	lbu	a2,17(a0)
  100acc:	010ede93          	srli	t4,t4,0x10
  100ad0:	006e8eb3          	add	t4,t4,t1
  100ad4:	01054f03          	lbu	t5,16(a0)
  100ad8:	00889313          	slli	t1,a7,0x8
  100adc:	01354683          	lbu	a3,19(a0)
  100ae0:	00881813          	slli	a6,a6,0x8
  100ae4:	01071713          	slli	a4,a4,0x10
  100ae8:	0088d893          	srli	a7,a7,0x8
  100aec:	01254783          	lbu	a5,18(a0)
  100af0:	00586833          	or	a6,a6,t0
  100af4:	011368b3          	or	a7,t1,a7
  100af8:	01075713          	srli	a4,a4,0x10
  100afc:	00859593          	slli	a1,a1,0x8
  100b00:	00881313          	slli	t1,a6,0x8
  100b04:	01f5e5b3          	or	a1,a1,t6
  100b08:	01d70733          	add	a4,a4,t4
  100b0c:	00885813          	srli	a6,a6,0x8
  100b10:	00861613          	slli	a2,a2,0x8
  100b14:	01089893          	slli	a7,a7,0x10
  100b18:	01e66633          	or	a2,a2,t5
  100b1c:	01c70733          	add	a4,a4,t3
  100b20:	01036833          	or	a6,t1,a6
  100b24:	0108d893          	srli	a7,a7,0x10
  100b28:	00859313          	slli	t1,a1,0x8
  100b2c:	00869693          	slli	a3,a3,0x8
  100b30:	0085d593          	srli	a1,a1,0x8
  100b34:	00f6e6b3          	or	a3,a3,a5
  100b38:	00e888b3          	add	a7,a7,a4
  100b3c:	00861793          	slli	a5,a2,0x8
  100b40:	01081713          	slli	a4,a6,0x10
  100b44:	00b365b3          	or	a1,t1,a1
  100b48:	00865613          	srli	a2,a2,0x8
  100b4c:	00c7e633          	or	a2,a5,a2
  100b50:	01075713          	srli	a4,a4,0x10
  100b54:	00869793          	slli	a5,a3,0x8
  100b58:	01059593          	slli	a1,a1,0x10
  100b5c:	0086d693          	srli	a3,a3,0x8
  100b60:	01170733          	add	a4,a4,a7
  100b64:	0105d593          	srli	a1,a1,0x10
  100b68:	01061613          	slli	a2,a2,0x10
  100b6c:	00d7e7b3          	or	a5,a5,a3
  100b70:	00e585b3          	add	a1,a1,a4
  100b74:	01065613          	srli	a2,a2,0x10
  100b78:	01079793          	slli	a5,a5,0x10
  100b7c:	00b60633          	add	a2,a2,a1
  100b80:	0107d793          	srli	a5,a5,0x10
  100b84:	00c787b3          	add	a5,a5,a2
  100b88:	0107d713          	srli	a4,a5,0x10
  100b8c:	00070e63          	beq	a4,zero,100ba8 <build_ipv4+0x1d4>
  100b90:	000106b7          	lui	a3,0x10
  100b94:	fff68693          	addi	a3,a3,-1 # ffff <_start-0xf0001>
  100b98:	00d7f7b3          	and	a5,a5,a3
  100b9c:	00f707b3          	add	a5,a4,a5
  100ba0:	0107d713          	srli	a4,a5,0x10
  100ba4:	fe071ae3          	bne	a4,zero,100b98 <build_ipv4+0x1c4>
  100ba8:	fff7c793          	xori	a5,a5,-1
  100bac:	01079793          	slli	a5,a5,0x10
  100bb0:	0107d793          	srli	a5,a5,0x10
  100bb4:	0087d713          	srli	a4,a5,0x8
  100bb8:	00e50523          	sb	a4,10(a0)
  100bbc:	00f505a3          	sb	a5,11(a0)
  100bc0:	00008067          	jalr	zero,0(ra)
  100bc4:	00074783          	lbu	a5,0(a4)
  100bc8:	00f50823          	sb	a5,16(a0)
  100bcc:	00174783          	lbu	a5,1(a4)
  100bd0:	00f508a3          	sb	a5,17(a0)
  100bd4:	00274783          	lbu	a5,2(a4)
  100bd8:	00f50923          	sb	a5,18(a0)
  100bdc:	00374783          	lbu	a5,3(a4)
  100be0:	00f509a3          	sb	a5,19(a0)
  100be4:	e81ff06f          	jal	zero,100a64 <build_ipv4+0x90>
  100be8:	0006c783          	lbu	a5,0(a3)
  100bec:	00f50623          	sb	a5,12(a0)
  100bf0:	0016c783          	lbu	a5,1(a3)
  100bf4:	00f506a3          	sb	a5,13(a0)
  100bf8:	0026c783          	lbu	a5,2(a3)
  100bfc:	00f50723          	sb	a5,14(a0)
  100c00:	0036c783          	lbu	a5,3(a3)
  100c04:	00f507a3          	sb	a5,15(a0)
  100c08:	e35ff06f          	jal	zero,100a3c <build_ipv4+0x68>

00100c0c <build_tcp_packet.part.0>:
  100c0c:	fd010113          	addi	sp,sp,-48
  100c10:	02812423          	sw	s0,40(sp)
  100c14:	02912223          	sw	s1,36(sp)
  100c18:	03212023          	sw	s2,32(sp)
  100c1c:	01312e23          	sw	s3,28(sp)
  100c20:	01412c23          	sw	s4,24(sp)
  100c24:	01512a23          	sw	s5,20(sp)
  100c28:	01612823          	sw	s6,16(sp)
  100c2c:	01712623          	sw	s7,12(sp)
  100c30:	02112623          	sw	ra,44(sp)
  100c34:	00054e03          	lbu	t3,0(a0)
  100c38:	00107337          	lui	t1,0x107
  100c3c:	00030313          	addi	t1,t1,0 # 107000 <g_ctx>
  100c40:	00019437          	lui	s0,0x19
  100c44:	00640433          	add	s0,s0,t1
  100c48:	a1c40d23          	sb	t3,-1510(s0) # 18a1a <_start-0xe75e6>
  100c4c:	00154e03          	lbu	t3,1(a0)
  100c50:	00088a13          	addi	s4,a7,0
  100c54:	04032e83          	lw	t4,64(t1)
  100c58:	a1c40da3          	sb	t3,-1509(s0)
  100c5c:	00254f03          	lbu	t5,2(a0)
  100c60:	04435e03          	lhu	t3,68(t1)
  100c64:	00078b13          	addi	s6,a5,0
  100c68:	a1e40e23          	sb	t5,-1508(s0)
  100c6c:	00354f03          	lbu	t5,3(a0)
  100c70:	77835783          	lhu	a5,1912(t1)
  100c74:	00068993          	addi	s3,a3,0
  100c78:	a1e40ea3          	sb	t5,-1507(s0)
  100c7c:	00454883          	lbu	a7,4(a0)
  100c80:	00070913          	addi	s2,a4,0
  100c84:	00800b93          	addi	s7,zero,8
  100c88:	a1140f23          	sb	a7,-1506(s0)
  100c8c:	00554883          	lbu	a7,5(a0)
  100c90:	028a0513          	addi	a0,s4,40
  100c94:	00058713          	addi	a4,a1,0
  100c98:	001076b7          	lui	a3,0x107
  100c9c:	01051593          	slli	a1,a0,0x10
  100ca0:	00120537          	lui	a0,0x120
  100ca4:	00060a93          	addi	s5,a2,0
  100ca8:	04668693          	addi	a3,a3,70 # 107046 <g_ctx+0x46>
  100cac:	00600613          	addi	a2,zero,6
  100cb0:	0105d593          	srli	a1,a1,0x10
  100cb4:	a2850513          	addi	a0,a0,-1496 # 11fa28 <__global_pointer$+0x18228>
  100cb8:	a1140fa3          	sb	a7,-1505(s0)
  100cbc:	a3d42023          	sw	t4,-1504(s0)
  100cc0:	a3c41223          	sh	t3,-1500(s0)
  100cc4:	a3741323          	sh	s7,-1498(s0)
  100cc8:	00080493          	addi	s1,a6,0
  100ccc:	d09ff0ef          	jal	ra,1009d4 <build_ipv4>
  100cd0:	01091613          	slli	a2,s2,0x10
  100cd4:	01099593          	slli	a1,s3,0x10
  100cd8:	01065613          	srli	a2,a2,0x10
  100cdc:	00891793          	slli	a5,s2,0x8
  100ce0:	00865613          	srli	a2,a2,0x8
  100ce4:	0105d593          	srli	a1,a1,0x10
  100ce8:	008a9693          	slli	a3,s5,0x8
  100cec:	00c7e7b3          	or	a5,a5,a2
  100cf0:	00899713          	slli	a4,s3,0x8
  100cf4:	008ada93          	srli	s5,s5,0x8
  100cf8:	0085d593          	srli	a1,a1,0x8
  100cfc:	0156eab3          	or	s5,a3,s5
  100d00:	0189d513          	srli	a0,s3,0x18
  100d04:	01895693          	srli	a3,s2,0x18
  100d08:	0109d993          	srli	s3,s3,0x10
  100d0c:	00b76733          	or	a4,a4,a1
  100d10:	01095913          	srli	s2,s2,0x10
  100d14:	00005637          	lui	a2,0x5
  100d18:	a4f41323          	sh	a5,-1466(s0)
  100d1c:	05000793          	addi	a5,zero,80
  100d20:	a2041923          	sh	zero,-1486(s0)
  100d24:	a2c41e23          	sh	a2,-1476(s0)
  100d28:	a3541f23          	sh	s5,-1474(s0)
  100d2c:	a4a40023          	sb	a0,-1472(s0)
  100d30:	a53400a3          	sb	s3,-1471(s0)
  100d34:	a4e41123          	sh	a4,-1470(s0)
  100d38:	a4d40223          	sb	a3,-1468(s0)
  100d3c:	a52402a3          	sb	s2,-1467(s0)
  100d40:	a4f40423          	sb	a5,-1464(s0)
  100d44:	a56404a3          	sb	s6,-1463(s0)
  100d48:	a5741523          	sh	s7,-1462(s0)
  100d4c:	a4042623          	sw	zero,-1460(s0)
  100d50:	0a0a0263          	beq	s4,zero,100df4 <build_tcp_packet.part.0+0x1e8>
  100d54:	00120737          	lui	a4,0x120
  100d58:	00148793          	addi	a5,s1,1
  100d5c:	a5070613          	addi	a2,a4,-1456 # 11fa50 <__global_pointer$+0x18250>
  100d60:	40f607b3          	sub	a5,a2,a5
  100d64:	0037b793          	sltiu	a5,a5,3
  100d68:	0034f693          	andi	a3,s1,3
  100d6c:	0017c793          	xori	a5,a5,1
  100d70:	0016b693          	sltiu	a3,a3,1
  100d74:	00d7f7b3          	and	a5,a5,a3
  100d78:	0a078663          	beq	a5,zero,100e24 <build_tcp_packet.part.0+0x218>
  100d7c:	fffa0793          	addi	a5,s4,-1
  100d80:	0087b793          	sltiu	a5,a5,8
  100d84:	0a079063          	bne	a5,zero,100e24 <build_tcp_packet.part.0+0x218>
  100d88:	ffca7593          	andi	a1,s4,-4
  100d8c:	00048793          	addi	a5,s1,0
  100d90:	a5070713          	addi	a4,a4,-1456
  100d94:	009585b3          	add	a1,a1,s1
  100d98:	0007a683          	lw	a3,0(a5)
  100d9c:	00478793          	addi	a5,a5,4
  100da0:	00470713          	addi	a4,a4,4
  100da4:	fed72e23          	sw	a3,-4(a4)
  100da8:	fef598e3          	bne	a1,a5,100d98 <build_tcp_packet.part.0+0x18c>
  100dac:	ffca7793          	andi	a5,s4,-4
  100db0:	04fa0263          	beq	s4,a5,100df4 <build_tcp_packet.part.0+0x1e8>
  100db4:	00f48733          	add	a4,s1,a5
  100db8:	00074583          	lbu	a1,0(a4)
  100dbc:	00c786b3          	add	a3,a5,a2
  100dc0:	00178713          	addi	a4,a5,1
  100dc4:	00b68023          	sb	a1,0(a3)
  100dc8:	03477663          	bgeu	a4,s4,100df4 <build_tcp_packet.part.0+0x1e8>
  100dcc:	00e486b3          	add	a3,s1,a4
  100dd0:	0006c683          	lbu	a3,0(a3)
  100dd4:	00c70733          	add	a4,a4,a2
  100dd8:	00278793          	addi	a5,a5,2
  100ddc:	00d70023          	sb	a3,0(a4)
  100de0:	0147fa63          	bgeu	a5,s4,100df4 <build_tcp_packet.part.0+0x1e8>
  100de4:	00f484b3          	add	s1,s1,a5
  100de8:	0004c703          	lbu	a4,0(s1)
  100dec:	00c787b3          	add	a5,a5,a2
  100df0:	00e78023          	sb	a4,0(a5)
  100df4:	02c12083          	lw	ra,44(sp)
  100df8:	02812403          	lw	s0,40(sp)
  100dfc:	02412483          	lw	s1,36(sp)
  100e00:	02012903          	lw	s2,32(sp)
  100e04:	01c12983          	lw	s3,28(sp)
  100e08:	01412a83          	lw	s5,20(sp)
  100e0c:	01012b03          	lw	s6,16(sp)
  100e10:	00c12b83          	lw	s7,12(sp)
  100e14:	036a0513          	addi	a0,s4,54
  100e18:	01812a03          	lw	s4,24(sp)
  100e1c:	03010113          	addi	sp,sp,48
  100e20:	00008067          	jalr	zero,0(ra)
  100e24:	00060793          	addi	a5,a2,0 # 5000 <_start-0xfb000>
  100e28:	014486b3          	add	a3,s1,s4
  100e2c:	0004c703          	lbu	a4,0(s1)
  100e30:	00148493          	addi	s1,s1,1
  100e34:	00178793          	addi	a5,a5,1
  100e38:	fee78fa3          	sb	a4,-1(a5)
  100e3c:	fed498e3          	bne	s1,a3,100e2c <build_tcp_packet.part.0+0x220>
  100e40:	fb5ff06f          	jal	zero,100df4 <build_tcp_packet.part.0+0x1e8>

00100e44 <nic_send.isra.0>:
  100e44:	fe010113          	addi	sp,sp,-32
  100e48:	01412423          	sw	s4,8(sp)
  100e4c:	00112e23          	sw	ra,28(sp)
  100e50:	00812c23          	sw	s0,24(sp)
  100e54:	00912a23          	sw	s1,20(sp)
  100e58:	01212823          	sw	s2,16(sp)
  100e5c:	01312623          	sw	s3,12(sp)
  100e60:	fff58a13          	addi	s4,a1,-1
  100e64:	5ed00793          	addi	a5,zero,1517
  100e68:	1347e063          	bltu	a5,s4,100f88 <nic_send.isra.0+0x144>
  100e6c:	00107937          	lui	s2,0x107
  100e70:	00090913          	addi	s2,s2,0 # 107000 <g_ctx>
  100e74:	000189b7          	lui	s3,0x18
  100e78:	013909b3          	add	s3,s2,s3
  100e7c:	4249a783          	lw	a5,1060(s3) # 18424 <_start-0xe7bdc>
  100e80:	00058493          	addi	s1,a1,0
  100e84:	00050413          	addi	s0,a0,0
  100e88:	12078063          	beq	a5,zero,100fa8 <nic_send.isra.0+0x164>
  100e8c:	03f00713          	addi	a4,zero,63
  100e90:	14f76463          	bltu	a4,a5,100fd8 <nic_send.isra.0+0x194>
  100e94:	4209a683          	lw	a3,1056(s3)
  100e98:	00140713          	addi	a4,s0,1
  100e9c:	00169793          	slli	a5,a3,0x1
  100ea0:	00d787b3          	add	a5,a5,a3
  100ea4:	00579793          	slli	a5,a5,0x5
  100ea8:	40d787b3          	sub	a5,a5,a3
  100eac:	00379793          	slli	a5,a5,0x3
  100eb0:	00d787b3          	add	a5,a5,a3
  100eb4:	00179793          	slli	a5,a5,0x1
  100eb8:	7a078693          	addi	a3,a5,1952
  100ebc:	00d906b3          	add	a3,s2,a3
  100ec0:	0086e633          	or	a2,a3,s0
  100ec4:	40e68733          	sub	a4,a3,a4
  100ec8:	00367613          	andi	a2,a2,3
  100ecc:	00373713          	sltiu	a4,a4,3
  100ed0:	00f907b3          	add	a5,s2,a5
  100ed4:	00163613          	sltiu	a2,a2,1
  100ed8:	00174713          	xori	a4,a4,1
  100edc:	78979e23          	sh	s1,1948(a5)
  100ee0:	78079f23          	sh	zero,1950(a5)
  100ee4:	00e67733          	and	a4,a2,a4
  100ee8:	0c070863          	beq	a4,zero,100fb8 <nic_send.isra.0+0x174>
  100eec:	009a3a13          	sltiu	s4,s4,9
  100ef0:	0c0a1463          	bne	s4,zero,100fb8 <nic_send.isra.0+0x174>
  100ef4:	ffc4f593          	andi	a1,s1,-4
  100ef8:	00040793          	addi	a5,s0,0
  100efc:	00068713          	addi	a4,a3,0
  100f00:	008585b3          	add	a1,a1,s0
  100f04:	0007a603          	lw	a2,0(a5)
  100f08:	00478793          	addi	a5,a5,4
  100f0c:	00470713          	addi	a4,a4,4
  100f10:	fec72e23          	sw	a2,-4(a4)
  100f14:	fef598e3          	bne	a1,a5,100f04 <nic_send.isra.0+0xc0>
  100f18:	ffc4f793          	andi	a5,s1,-4
  100f1c:	04f48263          	beq	s1,a5,100f60 <nic_send.isra.0+0x11c>
  100f20:	00f40733          	add	a4,s0,a5
  100f24:	00074583          	lbu	a1,0(a4)
  100f28:	00f68633          	add	a2,a3,a5
  100f2c:	00178713          	addi	a4,a5,1
  100f30:	00b60023          	sb	a1,0(a2)
  100f34:	02977663          	bgeu	a4,s1,100f60 <nic_send.isra.0+0x11c>
  100f38:	00e40633          	add	a2,s0,a4
  100f3c:	00064603          	lbu	a2,0(a2)
  100f40:	00e68733          	add	a4,a3,a4
  100f44:	00278793          	addi	a5,a5,2
  100f48:	00c70023          	sb	a2,0(a4)
  100f4c:	0097fa63          	bgeu	a5,s1,100f60 <nic_send.isra.0+0x11c>
  100f50:	00f40533          	add	a0,s0,a5
  100f54:	00054703          	lbu	a4,0(a0)
  100f58:	00f687b3          	add	a5,a3,a5
  100f5c:	00e78023          	sb	a4,0(a5)
  100f60:	4209a783          	lw	a5,1056(s3)
  100f64:	4249a683          	lw	a3,1060(s3)
  100f68:	fc178713          	addi	a4,a5,-63
  100f6c:	00e03733          	sltu	a4,zero,a4
  100f70:	40e00733          	sub	a4,zero,a4
  100f74:	00178793          	addi	a5,a5,1
  100f78:	00e7f7b3          	and	a5,a5,a4
  100f7c:	00168713          	addi	a4,a3,1
  100f80:	42f9a023          	sw	a5,1056(s3)
  100f84:	42e9a223          	sw	a4,1060(s3)
  100f88:	01c12083          	lw	ra,28(sp)
  100f8c:	01812403          	lw	s0,24(sp)
  100f90:	01412483          	lw	s1,20(sp)
  100f94:	01012903          	lw	s2,16(sp)
  100f98:	00c12983          	lw	s3,12(sp)
  100f9c:	00812a03          	lw	s4,8(sp)
  100fa0:	02010113          	addi	sp,sp,32
  100fa4:	00008067          	jalr	zero,0(ra)
  100fa8:	964ff0ef          	jal	ra,10010c <nic_send_now>
  100fac:	fc050ee3          	beq	a0,zero,100f88 <nic_send.isra.0+0x144>
  100fb0:	4249a783          	lw	a5,1060(s3)
  100fb4:	ed9ff06f          	jal	zero,100e8c <nic_send.isra.0+0x48>
  100fb8:	00040513          	addi	a0,s0,0
  100fbc:	009404b3          	add	s1,s0,s1
  100fc0:	00054783          	lbu	a5,0(a0)
  100fc4:	00150513          	addi	a0,a0,1
  100fc8:	00168693          	addi	a3,a3,1
  100fcc:	fef68fa3          	sb	a5,-1(a3)
  100fd0:	fea498e3          	bne	s1,a0,100fc0 <nic_send.isra.0+0x17c>
  100fd4:	f8dff06f          	jal	zero,100f60 <nic_send.isra.0+0x11c>
  100fd8:	4289a703          	lw	a4,1064(s3)
  100fdc:	78492783          	lw	a5,1924(s2)
  100fe0:	00170713          	addi	a4,a4,1
  100fe4:	00178793          	addi	a5,a5,1
  100fe8:	42e9a423          	sw	a4,1064(s3)
  100fec:	78f92223          	sw	a5,1924(s2)
  100ff0:	f99ff06f          	jal	zero,100f88 <nic_send.isra.0+0x144>

00100ff4 <send_dhcp_request.constprop.0>:
  100ff4:	e9010113          	addi	sp,sp,-368
  100ff8:	15412c23          	sw	s4,344(sp)
  100ffc:	00300593          	addi	a1,zero,3
  101000:	fff00a13          	addi	s4,zero,-1
  101004:	01010513          	addi	a0,sp,16
  101008:	16112623          	sw	ra,364(sp)
  10100c:	16812423          	sw	s0,360(sp)
  101010:	16912223          	sw	s1,356(sp)
  101014:	17212023          	sw	s2,352(sp)
  101018:	15312e23          	sw	s3,348(sp)
  10101c:	15512a23          	sw	s5,340(sp)
  101020:	01412623          	sw	s4,12(sp)
  101024:	f68ff0ef          	jal	ra,10078c <write_dhcp_base.constprop.0>
  101028:	00050813          	addi	a6,a0,0
  10102c:	00107737          	lui	a4,0x107
  101030:	00070713          	addi	a4,a4,0 # 107000 <g_ctx>
  101034:	00d80993          	addi	s3,a6,13
  101038:	04674903          	lbu	s2,70(a4)
  10103c:	05874e03          	lbu	t3,88(a4)
  101040:	05974503          	lbu	a0,89(a4)
  101044:	04774383          	lbu	t2,71(a4)
  101048:	04874283          	lbu	t0,72(a4)
  10104c:	04974f83          	lbu	t6,73(a4)
  101050:	05674f03          	lbu	t5,86(a4)
  101054:	05774e83          	lbu	t4,87(a4)
  101058:	01099493          	slli	s1,s3,0x10
  10105c:	15010693          	addi	a3,sp,336
  101060:	00019437          	lui	s0,0x19
  101064:	010686b3          	add	a3,a3,a6
  101068:	00e40433          	add	s0,s0,a4
  10106c:	04072303          	lw	t1,64(a4)
  101070:	04475883          	lhu	a7,68(a4)
  101074:	77875783          	lhu	a5,1912(a4)
  101078:	0104d493          	srli	s1,s1,0x10
  10107c:	03200713          	addi	a4,zero,50
  101080:	ece68023          	sb	a4,-320(a3)
  101084:	00400613          	addi	a2,zero,4
  101088:	01c48593          	addi	a1,s1,28
  10108c:	03600713          	addi	a4,zero,54
  101090:	ecc680a3          	sb	a2,-319(a3)
  101094:	ed268123          	sb	s2,-318(a3)
  101098:	ece68323          	sb	a4,-314(a3)
  10109c:	ecc683a3          	sb	a2,-313(a3)
  1010a0:	edc68523          	sb	t3,-310(a3)
  1010a4:	eca685a3          	sb	a0,-309(a3)
  1010a8:	ec7681a3          	sb	t2,-317(a3)
  1010ac:	ec568223          	sb	t0,-316(a3)
  1010b0:	edf682a3          	sb	t6,-315(a3)
  1010b4:	ede68423          	sb	t5,-312(a3)
  1010b8:	edd684a3          	sb	t4,-311(a3)
  1010bc:	00c80a93          	addi	s5,a6,12
  1010c0:	15010713          	addi	a4,sp,336
  1010c4:	001076b7          	lui	a3,0x107
  1010c8:	01059593          	slli	a1,a1,0x10
  1010cc:	00120537          	lui	a0,0x120
  1010d0:	03780913          	addi	s2,a6,55
  1010d4:	00800813          	addi	a6,zero,8
  1010d8:	01570e33          	add	t3,a4,s5
  1010dc:	04668693          	addi	a3,a3,70 # 107046 <g_ctx+0x46>
  1010e0:	00c10713          	addi	a4,sp,12
  1010e4:	01100613          	addi	a2,zero,17
  1010e8:	0105d593          	srli	a1,a1,0x10
  1010ec:	a2850513          	addi	a0,a0,-1496 # 11fa28 <__global_pointer$+0x18228>
  1010f0:	a1441d23          	sh	s4,-1510(s0) # 18a1a <_start-0xe75e6>
  1010f4:	a1442e23          	sw	s4,-1508(s0)
  1010f8:	a2642023          	sw	t1,-1504(s0)
  1010fc:	a3141223          	sh	a7,-1500(s0)
  101100:	a3041323          	sh	a6,-1498(s0)
  101104:	00848493          	addi	s1,s1,8
  101108:	ed4e0023          	sb	s4,-320(t3)
  10110c:	8c9ff0ef          	jal	ra,1009d4 <build_ipv4>
  101110:	01049793          	slli	a5,s1,0x10
  101114:	0107d793          	srli	a5,a5,0x10
  101118:	0087d793          	srli	a5,a5,0x8
  10111c:	00849493          	slli	s1,s1,0x8
  101120:	00f4e4b3          	or	s1,s1,a5
  101124:	430047b7          	lui	a5,0x43004
  101128:	40078793          	addi	a5,a5,1024 # 43004400 <__bss_end+0x42ee23f8>
  10112c:	a2f42e23          	sw	a5,-1476(s0)
  101130:	a4941023          	sh	s1,-1472(s0)
  101134:	a4041123          	sh	zero,-1470(s0)
  101138:	08098663          	beq	s3,zero,1011c4 <send_dhcp_request.constprop.0+0x1d0>
  10113c:	00200793          	addi	a5,zero,2
  101140:	0b57fc63          	bgeu	a5,s5,1011f8 <send_dhcp_request.constprop.0+0x204>
  101144:	001207b7          	lui	a5,0x120
  101148:	a4478593          	addi	a1,a5,-1468 # 11fa44 <__global_pointer$+0x18244>
  10114c:	ffc9f613          	andi	a2,s3,-4
  101150:	a4478793          	addi	a5,a5,-1468
  101154:	01010713          	addi	a4,sp,16
  101158:	00c58633          	add	a2,a1,a2
  10115c:	00072683          	lw	a3,0(a4)
  101160:	00478793          	addi	a5,a5,4
  101164:	00470713          	addi	a4,a4,4
  101168:	fed7ae23          	sw	a3,-4(a5)
  10116c:	fec798e3          	bne	a5,a2,10115c <send_dhcp_request.constprop.0+0x168>
  101170:	ffc9f793          	andi	a5,s3,-4
  101174:	05378863          	beq	a5,s3,1011c4 <send_dhcp_request.constprop.0+0x1d0>
  101178:	15010713          	addi	a4,sp,336
  10117c:	00f70733          	add	a4,a4,a5
  101180:	ec074603          	lbu	a2,-320(a4)
  101184:	00f586b3          	add	a3,a1,a5
  101188:	00178713          	addi	a4,a5,1
  10118c:	00c68023          	sb	a2,0(a3)
  101190:	03377a63          	bgeu	a4,s3,1011c4 <send_dhcp_request.constprop.0+0x1d0>
  101194:	15010693          	addi	a3,sp,336
  101198:	00e686b3          	add	a3,a3,a4
  10119c:	ec06c683          	lbu	a3,-320(a3)
  1011a0:	00e58733          	add	a4,a1,a4
  1011a4:	00278793          	addi	a5,a5,2
  1011a8:	00d70023          	sb	a3,0(a4)
  1011ac:	0137fc63          	bgeu	a5,s3,1011c4 <send_dhcp_request.constprop.0+0x1d0>
  1011b0:	15010713          	addi	a4,sp,336
  1011b4:	00f70733          	add	a4,a4,a5
  1011b8:	ec074703          	lbu	a4,-320(a4)
  1011bc:	00f587b3          	add	a5,a1,a5
  1011c0:	00e78023          	sb	a4,0(a5)
  1011c4:	00120537          	lui	a0,0x120
  1011c8:	00090593          	addi	a1,s2,0
  1011cc:	a1a50513          	addi	a0,a0,-1510 # 11fa1a <__global_pointer$+0x1821a>
  1011d0:	c75ff0ef          	jal	ra,100e44 <nic_send.isra.0>
  1011d4:	16c12083          	lw	ra,364(sp)
  1011d8:	16812403          	lw	s0,360(sp)
  1011dc:	16412483          	lw	s1,356(sp)
  1011e0:	16012903          	lw	s2,352(sp)
  1011e4:	15c12983          	lw	s3,348(sp)
  1011e8:	15812a03          	lw	s4,344(sp)
  1011ec:	15412a83          	lw	s5,340(sp)
  1011f0:	17010113          	addi	sp,sp,368
  1011f4:	00008067          	jalr	zero,0(ra)
  1011f8:	001205b7          	lui	a1,0x120
  1011fc:	00000793          	addi	a5,zero,0
  101200:	a4458593          	addi	a1,a1,-1468 # 11fa44 <__global_pointer$+0x18244>
  101204:	f75ff06f          	jal	zero,101178 <send_dhcp_request.constprop.0+0x184>

00101208 <php_emit_ip.constprop.0>:
  101208:	001062b7          	lui	t0,0x106
  10120c:	00106337          	lui	t1,0x106
  101210:	3b9adfb7          	lui	t6,0x3b9ad
  101214:	00360393          	addi	t2,a2,3
  101218:	3f828293          	addi	t0,t0,1016 # 1063f8 <powers.0+0x4>
  10121c:	41c30313          	addi	t1,t1,1052 # 10641c <fallback_html>
  101220:	a00f8f93          	addi	t6,t6,-1536 # 3b9aca00 <__bss_end+0x3b88a9f8>
  101224:	00001e37          	lui	t3,0x1
  101228:	00100f13          	addi	t5,zero,1
  10122c:	02e00e93          	addi	t4,zero,46
  101230:	00000813          	addi	a6,zero,0
  101234:	00000793          	addi	a5,zero,0
  101238:	0107e833          	or	a6,a5,a6
  10123c:	00064703          	lbu	a4,0(a2)
  101240:	00028893          	addi	a7,t0,0
  101244:	000f8693          	addi	a3,t6,0
  101248:	02081a63          	bne	a6,zero,10127c <php_emit_ip.constprop.0+0x74>
  10124c:	03e68863          	beq	a3,t5,10127c <php_emit_ip.constprop.0+0x74>
  101250:	05130863          	beq	t1,a7,1012a0 <php_emit_ip.constprop.0+0x98>
  101254:	0008a683          	lw	a3,0(a7)
  101258:	00000793          	addi	a5,zero,0
  10125c:	00d76a63          	bltu	a4,a3,101270 <php_emit_ip.constprop.0+0x68>
  101260:	00178793          	addi	a5,a5,1
  101264:	40d70733          	sub	a4,a4,a3
  101268:	0ff7f793          	andi	a5,a5,255
  10126c:	fed77ae3          	bgeu	a4,a3,101260 <php_emit_ip.constprop.0+0x58>
  101270:	0107e833          	or	a6,a5,a6
  101274:	00488893          	addi	a7,a7,4
  101278:	fc080ae3          	beq	a6,zero,10124c <php_emit_ip.constprop.0+0x44>
  10127c:	0005a683          	lw	a3,0(a1)
  101280:	05c6f663          	bgeu	a3,t3,1012cc <php_emit_ip.constprop.0+0xc4>
  101284:	00168813          	addi	a6,a3,1
  101288:	0105a023          	sw	a6,0(a1)
  10128c:	00d506b3          	add	a3,a0,a3
  101290:	03078793          	addi	a5,a5,48
  101294:	00f68023          	sb	a5,0(a3)
  101298:	00100813          	addi	a6,zero,1
  10129c:	fb131ce3          	bne	t1,a7,101254 <php_emit_ip.constprop.0+0x4c>
  1012a0:	02760a63          	beq	a2,t2,1012d4 <php_emit_ip.constprop.0+0xcc>
  1012a4:	0005a783          	lw	a5,0(a1)
  1012a8:	00160613          	addi	a2,a2,1
  1012ac:	00178713          	addi	a4,a5,1
  1012b0:	00ee6e63          	bltu	t3,a4,1012cc <php_emit_ip.constprop.0+0xc4>
  1012b4:	00f507b3          	add	a5,a0,a5
  1012b8:	01d78023          	sb	t4,0(a5)
  1012bc:	0005a783          	lw	a5,0(a1)
  1012c0:	00178793          	addi	a5,a5,1
  1012c4:	00f5a023          	sw	a5,0(a1)
  1012c8:	f69ff06f          	jal	zero,101230 <php_emit_ip.constprop.0+0x28>
  1012cc:	00000513          	addi	a0,zero,0
  1012d0:	00008067          	jalr	zero,0(ra)
  1012d4:	00100513          	addi	a0,zero,1
  1012d8:	00008067          	jalr	zero,0(ra)

001012dc <php_eval_expr.constprop.0>:
  1012dc:	16f77ee3          	bgeu	a4,a5,101c58 <php_eval_expr.constprop.0+0x97c>
  1012e0:	fb010113          	addi	sp,sp,-80
  1012e4:	03412c23          	sw	s4,56(sp)
  1012e8:	03512a23          	sw	s5,52(sp)
  1012ec:	03812423          	sw	s8,40(sp)
  1012f0:	00106ab7          	lui	s5,0x106
  1012f4:	00800c37          	lui	s8,0x800
  1012f8:	00107a37          	lui	s4,0x107
  1012fc:	04812423          	sw	s0,72(sp)
  101300:	04912223          	sw	s1,68(sp)
  101304:	05212023          	sw	s2,64(sp)
  101308:	03312e23          	sw	s3,60(sp)
  10130c:	03612823          	sw	s6,48(sp)
  101310:	03712623          	sw	s7,44(sp)
  101314:	03912223          	sw	s9,36(sp)
  101318:	03a12023          	sw	s10,32(sp)
  10131c:	00050b13          	addi	s6,a0,0
  101320:	04112623          	sw	ra,76(sp)
  101324:	00070413          	addi	s0,a4,0
  101328:	00078493          	addi	s1,a5,0
  10132c:	00058993          	addi	s3,a1,0
  101330:	00060c93          	addi	s9,a2,0
  101334:	00068d13          	addi	s10,a3,0
  101338:	00000513          	addi	a0,zero,0
  10133c:	013c0c13          	addi	s8,s8,19 # 800013 <__bss_end+0x6de00b>
  101340:	00106937          	lui	s2,0x106
  101344:	000a0a13          	addi	s4,s4,0 # 107000 <g_ctx>
  101348:	0b8a8b93          	addi	s7,s5,184 # 1060b8 <__mulsi3+0xd80>
  10134c:	01700893          	addi	a7,zero,23
  101350:	0100006f          	jal	zero,101360 <php_eval_expr.constprop.0+0x84>
  101354:	40078c63          	beq	a5,zero,10176c <php_eval_expr.constprop.0+0x490>
  101358:	00140413          	addi	s0,s0,1
  10135c:	34947a63          	bgeu	s0,s1,1016b0 <php_eval_expr.constprop.0+0x3d4>
  101360:	00044803          	lbu	a6,0(s0)
  101364:	ff780713          	addi	a4,a6,-9
  101368:	0ff77713          	andi	a4,a4,255
  10136c:	00ec57b3          	srl	a5,s8,a4
  101370:	0017f793          	andi	a5,a5,1
  101374:	fee8f0e3          	bgeu	a7,a4,101354 <php_eval_expr.constprop.0+0x78>
  101378:	32947c63          	bgeu	s0,s1,1016b0 <php_eval_expr.constprop.0+0x3d4>
  10137c:	03b00793          	addi	a5,zero,59
  101380:	32f80863          	beq	a6,a5,1016b0 <php_eval_expr.constprop.0+0x3d4>
  101384:	00812223          	sw	s0,4(sp)
  101388:	00044583          	lbu	a1,0(s0)
  10138c:	02700793          	addi	a5,zero,39
  101390:	30f58263          	beq	a1,a5,101694 <php_eval_expr.constprop.0+0x3b8>
  101394:	02200793          	addi	a5,zero,34
  101398:	2ef58e63          	beq	a1,a5,101694 <php_eval_expr.constprop.0+0x3b8>
  10139c:	00040613          	addi	a2,s0,0
  1013a0:	00190813          	addi	a6,s2,1 # 106001 <__mulsi3+0xcc9>
  1013a4:	00190693          	addi	a3,s2,1
  1013a8:	00040793          	addi	a5,s0,0
  1013ac:	00058513          	addi	a0,a1,0
  1013b0:	02400713          	addi	a4,zero,36
  1013b4:	0180006f          	jal	zero,1013cc <php_eval_expr.constprop.0+0xf0>
  1013b8:	0006c703          	lbu	a4,0(a3)
  1013bc:	00168693          	addi	a3,a3,1
  1013c0:	3a070a63          	beq	a4,zero,101774 <php_eval_expr.constprop.0+0x498>
  1013c4:	00f48863          	beq	s1,a5,1013d4 <php_eval_expr.constprop.0+0xf8>
  1013c8:	0007c503          	lbu	a0,0(a5)
  1013cc:	00178793          	addi	a5,a5,1
  1013d0:	fea704e3          	beq	a4,a0,1013b8 <php_eval_expr.constprop.0+0xdc>
  1013d4:	00106737          	lui	a4,0x106
  1013d8:	0a970713          	addi	a4,a4,169 # 1060a9 <__mulsi3+0xd71>
  1013dc:	00040793          	addi	a5,s0,0
  1013e0:	00058513          	addi	a0,a1,0
  1013e4:	07000693          	addi	a3,zero,112
  1013e8:	0180006f          	jal	zero,101400 <php_eval_expr.constprop.0+0x124>
  1013ec:	00074683          	lbu	a3,0(a4)
  1013f0:	00170713          	addi	a4,a4,1
  1013f4:	5a068463          	beq	a3,zero,10199c <php_eval_expr.constprop.0+0x6c0>
  1013f8:	00f48863          	beq	s1,a5,101408 <php_eval_expr.constprop.0+0x12c>
  1013fc:	0007c503          	lbu	a0,0(a5)
  101400:	00178793          	addi	a5,a5,1
  101404:	fed504e3          	beq	a0,a3,1013ec <php_eval_expr.constprop.0+0x110>
  101408:	00106737          	lui	a4,0x106
  10140c:	0c970813          	addi	a6,a4,201 # 1060c9 <__mulsi3+0xd91>
  101410:	00040793          	addi	a5,s0,0
  101414:	0c970713          	addi	a4,a4,201
  101418:	00058513          	addi	a0,a1,0
  10141c:	06800693          	addi	a3,zero,104
  101420:	0180006f          	jal	zero,101438 <php_eval_expr.constprop.0+0x15c>
  101424:	00074683          	lbu	a3,0(a4)
  101428:	00170713          	addi	a4,a4,1
  10142c:	36068e63          	beq	a3,zero,1017a8 <php_eval_expr.constprop.0+0x4cc>
  101430:	00f48863          	beq	s1,a5,101440 <php_eval_expr.constprop.0+0x164>
  101434:	0007c503          	lbu	a0,0(a5)
  101438:	00178793          	addi	a5,a5,1
  10143c:	fea684e3          	beq	a3,a0,101424 <php_eval_expr.constprop.0+0x148>
  101440:	00106737          	lui	a4,0x106
  101444:	0d970713          	addi	a4,a4,217 # 1060d9 <__mulsi3+0xda1>
  101448:	00040793          	addi	a5,s0,0
  10144c:	00058513          	addi	a0,a1,0
  101450:	07300693          	addi	a3,zero,115
  101454:	0180006f          	jal	zero,10146c <php_eval_expr.constprop.0+0x190>
  101458:	00074683          	lbu	a3,0(a4)
  10145c:	00170713          	addi	a4,a4,1
  101460:	34068463          	beq	a3,zero,1017a8 <php_eval_expr.constprop.0+0x4cc>
  101464:	00f48863          	beq	s1,a5,101474 <php_eval_expr.constprop.0+0x198>
  101468:	0007c503          	lbu	a0,0(a5)
  10146c:	00178793          	addi	a5,a5,1
  101470:	fed504e3          	beq	a0,a3,101458 <php_eval_expr.constprop.0+0x17c>
  101474:	00106737          	lui	a4,0x106
  101478:	0e570713          	addi	a4,a4,229 # 1060e5 <__mulsi3+0xdad>
  10147c:	00040793          	addi	a5,s0,0
  101480:	00058513          	addi	a0,a1,0
  101484:	07200693          	addi	a3,zero,114
  101488:	0180006f          	jal	zero,1014a0 <php_eval_expr.constprop.0+0x1c4>
  10148c:	00074683          	lbu	a3,0(a4)
  101490:	00170713          	addi	a4,a4,1
  101494:	6a068663          	beq	a3,zero,101b40 <php_eval_expr.constprop.0+0x864>
  101498:	00f48863          	beq	s1,a5,1014a8 <php_eval_expr.constprop.0+0x1cc>
  10149c:	0007c503          	lbu	a0,0(a5)
  1014a0:	00178793          	addi	a5,a5,1
  1014a4:	fea684e3          	beq	a3,a0,10148c <php_eval_expr.constprop.0+0x1b0>
  1014a8:	00106737          	lui	a4,0x106
  1014ac:	0f570813          	addi	a6,a4,245 # 1060f5 <__mulsi3+0xdbd>
  1014b0:	00040793          	addi	a5,s0,0
  1014b4:	0f570713          	addi	a4,a4,245
  1014b8:	00058513          	addi	a0,a1,0
  1014bc:	07400693          	addi	a3,zero,116
  1014c0:	0180006f          	jal	zero,1014d8 <php_eval_expr.constprop.0+0x1fc>
  1014c4:	00074683          	lbu	a3,0(a4)
  1014c8:	00170713          	addi	a4,a4,1
  1014cc:	5a068863          	beq	a3,zero,101a7c <php_eval_expr.constprop.0+0x7a0>
  1014d0:	00f48863          	beq	s1,a5,1014e0 <php_eval_expr.constprop.0+0x204>
  1014d4:	0007c503          	lbu	a0,0(a5)
  1014d8:	00178793          	addi	a5,a5,1
  1014dc:	fed504e3          	beq	a0,a3,1014c4 <php_eval_expr.constprop.0+0x1e8>
  1014e0:	00106737          	lui	a4,0x106
  1014e4:	0fd70713          	addi	a4,a4,253 # 1060fd <__mulsi3+0xdc5>
  1014e8:	00040793          	addi	a5,s0,0
  1014ec:	00058513          	addi	a0,a1,0
  1014f0:	06800693          	addi	a3,zero,104
  1014f4:	0180006f          	jal	zero,10150c <php_eval_expr.constprop.0+0x230>
  1014f8:	00074683          	lbu	a3,0(a4)
  1014fc:	00170713          	addi	a4,a4,1
  101500:	56068e63          	beq	a3,zero,101a7c <php_eval_expr.constprop.0+0x7a0>
  101504:	00f48863          	beq	s1,a5,101514 <php_eval_expr.constprop.0+0x238>
  101508:	0007c503          	lbu	a0,0(a5)
  10150c:	00178793          	addi	a5,a5,1
  101510:	fed504e3          	beq	a0,a3,1014f8 <php_eval_expr.constprop.0+0x21c>
  101514:	00106737          	lui	a4,0x106
  101518:	11170713          	addi	a4,a4,273 # 106111 <__mulsi3+0xdd9>
  10151c:	00040793          	addi	a5,s0,0
  101520:	00058513          	addi	a0,a1,0
  101524:	05f00693          	addi	a3,zero,95
  101528:	0180006f          	jal	zero,101540 <php_eval_expr.constprop.0+0x264>
  10152c:	00074683          	lbu	a3,0(a4)
  101530:	00170713          	addi	a4,a4,1
  101534:	62068863          	beq	a3,zero,101b64 <php_eval_expr.constprop.0+0x888>
  101538:	00f48863          	beq	s1,a5,101548 <php_eval_expr.constprop.0+0x26c>
  10153c:	0007c503          	lbu	a0,0(a5)
  101540:	00178793          	addi	a5,a5,1
  101544:	fed504e3          	beq	a0,a3,10152c <php_eval_expr.constprop.0+0x250>
  101548:	fd058793          	addi	a5,a1,-48
  10154c:	0ff7f793          	andi	a5,a5,255
  101550:	00900713          	addi	a4,zero,9
  101554:	14f76c63          	bltu	a4,a5,1016ac <php_eval_expr.constprop.0+0x3d0>
  101558:	00140513          	addi	a0,s0,1
  10155c:	00050713          	addi	a4,a0,0
  101560:	00900693          	addi	a3,zero,9
  101564:	00e12223          	sw	a4,4(sp)
  101568:	00070593          	addi	a1,a4,0
  10156c:	00e48c63          	beq	s1,a4,101584 <php_eval_expr.constprop.0+0x2a8>
  101570:	00074783          	lbu	a5,0(a4)
  101574:	00170713          	addi	a4,a4,1
  101578:	fd078793          	addi	a5,a5,-48
  10157c:	0ff7f793          	andi	a5,a5,255
  101580:	fef6f2e3          	bgeu	a3,a5,101564 <php_eval_expr.constprop.0+0x288>
  101584:	000d2883          	lw	a7,0(s10)
  101588:	40858733          	sub	a4,a1,s0
  10158c:	000016b7          	lui	a3,0x1
  101590:	011707b3          	add	a5,a4,a7
  101594:	10f6ec63          	bltu	a3,a5,1016ac <php_eval_expr.constprop.0+0x3d0>
  101598:	0a070463          	beq	a4,zero,101640 <php_eval_expr.constprop.0+0x364>
  10159c:	011c86b3          	add	a3,s9,a7
  1015a0:	40a687b3          	sub	a5,a3,a0
  1015a4:	00d46833          	or	a6,s0,a3
  1015a8:	00387513          	andi	a0,a6,3
  1015ac:	0037b793          	sltiu	a5,a5,3
  1015b0:	00153513          	sltiu	a0,a0,1
  1015b4:	0017c793          	xori	a5,a5,1
  1015b8:	00f577b3          	and	a5,a0,a5
  1015bc:	6a078263          	beq	a5,zero,101c60 <php_eval_expr.constprop.0+0x984>
  1015c0:	fff70793          	addi	a5,a4,-1
  1015c4:	0097b793          	sltiu	a5,a5,9
  1015c8:	68079c63          	bne	a5,zero,101c60 <php_eval_expr.constprop.0+0x984>
  1015cc:	ffc77793          	andi	a5,a4,-4
  1015d0:	00068513          	addi	a0,a3,0 # 1000 <_start-0xff000>
  1015d4:	00f407b3          	add	a5,s0,a5
  1015d8:	00062803          	lw	a6,0(a2)
  1015dc:	00460613          	addi	a2,a2,4
  1015e0:	00450513          	addi	a0,a0,4
  1015e4:	ff052e23          	sw	a6,-4(a0)
  1015e8:	fef618e3          	bne	a2,a5,1015d8 <php_eval_expr.constprop.0+0x2fc>
  1015ec:	ffc77793          	andi	a5,a4,-4
  1015f0:	04f70463          	beq	a4,a5,101638 <php_eval_expr.constprop.0+0x35c>
  1015f4:	00f40633          	add	a2,s0,a5
  1015f8:	00064803          	lbu	a6,0(a2)
  1015fc:	00f68533          	add	a0,a3,a5
  101600:	00178613          	addi	a2,a5,1
  101604:	01050023          	sb	a6,0(a0)
  101608:	02e67863          	bgeu	a2,a4,101638 <php_eval_expr.constprop.0+0x35c>
  10160c:	00c40533          	add	a0,s0,a2
  101610:	00054503          	lbu	a0,0(a0)
  101614:	00c686b3          	add	a3,a3,a2
  101618:	00278793          	addi	a5,a5,2
  10161c:	00a68023          	sb	a0,0(a3)
  101620:	00e7fc63          	bgeu	a5,a4,101638 <php_eval_expr.constprop.0+0x35c>
  101624:	00f40433          	add	s0,s0,a5
  101628:	00044683          	lbu	a3,0(s0)
  10162c:	00fc87b3          	add	a5,s9,a5
  101630:	011787b3          	add	a5,a5,a7
  101634:	00d78023          	sb	a3,0(a5)
  101638:	000d2783          	lw	a5,0(s10)
  10163c:	00f707b3          	add	a5,a4,a5
  101640:	00fd2023          	sw	a5,0(s10)
  101644:	00058413          	addi	s0,a1,0
  101648:	10947663          	bgeu	s0,s1,101754 <php_eval_expr.constprop.0+0x478>
  10164c:	01700813          	addi	a6,zero,23
  101650:	0100006f          	jal	zero,101660 <php_eval_expr.constprop.0+0x384>
  101654:	14078463          	beq	a5,zero,10179c <php_eval_expr.constprop.0+0x4c0>
  101658:	00140413          	addi	s0,s0,1
  10165c:	0e848c63          	beq	s1,s0,101754 <php_eval_expr.constprop.0+0x478>
  101660:	00044503          	lbu	a0,0(s0)
  101664:	ff750713          	addi	a4,a0,-9
  101668:	0ff77713          	andi	a4,a4,255
  10166c:	00ec57b3          	srl	a5,s8,a4
  101670:	0017f793          	andi	a5,a5,1
  101674:	fee870e3          	bgeu	a6,a4,101654 <php_eval_expr.constprop.0+0x378>
  101678:	0c947e63          	bgeu	s0,s1,101754 <php_eval_expr.constprop.0+0x478>
  10167c:	02e00793          	addi	a5,zero,46
  101680:	0cf50e63          	beq	a0,a5,10175c <php_eval_expr.constprop.0+0x480>
  101684:	03b00793          	addi	a5,zero,59
  101688:	02f51263          	bne	a0,a5,1016ac <php_eval_expr.constprop.0+0x3d0>
  10168c:	00100513          	addi	a0,zero,1
  101690:	cbdff06f          	jal	zero,10134c <php_eval_expr.constprop.0+0x70>
  101694:	00048693          	addi	a3,s1,0
  101698:	00410613          	addi	a2,sp,4
  10169c:	000d0593          	addi	a1,s10,0
  1016a0:	000c8513          	addi	a0,s9,0
  1016a4:	bb5fe0ef          	jal	ra,100258 <php_emit_escaped_string.constprop.0>
  1016a8:	0a051263          	bne	a0,zero,10174c <php_eval_expr.constprop.0+0x470>
  1016ac:	00000513          	addi	a0,zero,0
  1016b0:	04c12083          	lw	ra,76(sp)
  1016b4:	04812403          	lw	s0,72(sp)
  1016b8:	04412483          	lw	s1,68(sp)
  1016bc:	04012903          	lw	s2,64(sp)
  1016c0:	03c12983          	lw	s3,60(sp)
  1016c4:	03812a03          	lw	s4,56(sp)
  1016c8:	03412a83          	lw	s5,52(sp)
  1016cc:	03012b03          	lw	s6,48(sp)
  1016d0:	02c12b83          	lw	s7,44(sp)
  1016d4:	02812c03          	lw	s8,40(sp)
  1016d8:	02412c83          	lw	s9,36(sp)
  1016dc:	02012d03          	lw	s10,32(sp)
  1016e0:	05010113          	addi	sp,sp,80
  1016e4:	00008067          	jalr	zero,0(ra)
  1016e8:	001067b7          	lui	a5,0x106
  1016ec:	09078613          	addi	a2,a5,144 # 106090 <__mulsi3+0xd58>
  1016f0:	00910513          	addi	a0,sp,9
  1016f4:	09078793          	addi	a5,a5,144
  1016f8:	00070693          	addi	a3,a4,0
  1016fc:	00000593          	addi	a1,zero,0
  101700:	0180006f          	jal	zero,101718 <php_eval_expr.constprop.0+0x43c>
  101704:	34d818e3          	bne	a6,a3,102254 <php_eval_expr.constprop.0+0xf78>
  101708:	00054683          	lbu	a3,0(a0)
  10170c:	00158593          	addi	a1,a1,1
  101710:	00150513          	addi	a0,a0,1
  101714:	00068863          	beq	a3,zero,101724 <php_eval_expr.constprop.0+0x448>
  101718:	0007c803          	lbu	a6,0(a5)
  10171c:	00178793          	addi	a5,a5,1
  101720:	fe0812e3          	bne	a6,zero,101704 <php_eval_expr.constprop.0+0x428>
  101724:	00b607b3          	add	a5,a2,a1
  101728:	0007c783          	lbu	a5,0(a5)
  10172c:	32d794e3          	bne	a5,a3,102254 <php_eval_expr.constprop.0+0xf78>
  101730:	00107637          	lui	a2,0x107
  101734:	04660613          	addi	a2,a2,70 # 107046 <g_ctx+0x46>
  101738:	000d0593          	addi	a1,s10,0
  10173c:	000c8513          	addi	a0,s9,0
  101740:	ac9ff0ef          	jal	ra,101208 <php_emit_ip.constprop.0>
  101744:	00050793          	addi	a5,a0,0
  101748:	f60782e3          	beq	a5,zero,1016ac <php_eval_expr.constprop.0+0x3d0>
  10174c:	00412403          	lw	s0,4(sp)
  101750:	ee946ee3          	bltu	s0,s1,10164c <php_eval_expr.constprop.0+0x370>
  101754:	00100513          	addi	a0,zero,1
  101758:	f59ff06f          	jal	zero,1016b0 <php_eval_expr.constprop.0+0x3d4>
  10175c:	00140413          	addi	s0,s0,1
  101760:	fe947ae3          	bgeu	s0,s1,101754 <php_eval_expr.constprop.0+0x478>
  101764:	00100513          	addi	a0,zero,1
  101768:	be5ff06f          	jal	zero,10134c <php_eval_expr.constprop.0+0x70>
  10176c:	c0946ce3          	bltu	s0,s1,101384 <php_eval_expr.constprop.0+0xa8>
  101770:	f41ff06f          	jal	zero,1016b0 <php_eval_expr.constprop.0+0x3d4>
  101774:	02400793          	addi	a5,zero,36
  101778:	0180006f          	jal	zero,101790 <php_eval_expr.constprop.0+0x4b4>
  10177c:	00084783          	lbu	a5,0(a6)
  101780:	00180813          	addi	a6,a6,1
  101784:	06078663          	beq	a5,zero,1017f0 <php_eval_expr.constprop.0+0x514>
  101788:	f2c482e3          	beq	s1,a2,1016ac <php_eval_expr.constprop.0+0x3d0>
  10178c:	00064583          	lbu	a1,0(a2)
  101790:	00160613          	addi	a2,a2,1
  101794:	feb784e3          	beq	a5,a1,10177c <php_eval_expr.constprop.0+0x4a0>
  101798:	f15ff06f          	jal	zero,1016ac <php_eval_expr.constprop.0+0x3d0>
  10179c:	f09468e3          	bltu	s0,s1,1016ac <php_eval_expr.constprop.0+0x3d0>
  1017a0:	00100513          	addi	a0,zero,1
  1017a4:	f0dff06f          	jal	zero,1016b0 <php_eval_expr.constprop.0+0x3d4>
  1017a8:	06800793          	addi	a5,zero,104
  1017ac:	0180006f          	jal	zero,1017c4 <php_eval_expr.constprop.0+0x4e8>
  1017b0:	00084783          	lbu	a5,0(a6)
  1017b4:	00180813          	addi	a6,a6,1
  1017b8:	34078063          	beq	a5,zero,101af8 <php_eval_expr.constprop.0+0x81c>
  1017bc:	00c48863          	beq	s1,a2,1017cc <php_eval_expr.constprop.0+0x4f0>
  1017c0:	00064583          	lbu	a1,0(a2)
  1017c4:	00160613          	addi	a2,a2,1
  1017c8:	fef584e3          	beq	a1,a5,1017b0 <php_eval_expr.constprop.0+0x4d4>
  1017cc:	00b00793          	addi	a5,zero,11
  1017d0:	00107637          	lui	a2,0x107
  1017d4:	04660613          	addi	a2,a2,70 # 107046 <g_ctx+0x46>
  1017d8:	000d0593          	addi	a1,s10,0
  1017dc:	000c8513          	addi	a0,s9,0
  1017e0:	00f40433          	add	s0,s0,a5
  1017e4:	a25ff0ef          	jal	ra,101208 <php_emit_ip.constprop.0>
  1017e8:	e60510e3          	bne	a0,zero,101648 <php_eval_expr.constprop.0+0x36c>
  1017ec:	ec1ff06f          	jal	zero,1016ac <php_eval_expr.constprop.0+0x3d0>
  1017f0:	00840413          	addi	s0,s0,8
  1017f4:	ea947ce3          	bgeu	s0,s1,1016ac <php_eval_expr.constprop.0+0x3d0>
  1017f8:	01700613          	addi	a2,zero,23
  1017fc:	0100006f          	jal	zero,10180c <php_eval_expr.constprop.0+0x530>
  101800:	00140413          	addi	s0,s0,1
  101804:	ea0704e3          	beq	a4,zero,1016ac <php_eval_expr.constprop.0+0x3d0>
  101808:	ea8482e3          	beq	s1,s0,1016ac <php_eval_expr.constprop.0+0x3d0>
  10180c:	00044683          	lbu	a3,0(s0)
  101810:	ff768793          	addi	a5,a3,-9
  101814:	0ff7f793          	andi	a5,a5,255
  101818:	00fc5733          	srl	a4,s8,a5
  10181c:	00177713          	andi	a4,a4,1
  101820:	fef670e3          	bgeu	a2,a5,101800 <php_eval_expr.constprop.0+0x524>
  101824:	e89474e3          	bgeu	s0,s1,1016ac <php_eval_expr.constprop.0+0x3d0>
  101828:	05b00793          	addi	a5,zero,91
  10182c:	e8f690e3          	bne	a3,a5,1016ac <php_eval_expr.constprop.0+0x3d0>
  101830:	00140413          	addi	s0,s0,1
  101834:	e6947ce3          	bgeu	s0,s1,1016ac <php_eval_expr.constprop.0+0x3d0>
  101838:	01700613          	addi	a2,zero,23
  10183c:	0100006f          	jal	zero,10184c <php_eval_expr.constprop.0+0x570>
  101840:	00140413          	addi	s0,s0,1
  101844:	e60704e3          	beq	a4,zero,1016ac <php_eval_expr.constprop.0+0x3d0>
  101848:	e68482e3          	beq	s1,s0,1016ac <php_eval_expr.constprop.0+0x3d0>
  10184c:	00044683          	lbu	a3,0(s0)
  101850:	ff768793          	addi	a5,a3,-9
  101854:	0ff7f793          	andi	a5,a5,255
  101858:	00fc5733          	srl	a4,s8,a5
  10185c:	00177713          	andi	a4,a4,1
  101860:	fef670e3          	bgeu	a2,a5,101840 <php_eval_expr.constprop.0+0x564>
  101864:	e49474e3          	bgeu	s0,s1,1016ac <php_eval_expr.constprop.0+0x3d0>
  101868:	02700793          	addi	a5,zero,39
  10186c:	00f68663          	beq	a3,a5,101878 <php_eval_expr.constprop.0+0x59c>
  101870:	02200793          	addi	a5,zero,34
  101874:	e2f69ce3          	bne	a3,a5,1016ac <php_eval_expr.constprop.0+0x3d0>
  101878:	00140613          	addi	a2,s0,1
  10187c:	e29678e3          	bgeu	a2,s1,1016ac <php_eval_expr.constprop.0+0x3d0>
  101880:	00060793          	addi	a5,a2,0
  101884:	00c0006f          	jal	zero,101890 <php_eval_expr.constprop.0+0x5b4>
  101888:	00178793          	addi	a5,a5,1
  10188c:	e2f480e3          	beq	s1,a5,1016ac <php_eval_expr.constprop.0+0x3d0>
  101890:	0007c703          	lbu	a4,0(a5)
  101894:	fed71ae3          	bne	a4,a3,101888 <php_eval_expr.constprop.0+0x5ac>
  101898:	e097fae3          	bgeu	a5,s1,1016ac <php_eval_expr.constprop.0+0x3d0>
  10189c:	40c786b3          	sub	a3,a5,a2
  1018a0:	01700713          	addi	a4,zero,23
  1018a4:	e0d764e3          	bltu	a4,a3,1016ac <php_eval_expr.constprop.0+0x3d0>
  1018a8:	4e068263          	beq	a3,zero,101d8c <php_eval_expr.constprop.0+0xab0>
  1018ac:	00144583          	lbu	a1,1(s0)
  1018b0:	00910713          	addi	a4,sp,9
  1018b4:	00240413          	addi	s0,s0,2
  1018b8:	00b10423          	sb	a1,8(sp)
  1018bc:	00d60633          	add	a2,a2,a3
  1018c0:	01f10593          	addi	a1,sp,31
  1018c4:	00070693          	addi	a3,a4,0
  1018c8:	00c40e63          	beq	s0,a2,1018e4 <php_eval_expr.constprop.0+0x608>
  1018cc:	00044503          	lbu	a0,0(s0)
  1018d0:	00140413          	addi	s0,s0,1
  1018d4:	00a70023          	sb	a0,0(a4)
  1018d8:	00168713          	addi	a4,a3,1
  1018dc:	fee594e3          	bne	a1,a4,1018c4 <php_eval_expr.constprop.0+0x5e8>
  1018e0:	00058693          	addi	a3,a1,0
  1018e4:	00068023          	sb	zero,0(a3)
  1018e8:	00178793          	addi	a5,a5,1
  1018ec:	dc97f0e3          	bgeu	a5,s1,1016ac <php_eval_expr.constprop.0+0x3d0>
  1018f0:	01700593          	addi	a1,zero,23
  1018f4:	0100006f          	jal	zero,101904 <php_eval_expr.constprop.0+0x628>
  1018f8:	00178793          	addi	a5,a5,1
  1018fc:	da0688e3          	beq	a3,zero,1016ac <php_eval_expr.constprop.0+0x3d0>
  101900:	daf486e3          	beq	s1,a5,1016ac <php_eval_expr.constprop.0+0x3d0>
  101904:	0007c603          	lbu	a2,0(a5)
  101908:	ff760713          	addi	a4,a2,-9
  10190c:	0ff77713          	andi	a4,a4,255
  101910:	00ec56b3          	srl	a3,s8,a4
  101914:	0016f693          	andi	a3,a3,1
  101918:	fee5f0e3          	bgeu	a1,a4,1018f8 <php_eval_expr.constprop.0+0x61c>
  10191c:	d897f8e3          	bgeu	a5,s1,1016ac <php_eval_expr.constprop.0+0x3d0>
  101920:	05d00713          	addi	a4,zero,93
  101924:	d8e614e3          	bne	a2,a4,1016ac <php_eval_expr.constprop.0+0x3d0>
  101928:	00814703          	lbu	a4,8(sp)
  10192c:	00178413          	addi	s0,a5,1
  101930:	00812223          	sw	s0,4(sp)
  101934:	d6070ce3          	beq	a4,zero,1016ac <php_eval_expr.constprop.0+0x3d0>
  101938:	001067b7          	lui	a5,0x106
  10193c:	00910593          	addi	a1,sp,9
  101940:	00d78793          	addi	a5,a5,13 # 10600d <__mulsi3+0xcd5>
  101944:	00070613          	addi	a2,a4,0
  101948:	05200693          	addi	a3,zero,82
  10194c:	00d61e63          	bne	a2,a3,101968 <php_eval_expr.constprop.0+0x68c>
  101950:	0005c603          	lbu	a2,0(a1)
  101954:	0007c683          	lbu	a3,0(a5)
  101958:	00158593          	addi	a1,a1,1
  10195c:	34060063          	beq	a2,zero,101c9c <php_eval_expr.constprop.0+0x9c0>
  101960:	00178793          	addi	a5,a5,1
  101964:	fe0694e3          	bne	a3,zero,10194c <php_eval_expr.constprop.0+0x670>
  101968:	001067b7          	lui	a5,0x106
  10196c:	00910593          	addi	a1,sp,9
  101970:	01978793          	addi	a5,a5,25 # 106019 <__mulsi3+0xce1>
  101974:	00070613          	addi	a2,a4,0
  101978:	05300693          	addi	a3,zero,83
  10197c:	42c69e63          	bne	a3,a2,101db8 <php_eval_expr.constprop.0+0xadc>
  101980:	0005c603          	lbu	a2,0(a1)
  101984:	0007c683          	lbu	a3,0(a5)
  101988:	00158593          	addi	a1,a1,1
  10198c:	00178793          	addi	a5,a5,1
  101990:	42060263          	beq	a2,zero,101db4 <php_eval_expr.constprop.0+0xad8>
  101994:	fe0694e3          	bne	a3,zero,10197c <php_eval_expr.constprop.0+0x6a0>
  101998:	4200006f          	jal	zero,101db8 <php_eval_expr.constprop.0+0xadc>
  10199c:	0b8a8693          	addi	a3,s5,184
  1019a0:	00100593          	addi	a1,zero,1
  1019a4:	0b8a8793          	addi	a5,s5,184
  1019a8:	40d585b3          	sub	a1,a1,a3
  1019ac:	0017c703          	lbu	a4,1(a5)
  1019b0:	00f58633          	add	a2,a1,a5
  1019b4:	00178793          	addi	a5,a5,1
  1019b8:	fe071ae3          	bne	a4,zero,1019ac <php_eval_expr.constprop.0+0x6d0>
  1019bc:	000d2703          	lw	a4,0(s10)
  1019c0:	000017b7          	lui	a5,0x1
  1019c4:	00c705b3          	add	a1,a4,a2
  1019c8:	ceb7e2e3          	bltu	a5,a1,1016ac <php_eval_expr.constprop.0+0x3d0>
  1019cc:	001067b7          	lui	a5,0x106
  1019d0:	00ec8733          	add	a4,s9,a4
  1019d4:	0b978793          	addi	a5,a5,185 # 1060b9 <__mulsi3+0xd81>
  1019d8:	40f707b3          	sub	a5,a4,a5
  1019dc:	0037b793          	sltiu	a5,a5,3
  1019e0:	00377593          	andi	a1,a4,3
  1019e4:	0017c793          	xori	a5,a5,1
  1019e8:	0015b593          	sltiu	a1,a1,1
  1019ec:	00b7f7b3          	and	a5,a5,a1
  1019f0:	10078863          	beq	a5,zero,101b00 <php_eval_expr.constprop.0+0x824>
  1019f4:	fff60793          	addi	a5,a2,-1
  1019f8:	0087b793          	sltiu	a5,a5,8
  1019fc:	10079263          	bne	a5,zero,101b00 <php_eval_expr.constprop.0+0x824>
  101a00:	ffc67513          	andi	a0,a2,-4
  101a04:	00070793          	addi	a5,a4,0
  101a08:	00a70533          	add	a0,a4,a0
  101a0c:	0006a583          	lw	a1,0(a3)
  101a10:	00478793          	addi	a5,a5,4
  101a14:	00468693          	addi	a3,a3,4
  101a18:	feb7ae23          	sw	a1,-4(a5)
  101a1c:	fea798e3          	bne	a5,a0,101a0c <php_eval_expr.constprop.0+0x730>
  101a20:	ffc67793          	andi	a5,a2,-4
  101a24:	04c78263          	beq	a5,a2,101a68 <php_eval_expr.constprop.0+0x78c>
  101a28:	00fb86b3          	add	a3,s7,a5
  101a2c:	0006c503          	lbu	a0,0(a3)
  101a30:	00f705b3          	add	a1,a4,a5
  101a34:	00178693          	addi	a3,a5,1
  101a38:	00a58023          	sb	a0,0(a1)
  101a3c:	02c6f663          	bgeu	a3,a2,101a68 <php_eval_expr.constprop.0+0x78c>
  101a40:	00db85b3          	add	a1,s7,a3
  101a44:	0005c583          	lbu	a1,0(a1)
  101a48:	00d706b3          	add	a3,a4,a3
  101a4c:	00278793          	addi	a5,a5,2
  101a50:	00b68023          	sb	a1,0(a3)
  101a54:	00c7fa63          	bgeu	a5,a2,101a68 <php_eval_expr.constprop.0+0x78c>
  101a58:	00fb86b3          	add	a3,s7,a5
  101a5c:	0006c683          	lbu	a3,0(a3)
  101a60:	00f707b3          	add	a5,a4,a5
  101a64:	00d78023          	sb	a3,0(a5)
  101a68:	000d2783          	lw	a5,0(s10)
  101a6c:	00c40413          	addi	s0,s0,12
  101a70:	00c78633          	add	a2,a5,a2
  101a74:	00cd2023          	sw	a2,0(s10)
  101a78:	bd1ff06f          	jal	zero,101648 <php_eval_expr.constprop.0+0x36c>
  101a7c:	07400793          	addi	a5,zero,116
  101a80:	0180006f          	jal	zero,101a98 <php_eval_expr.constprop.0+0x7bc>
  101a84:	00084783          	lbu	a5,0(a6)
  101a88:	00180813          	addi	a6,a6,1
  101a8c:	0c078863          	beq	a5,zero,101b5c <php_eval_expr.constprop.0+0x880>
  101a90:	00c48863          	beq	s1,a2,101aa0 <php_eval_expr.constprop.0+0x7c4>
  101a94:	00064583          	lbu	a1,0(a2)
  101a98:	00160613          	addi	a2,a2,1
  101a9c:	fef584e3          	beq	a1,a5,101a84 <php_eval_expr.constprop.0+0x7a8>
  101aa0:	01000313          	addi	t1,zero,16
  101aa4:	00106637          	lui	a2,0x106
  101aa8:	778a2703          	lw	a4,1912(s4)
  101aac:	3f460613          	addi	a2,a2,1012 # 1063f4 <powers.0>
  101ab0:	02860513          	addi	a0,a2,40
  101ab4:	00000593          	addi	a1,zero,0
  101ab8:	00001837          	lui	a6,0x1
  101abc:	00100893          	addi	a7,zero,1
  101ac0:	00062683          	lw	a3,0(a2)
  101ac4:	00000793          	addi	a5,zero,0
  101ac8:	00d76c63          	bltu	a4,a3,101ae0 <php_eval_expr.constprop.0+0x804>
  101acc:	00178793          	addi	a5,a5,1
  101ad0:	40d70733          	sub	a4,a4,a3
  101ad4:	0ff7f793          	andi	a5,a5,255
  101ad8:	fed77ae3          	bgeu	a4,a3,101acc <php_eval_expr.constprop.0+0x7f0>
  101adc:	00b7e5b3          	or	a1,a5,a1
  101ae0:	02059e63          	bne	a1,zero,101b1c <php_eval_expr.constprop.0+0x840>
  101ae4:	03168c63          	beq	a3,a7,101b1c <php_eval_expr.constprop.0+0x840>
  101ae8:	00460613          	addi	a2,a2,4
  101aec:	fca61ae3          	bne	a2,a0,101ac0 <php_eval_expr.constprop.0+0x7e4>
  101af0:	00640433          	add	s0,s0,t1
  101af4:	b55ff06f          	jal	zero,101648 <php_eval_expr.constprop.0+0x36c>
  101af8:	00c00793          	addi	a5,zero,12
  101afc:	cd5ff06f          	jal	zero,1017d0 <php_eval_expr.constprop.0+0x4f4>
  101b00:	00c685b3          	add	a1,a3,a2
  101b04:	0006c783          	lbu	a5,0(a3)
  101b08:	00168693          	addi	a3,a3,1
  101b0c:	00170713          	addi	a4,a4,1
  101b10:	fef70fa3          	sb	a5,-1(a4)
  101b14:	feb698e3          	bne	a3,a1,101b04 <php_eval_expr.constprop.0+0x828>
  101b18:	f51ff06f          	jal	zero,101a68 <php_eval_expr.constprop.0+0x78c>
  101b1c:	000d2683          	lw	a3,0(s10)
  101b20:	b906f6e3          	bgeu	a3,a6,1016ac <php_eval_expr.constprop.0+0x3d0>
  101b24:	00168593          	addi	a1,a3,1
  101b28:	00bd2023          	sw	a1,0(s10)
  101b2c:	00dc86b3          	add	a3,s9,a3
  101b30:	03078793          	addi	a5,a5,48
  101b34:	00f68023          	sb	a5,0(a3)
  101b38:	00100593          	addi	a1,zero,1
  101b3c:	fadff06f          	jal	zero,101ae8 <php_eval_expr.constprop.0+0x80c>
  101b40:	006b0613          	addi	a2,s6,6
  101b44:	000d0593          	addi	a1,s10,0
  101b48:	000c8513          	addi	a0,s9,0
  101b4c:	ebcff0ef          	jal	ra,101208 <php_emit_ip.constprop.0>
  101b50:	00d40413          	addi	s0,s0,13
  101b54:	ae051ae3          	bne	a0,zero,101648 <php_eval_expr.constprop.0+0x36c>
  101b58:	b55ff06f          	jal	zero,1016ac <php_eval_expr.constprop.0+0x3d0>
  101b5c:	00600313          	addi	t1,zero,6
  101b60:	f45ff06f          	jal	zero,101aa4 <php_eval_expr.constprop.0+0x7c8>
  101b64:	0009c703          	lbu	a4,0(s3)
  101b68:	000d2603          	lw	a2,0(s10)
  101b6c:	00000793          	addi	a5,zero,0
  101b70:	0c070e63          	beq	a4,zero,101c4c <php_eval_expr.constprop.0+0x970>
  101b74:	00078813          	addi	a6,a5,0
  101b78:	00178793          	addi	a5,a5,1
  101b7c:	00f98533          	add	a0,s3,a5
  101b80:	00054703          	lbu	a4,0(a0)
  101b84:	fe0718e3          	bne	a4,zero,101b74 <php_eval_expr.constprop.0+0x898>
  101b88:	00c78733          	add	a4,a5,a2
  101b8c:	000016b7          	lui	a3,0x1
  101b90:	b0e6eee3          	bltu	a3,a4,1016ac <php_eval_expr.constprop.0+0x3d0>
  101b94:	00cc86b3          	add	a3,s9,a2
  101b98:	00198713          	addi	a4,s3,1
  101b9c:	40e68733          	sub	a4,a3,a4
  101ba0:	00d9e5b3          	or	a1,s3,a3
  101ba4:	00373713          	sltiu	a4,a4,3
  101ba8:	0035f593          	andi	a1,a1,3
  101bac:	00174713          	xori	a4,a4,1
  101bb0:	0015b593          	sltiu	a1,a1,1
  101bb4:	00b77733          	and	a4,a4,a1
  101bb8:	0c070463          	beq	a4,zero,101c80 <php_eval_expr.constprop.0+0x9a4>
  101bbc:	00983713          	sltiu	a4,a6,9
  101bc0:	0c071063          	bne	a4,zero,101c80 <php_eval_expr.constprop.0+0x9a4>
  101bc4:	ffc7f713          	andi	a4,a5,-4
  101bc8:	00068593          	addi	a1,a3,0 # 1000 <_start-0xff000>
  101bcc:	00098513          	addi	a0,s3,0
  101bd0:	00e68733          	add	a4,a3,a4
  101bd4:	00052803          	lw	a6,0(a0)
  101bd8:	00458593          	addi	a1,a1,4
  101bdc:	00450513          	addi	a0,a0,4
  101be0:	ff05ae23          	sw	a6,-4(a1)
  101be4:	fee598e3          	bne	a1,a4,101bd4 <php_eval_expr.constprop.0+0x8f8>
  101be8:	ffc7f713          	andi	a4,a5,-4
  101bec:	04e78663          	beq	a5,a4,101c38 <php_eval_expr.constprop.0+0x95c>
  101bf0:	00e985b3          	add	a1,s3,a4
  101bf4:	0005c503          	lbu	a0,0(a1)
  101bf8:	00e686b3          	add	a3,a3,a4
  101bfc:	00170593          	addi	a1,a4,1
  101c00:	00a68023          	sb	a0,0(a3)
  101c04:	02f5fa63          	bgeu	a1,a5,101c38 <php_eval_expr.constprop.0+0x95c>
  101c08:	00b986b3          	add	a3,s3,a1
  101c0c:	0006c503          	lbu	a0,0(a3)
  101c10:	00bc86b3          	add	a3,s9,a1
  101c14:	00c686b3          	add	a3,a3,a2
  101c18:	00a68023          	sb	a0,0(a3)
  101c1c:	00270713          	addi	a4,a4,2
  101c20:	00f77c63          	bgeu	a4,a5,101c38 <php_eval_expr.constprop.0+0x95c>
  101c24:	00e986b3          	add	a3,s3,a4
  101c28:	0006c683          	lbu	a3,0(a3)
  101c2c:	00ec8733          	add	a4,s9,a4
  101c30:	00c70733          	add	a4,a4,a2
  101c34:	00d70023          	sb	a3,0(a4)
  101c38:	000d2703          	lw	a4,0(s10)
  101c3c:	00e78633          	add	a2,a5,a4
  101c40:	00840413          	addi	s0,s0,8
  101c44:	00cd2023          	sw	a2,0(s10)
  101c48:	a01ff06f          	jal	zero,101648 <php_eval_expr.constprop.0+0x36c>
  101c4c:	000017b7          	lui	a5,0x1
  101c50:	fec7f8e3          	bgeu	a5,a2,101c40 <php_eval_expr.constprop.0+0x964>
  101c54:	a59ff06f          	jal	zero,1016ac <php_eval_expr.constprop.0+0x3d0>
  101c58:	00000513          	addi	a0,zero,0
  101c5c:	00008067          	jalr	zero,0(ra)
  101c60:	00068793          	addi	a5,a3,0
  101c64:	00e40433          	add	s0,s0,a4
  101c68:	00064683          	lbu	a3,0(a2)
  101c6c:	00160613          	addi	a2,a2,1
  101c70:	00178793          	addi	a5,a5,1 # 1001 <_start-0xfefff>
  101c74:	fed78fa3          	sb	a3,-1(a5)
  101c78:	fe8618e3          	bne	a2,s0,101c68 <php_eval_expr.constprop.0+0x98c>
  101c7c:	9bdff06f          	jal	zero,101638 <php_eval_expr.constprop.0+0x35c>
  101c80:	00098713          	addi	a4,s3,0
  101c84:	00074603          	lbu	a2,0(a4)
  101c88:	00170713          	addi	a4,a4,1
  101c8c:	00168693          	addi	a3,a3,1
  101c90:	fec68fa3          	sb	a2,-1(a3)
  101c94:	fee518e3          	bne	a0,a4,101c84 <php_eval_expr.constprop.0+0x9a8>
  101c98:	fa1ff06f          	jal	zero,101c38 <php_eval_expr.constprop.0+0x95c>
  101c9c:	cc0696e3          	bne	a3,zero,101968 <php_eval_expr.constprop.0+0x68c>
  101ca0:	0009c683          	lbu	a3,0(s3)
  101ca4:	000d2783          	lw	a5,0(s10)
  101ca8:	00000713          	addi	a4,zero,0
  101cac:	0c068663          	beq	a3,zero,101d78 <php_eval_expr.constprop.0+0xa9c>
  101cb0:	00070813          	addi	a6,a4,0
  101cb4:	00170713          	addi	a4,a4,1
  101cb8:	00e98533          	add	a0,s3,a4
  101cbc:	00054683          	lbu	a3,0(a0)
  101cc0:	fe0698e3          	bne	a3,zero,101cb0 <php_eval_expr.constprop.0+0x9d4>
  101cc4:	00f706b3          	add	a3,a4,a5
  101cc8:	00001637          	lui	a2,0x1
  101ccc:	9ed660e3          	bltu	a2,a3,1016ac <php_eval_expr.constprop.0+0x3d0>
  101cd0:	00fc86b3          	add	a3,s9,a5
  101cd4:	00198613          	addi	a2,s3,1
  101cd8:	00d9e5b3          	or	a1,s3,a3
  101cdc:	40c68633          	sub	a2,a3,a2
  101ce0:	0035f593          	andi	a1,a1,3
  101ce4:	00363613          	sltiu	a2,a2,3
  101ce8:	0015b593          	sltiu	a1,a1,1
  101cec:	00164613          	xori	a2,a2,1
  101cf0:	00c5f633          	and	a2,a1,a2
  101cf4:	0a060063          	beq	a2,zero,101d94 <php_eval_expr.constprop.0+0xab8>
  101cf8:	00983813          	sltiu	a6,a6,9
  101cfc:	08081c63          	bne	a6,zero,101d94 <php_eval_expr.constprop.0+0xab8>
  101d00:	ffc77613          	andi	a2,a4,-4
  101d04:	00068593          	addi	a1,a3,0
  101d08:	00098513          	addi	a0,s3,0
  101d0c:	00c68633          	add	a2,a3,a2
  101d10:	00052803          	lw	a6,0(a0)
  101d14:	00458593          	addi	a1,a1,4
  101d18:	00450513          	addi	a0,a0,4
  101d1c:	ff05ae23          	sw	a6,-4(a1)
  101d20:	fec598e3          	bne	a1,a2,101d10 <php_eval_expr.constprop.0+0xa34>
  101d24:	ffc77613          	andi	a2,a4,-4
  101d28:	08e60263          	beq	a2,a4,101dac <php_eval_expr.constprop.0+0xad0>
  101d2c:	00c985b3          	add	a1,s3,a2
  101d30:	0005c503          	lbu	a0,0(a1)
  101d34:	00cc85b3          	add	a1,s9,a2
  101d38:	00f587b3          	add	a5,a1,a5
  101d3c:	00a78023          	sb	a0,0(a5)
  101d40:	00160793          	addi	a5,a2,1 # 1001 <_start-0xfefff>
  101d44:	06e7f463          	bgeu	a5,a4,101dac <php_eval_expr.constprop.0+0xad0>
  101d48:	00f985b3          	add	a1,s3,a5
  101d4c:	0005c583          	lbu	a1,0(a1)
  101d50:	00f687b3          	add	a5,a3,a5
  101d54:	00260613          	addi	a2,a2,2
  101d58:	00b78023          	sb	a1,0(a5)
  101d5c:	04e67863          	bgeu	a2,a4,101dac <php_eval_expr.constprop.0+0xad0>
  101d60:	00c987b3          	add	a5,s3,a2
  101d64:	0007c783          	lbu	a5,0(a5)
  101d68:	00c68633          	add	a2,a3,a2
  101d6c:	00f60023          	sb	a5,0(a2)
  101d70:	000d2783          	lw	a5,0(s10)
  101d74:	00c0006f          	jal	zero,101d80 <php_eval_expr.constprop.0+0xaa4>
  101d78:	000016b7          	lui	a3,0x1
  101d7c:	92f6e8e3          	bltu	a3,a5,1016ac <php_eval_expr.constprop.0+0x3d0>
  101d80:	00e787b3          	add	a5,a5,a4
  101d84:	00fd2023          	sw	a5,0(s10)
  101d88:	8c1ff06f          	jal	zero,101648 <php_eval_expr.constprop.0+0x36c>
  101d8c:	00810693          	addi	a3,sp,8
  101d90:	b55ff06f          	jal	zero,1018e4 <php_eval_expr.constprop.0+0x608>
  101d94:	00098793          	addi	a5,s3,0
  101d98:	0007c603          	lbu	a2,0(a5)
  101d9c:	00178793          	addi	a5,a5,1
  101da0:	00168693          	addi	a3,a3,1 # 1001 <_start-0xfefff>
  101da4:	fec68fa3          	sb	a2,-1(a3)
  101da8:	fea798e3          	bne	a5,a0,101d98 <php_eval_expr.constprop.0+0xabc>
  101dac:	000d2783          	lw	a5,0(s10)
  101db0:	fd1ff06f          	jal	zero,101d80 <php_eval_expr.constprop.0+0xaa4>
  101db4:	ee0686e3          	beq	a3,zero,101ca0 <php_eval_expr.constprop.0+0x9c4>
  101db8:	001067b7          	lui	a5,0x106
  101dbc:	00910593          	addi	a1,sp,9
  101dc0:	02578793          	addi	a5,a5,37 # 106025 <__mulsi3+0xced>
  101dc4:	00070613          	addi	a2,a4,0
  101dc8:	05000693          	addi	a3,zero,80
  101dcc:	00d61e63          	bne	a2,a3,101de8 <php_eval_expr.constprop.0+0xb0c>
  101dd0:	0005c603          	lbu	a2,0(a1)
  101dd4:	0007c683          	lbu	a3,0(a5)
  101dd8:	00158593          	addi	a1,a1,1
  101ddc:	00178793          	addi	a5,a5,1
  101de0:	12060863          	beq	a2,zero,101f10 <php_eval_expr.constprop.0+0xc34>
  101de4:	fe0694e3          	bne	a3,zero,101dcc <php_eval_expr.constprop.0+0xaf0>
  101de8:	001067b7          	lui	a5,0x106
  101dec:	00910593          	addi	a1,sp,9
  101df0:	03178793          	addi	a5,a5,49 # 106031 <__mulsi3+0xcf9>
  101df4:	00070613          	addi	a2,a4,0
  101df8:	05300693          	addi	a3,zero,83
  101dfc:	00c69e63          	bne	a3,a2,101e18 <php_eval_expr.constprop.0+0xb3c>
  101e00:	0005c603          	lbu	a2,0(a1)
  101e04:	0007c683          	lbu	a3,0(a5)
  101e08:	00158593          	addi	a1,a1,1
  101e0c:	00178793          	addi	a5,a5,1
  101e10:	10060463          	beq	a2,zero,101f18 <php_eval_expr.constprop.0+0xc3c>
  101e14:	fe0694e3          	bne	a3,zero,101dfc <php_eval_expr.constprop.0+0xb20>
  101e18:	001067b7          	lui	a5,0x106
  101e1c:	04c78613          	addi	a2,a5,76 # 10604c <__mulsi3+0xd14>
  101e20:	00910513          	addi	a0,sp,9
  101e24:	04c78793          	addi	a5,a5,76
  101e28:	00070693          	addi	a3,a4,0
  101e2c:	00000593          	addi	a1,zero,0
  101e30:	0180006f          	jal	zero,101e48 <php_eval_expr.constprop.0+0xb6c>
  101e34:	1cd81863          	bne	a6,a3,102004 <php_eval_expr.constprop.0+0xd28>
  101e38:	00054683          	lbu	a3,0(a0)
  101e3c:	00158593          	addi	a1,a1,1
  101e40:	00150513          	addi	a0,a0,1
  101e44:	00068863          	beq	a3,zero,101e54 <php_eval_expr.constprop.0+0xb78>
  101e48:	0007c803          	lbu	a6,0(a5)
  101e4c:	00178793          	addi	a5,a5,1
  101e50:	fe0812e3          	bne	a6,zero,101e34 <php_eval_expr.constprop.0+0xb58>
  101e54:	00b607b3          	add	a5,a2,a1
  101e58:	0007c783          	lbu	a5,0(a5)
  101e5c:	1ad79463          	bne	a5,a3,102004 <php_eval_expr.constprop.0+0xd28>
  101e60:	001067b7          	lui	a5,0x106
  101e64:	05c78613          	addi	a2,a5,92 # 10605c <__mulsi3+0xd24>
  101e68:	00100713          	addi	a4,zero,1
  101e6c:	05c78593          	addi	a1,a5,92
  101e70:	40c70733          	sub	a4,a4,a2
  101e74:	05c78793          	addi	a5,a5,92
  101e78:	0017c503          	lbu	a0,1(a5)
  101e7c:	00f706b3          	add	a3,a4,a5
  101e80:	00178793          	addi	a5,a5,1
  101e84:	fe051ae3          	bne	a0,zero,101e78 <php_eval_expr.constprop.0+0xb9c>
  101e88:	000d2783          	lw	a5,0(s10)
  101e8c:	00001737          	lui	a4,0x1
  101e90:	00d78533          	add	a0,a5,a3
  101e94:	80a76ce3          	bltu	a4,a0,1016ac <php_eval_expr.constprop.0+0x3d0>
  101e98:	00106737          	lui	a4,0x106
  101e9c:	00fc87b3          	add	a5,s9,a5
  101ea0:	05d70713          	addi	a4,a4,93 # 10605d <__mulsi3+0xd25>
  101ea4:	40e78733          	sub	a4,a5,a4
  101ea8:	0037f513          	andi	a0,a5,3
  101eac:	00373713          	sltiu	a4,a4,3
  101eb0:	00153513          	sltiu	a0,a0,1
  101eb4:	00174713          	xori	a4,a4,1
  101eb8:	00e57733          	and	a4,a0,a4
  101ebc:	3e070c63          	beq	a4,zero,1022b4 <php_eval_expr.constprop.0+0xfd8>
  101ec0:	fff68713          	addi	a4,a3,-1
  101ec4:	00873713          	sltiu	a4,a4,8
  101ec8:	3e071663          	bne	a4,zero,1022b4 <php_eval_expr.constprop.0+0xfd8>
  101ecc:	ffc6f713          	andi	a4,a3,-4
  101ed0:	00078513          	addi	a0,a5,0
  101ed4:	00e78733          	add	a4,a5,a4
  101ed8:	00062803          	lw	a6,0(a2)
  101edc:	00450513          	addi	a0,a0,4
  101ee0:	00460613          	addi	a2,a2,4
  101ee4:	ff052e23          	sw	a6,-4(a0)
  101ee8:	fee518e3          	bne	a0,a4,101ed8 <php_eval_expr.constprop.0+0xbfc>
  101eec:	ffc6f713          	andi	a4,a3,-4
  101ef0:	10d70263          	beq	a4,a3,101ff4 <php_eval_expr.constprop.0+0xd18>
  101ef4:	00e58633          	add	a2,a1,a4
  101ef8:	00064803          	lbu	a6,0(a2)
  101efc:	00e78533          	add	a0,a5,a4
  101f00:	00170613          	addi	a2,a4,1
  101f04:	01050023          	sb	a6,0(a0)
  101f08:	0cd66263          	bltu	a2,a3,101fcc <php_eval_expr.constprop.0+0xcf0>
  101f0c:	0e80006f          	jal	zero,101ff4 <php_eval_expr.constprop.0+0xd18>
  101f10:	d80688e3          	beq	a3,zero,101ca0 <php_eval_expr.constprop.0+0x9c4>
  101f14:	ed5ff06f          	jal	zero,101de8 <php_eval_expr.constprop.0+0xb0c>
  101f18:	f00690e3          	bne	a3,zero,101e18 <php_eval_expr.constprop.0+0xb3c>
  101f1c:	001067b7          	lui	a5,0x106
  101f20:	04078613          	addi	a2,a5,64 # 106040 <__mulsi3+0xd08>
  101f24:	00100713          	addi	a4,zero,1
  101f28:	04078593          	addi	a1,a5,64
  101f2c:	40c70733          	sub	a4,a4,a2
  101f30:	04078793          	addi	a5,a5,64
  101f34:	0017c503          	lbu	a0,1(a5)
  101f38:	00f706b3          	add	a3,a4,a5
  101f3c:	00178793          	addi	a5,a5,1
  101f40:	fe051ae3          	bne	a0,zero,101f34 <php_eval_expr.constprop.0+0xc58>
  101f44:	000d2803          	lw	a6,0(s10)
  101f48:	000017b7          	lui	a5,0x1
  101f4c:	00d80733          	add	a4,a6,a3
  101f50:	f4e7ee63          	bltu	a5,a4,1016ac <php_eval_expr.constprop.0+0x3d0>
  101f54:	00106737          	lui	a4,0x106
  101f58:	010c87b3          	add	a5,s9,a6
  101f5c:	04170713          	addi	a4,a4,65 # 106041 <__mulsi3+0xd09>
  101f60:	40e78733          	sub	a4,a5,a4
  101f64:	00373713          	sltiu	a4,a4,3
  101f68:	0037f513          	andi	a0,a5,3
  101f6c:	00174713          	xori	a4,a4,1
  101f70:	00153513          	sltiu	a0,a0,1
  101f74:	00a77733          	and	a4,a4,a0
  101f78:	1c070263          	beq	a4,zero,10213c <php_eval_expr.constprop.0+0xe60>
  101f7c:	fff68713          	addi	a4,a3,-1
  101f80:	00873713          	sltiu	a4,a4,8
  101f84:	1a071c63          	bne	a4,zero,10213c <php_eval_expr.constprop.0+0xe60>
  101f88:	ffc6f713          	andi	a4,a3,-4
  101f8c:	00078513          	addi	a0,a5,0 # 1000 <_start-0xff000>
  101f90:	00e78733          	add	a4,a5,a4
  101f94:	00062883          	lw	a7,0(a2)
  101f98:	00450513          	addi	a0,a0,4
  101f9c:	00460613          	addi	a2,a2,4
  101fa0:	ff152e23          	sw	a7,-4(a0)
  101fa4:	fee518e3          	bne	a0,a4,101f94 <php_eval_expr.constprop.0+0xcb8>
  101fa8:	ffc6f713          	andi	a4,a3,-4
  101fac:	04d70463          	beq	a4,a3,101ff4 <php_eval_expr.constprop.0+0xd18>
  101fb0:	00e58633          	add	a2,a1,a4
  101fb4:	00064503          	lbu	a0,0(a2)
  101fb8:	00ec8633          	add	a2,s9,a4
  101fbc:	01060633          	add	a2,a2,a6
  101fc0:	00a60023          	sb	a0,0(a2)
  101fc4:	00170613          	addi	a2,a4,1
  101fc8:	02d67663          	bgeu	a2,a3,101ff4 <php_eval_expr.constprop.0+0xd18>
  101fcc:	00c58533          	add	a0,a1,a2
  101fd0:	00054503          	lbu	a0,0(a0)
  101fd4:	00c78633          	add	a2,a5,a2
  101fd8:	00270713          	addi	a4,a4,2
  101fdc:	00a60023          	sb	a0,0(a2)
  101fe0:	00d77a63          	bgeu	a4,a3,101ff4 <php_eval_expr.constprop.0+0xd18>
  101fe4:	00e585b3          	add	a1,a1,a4
  101fe8:	0005c603          	lbu	a2,0(a1)
  101fec:	00e78733          	add	a4,a5,a4
  101ff0:	00c70023          	sb	a2,0(a4)
  101ff4:	000d2783          	lw	a5,0(s10)
  101ff8:	00d786b3          	add	a3,a5,a3
  101ffc:	00dd2023          	sw	a3,0(s10)
  102000:	e48ff06f          	jal	zero,101648 <php_eval_expr.constprop.0+0x36c>
  102004:	001067b7          	lui	a5,0x106
  102008:	06878613          	addi	a2,a5,104 # 106068 <__mulsi3+0xd30>
  10200c:	00910513          	addi	a0,sp,9
  102010:	06878793          	addi	a5,a5,104
  102014:	00070693          	addi	a3,a4,0
  102018:	00000593          	addi	a1,zero,0
  10201c:	0180006f          	jal	zero,102034 <php_eval_expr.constprop.0+0xd58>
  102020:	ecd81463          	bne	a6,a3,1016e8 <php_eval_expr.constprop.0+0x40c>
  102024:	00054683          	lbu	a3,0(a0)
  102028:	00158593          	addi	a1,a1,1
  10202c:	00150513          	addi	a0,a0,1
  102030:	00068863          	beq	a3,zero,102040 <php_eval_expr.constprop.0+0xd64>
  102034:	0007c803          	lbu	a6,0(a5)
  102038:	00178793          	addi	a5,a5,1
  10203c:	fe0812e3          	bne	a6,zero,102020 <php_eval_expr.constprop.0+0xd44>
  102040:	00b607b3          	add	a5,a2,a1
  102044:	0007c783          	lbu	a5,0(a5)
  102048:	ead79063          	bne	a5,a3,1016e8 <php_eval_expr.constprop.0+0x40c>
  10204c:	000a2503          	lw	a0,0(s4)
  102050:	10050463          	beq	a0,zero,102158 <php_eval_expr.constprop.0+0xe7c>
  102054:	11c54783          	lbu	a5,284(a0)
  102058:	10078063          	beq	a5,zero,102158 <php_eval_expr.constprop.0+0xe7c>
  10205c:	11c50693          	addi	a3,a0,284
  102060:	00000713          	addi	a4,zero,0
  102064:	00070893          	addi	a7,a4,0
  102068:	00170713          	addi	a4,a4,1
  10206c:	00e507b3          	add	a5,a0,a4
  102070:	11c7c783          	lbu	a5,284(a5)
  102074:	fe0798e3          	bne	a5,zero,102064 <php_eval_expr.constprop.0+0xd88>
  102078:	000d2583          	lw	a1,0(s10)
  10207c:	000017b7          	lui	a5,0x1
  102080:	00b70633          	add	a2,a4,a1
  102084:	e2c7e463          	bltu	a5,a2,1016ac <php_eval_expr.constprop.0+0x3d0>
  102088:	00bc8633          	add	a2,s9,a1
  10208c:	11d50793          	addi	a5,a0,285
  102090:	40f607b3          	sub	a5,a2,a5
  102094:	00d66833          	or	a6,a2,a3
  102098:	0037b793          	sltiu	a5,a5,3
  10209c:	00387813          	andi	a6,a6,3
  1020a0:	0017c793          	xori	a5,a5,1
  1020a4:	00183813          	sltiu	a6,a6,1
  1020a8:	0107f7b3          	and	a5,a5,a6
  1020ac:	18078263          	beq	a5,zero,102230 <php_eval_expr.constprop.0+0xf54>
  1020b0:	0098b793          	sltiu	a5,a7,9
  1020b4:	16079e63          	bne	a5,zero,102230 <php_eval_expr.constprop.0+0xf54>
  1020b8:	ffc77793          	andi	a5,a4,-4
  1020bc:	00068513          	addi	a0,a3,0
  1020c0:	00f607b3          	add	a5,a2,a5
  1020c4:	00052803          	lw	a6,0(a0)
  1020c8:	00460613          	addi	a2,a2,4
  1020cc:	00450513          	addi	a0,a0,4
  1020d0:	ff062e23          	sw	a6,-4(a2)
  1020d4:	fef618e3          	bne	a2,a5,1020c4 <php_eval_expr.constprop.0+0xde8>
  1020d8:	ffc77793          	andi	a5,a4,-4
  1020dc:	04e78863          	beq	a5,a4,10212c <php_eval_expr.constprop.0+0xe50>
  1020e0:	00f68633          	add	a2,a3,a5
  1020e4:	00064503          	lbu	a0,0(a2)
  1020e8:	00fc8633          	add	a2,s9,a5
  1020ec:	00b60633          	add	a2,a2,a1
  1020f0:	00a60023          	sb	a0,0(a2)
  1020f4:	00178613          	addi	a2,a5,1 # 1001 <_start-0xfefff>
  1020f8:	02e67a63          	bgeu	a2,a4,10212c <php_eval_expr.constprop.0+0xe50>
  1020fc:	00c68533          	add	a0,a3,a2
  102100:	00054503          	lbu	a0,0(a0)
  102104:	00cc8633          	add	a2,s9,a2
  102108:	00b60633          	add	a2,a2,a1
  10210c:	00a60023          	sb	a0,0(a2)
  102110:	00278793          	addi	a5,a5,2
  102114:	00e7fc63          	bgeu	a5,a4,10212c <php_eval_expr.constprop.0+0xe50>
  102118:	00f686b3          	add	a3,a3,a5
  10211c:	0006c683          	lbu	a3,0(a3)
  102120:	00fc87b3          	add	a5,s9,a5
  102124:	00b787b3          	add	a5,a5,a1
  102128:	00d78023          	sb	a3,0(a5)
  10212c:	000d2783          	lw	a5,0(s10)
  102130:	00e78733          	add	a4,a5,a4
  102134:	00ed2023          	sw	a4,0(s10)
  102138:	d10ff06f          	jal	zero,101648 <php_eval_expr.constprop.0+0x36c>
  10213c:	00d60733          	add	a4,a2,a3
  102140:	00064583          	lbu	a1,0(a2)
  102144:	00160613          	addi	a2,a2,1
  102148:	00178793          	addi	a5,a5,1
  10214c:	feb78fa3          	sb	a1,-1(a5)
  102150:	fee618e3          	bne	a2,a4,102140 <php_eval_expr.constprop.0+0xe64>
  102154:	ea1ff06f          	jal	zero,101ff4 <php_eval_expr.constprop.0+0xd18>
  102158:	001067b7          	lui	a5,0x106
  10215c:	07878513          	addi	a0,a5,120 # 106078 <__mulsi3+0xd40>
  102160:	00100713          	addi	a4,zero,1
  102164:	07878613          	addi	a2,a5,120
  102168:	40a70733          	sub	a4,a4,a0
  10216c:	07878793          	addi	a5,a5,120
  102170:	0017c583          	lbu	a1,1(a5)
  102174:	00f706b3          	add	a3,a4,a5
  102178:	00178793          	addi	a5,a5,1
  10217c:	fe059ae3          	bne	a1,zero,102170 <php_eval_expr.constprop.0+0xe94>
  102180:	000d2783          	lw	a5,0(s10)
  102184:	00001737          	lui	a4,0x1
  102188:	00d785b3          	add	a1,a5,a3
  10218c:	d2b76063          	bltu	a4,a1,1016ac <php_eval_expr.constprop.0+0x3d0>
  102190:	00fc8733          	add	a4,s9,a5
  102194:	001067b7          	lui	a5,0x106
  102198:	07978793          	addi	a5,a5,121 # 106079 <__mulsi3+0xd41>
  10219c:	40f707b3          	sub	a5,a4,a5
  1021a0:	0037b793          	sltiu	a5,a5,3
  1021a4:	00377593          	andi	a1,a4,3
  1021a8:	0017c793          	xori	a5,a5,1
  1021ac:	0015b593          	sltiu	a1,a1,1
  1021b0:	00b7f7b3          	and	a5,a5,a1
  1021b4:	10078e63          	beq	a5,zero,1022d0 <php_eval_expr.constprop.0+0xff4>
  1021b8:	fff68793          	addi	a5,a3,-1
  1021bc:	0087b793          	sltiu	a5,a5,8
  1021c0:	10079863          	bne	a5,zero,1022d0 <php_eval_expr.constprop.0+0xff4>
  1021c4:	ffc6f793          	andi	a5,a3,-4
  1021c8:	00070593          	addi	a1,a4,0 # 1000 <_start-0xff000>
  1021cc:	00f707b3          	add	a5,a4,a5
  1021d0:	00052803          	lw	a6,0(a0)
  1021d4:	00458593          	addi	a1,a1,4
  1021d8:	00450513          	addi	a0,a0,4
  1021dc:	ff05ae23          	sw	a6,-4(a1)
  1021e0:	fef598e3          	bne	a1,a5,1021d0 <php_eval_expr.constprop.0+0xef4>
  1021e4:	ffc6f793          	andi	a5,a3,-4
  1021e8:	e0d786e3          	beq	a5,a3,101ff4 <php_eval_expr.constprop.0+0xd18>
  1021ec:	00f605b3          	add	a1,a2,a5
  1021f0:	0005c803          	lbu	a6,0(a1)
  1021f4:	00f70533          	add	a0,a4,a5
  1021f8:	00178593          	addi	a1,a5,1
  1021fc:	01050023          	sb	a6,0(a0)
  102200:	ded5fae3          	bgeu	a1,a3,101ff4 <php_eval_expr.constprop.0+0xd18>
  102204:	00b60533          	add	a0,a2,a1
  102208:	00054503          	lbu	a0,0(a0)
  10220c:	00b705b3          	add	a1,a4,a1
  102210:	00278793          	addi	a5,a5,2
  102214:	00a58023          	sb	a0,0(a1)
  102218:	dcd7fee3          	bgeu	a5,a3,101ff4 <php_eval_expr.constprop.0+0xd18>
  10221c:	00f60633          	add	a2,a2,a5
  102220:	00064603          	lbu	a2,0(a2)
  102224:	00f707b3          	add	a5,a4,a5
  102228:	00c78023          	sb	a2,0(a5)
  10222c:	dc9ff06f          	jal	zero,101ff4 <php_eval_expr.constprop.0+0xd18>
  102230:	00000793          	addi	a5,zero,0
  102234:	00f506b3          	add	a3,a0,a5
  102238:	11c6c803          	lbu	a6,284(a3)
  10223c:	00f605b3          	add	a1,a2,a5
  102240:	00078693          	addi	a3,a5,0
  102244:	01058023          	sb	a6,0(a1)
  102248:	00178793          	addi	a5,a5,1
  10224c:	ff1694e3          	bne	a3,a7,102234 <php_eval_expr.constprop.0+0xf58>
  102250:	eddff06f          	jal	zero,10212c <php_eval_expr.constprop.0+0xe50>
  102254:	001067b7          	lui	a5,0x106
  102258:	09c78693          	addi	a3,a5,156 # 10609c <__mulsi3+0xd64>
  10225c:	00910593          	addi	a1,sp,9
  102260:	09c78793          	addi	a5,a5,156
  102264:	00000613          	addi	a2,zero,0
  102268:	0180006f          	jal	zero,102280 <php_eval_expr.constprop.0+0xfa4>
  10226c:	c4e51063          	bne	a0,a4,1016ac <php_eval_expr.constprop.0+0x3d0>
  102270:	0005c703          	lbu	a4,0(a1)
  102274:	00160613          	addi	a2,a2,1
  102278:	00158593          	addi	a1,a1,1
  10227c:	00070863          	beq	a4,zero,10228c <php_eval_expr.constprop.0+0xfb0>
  102280:	0007c503          	lbu	a0,0(a5)
  102284:	00178793          	addi	a5,a5,1
  102288:	fe0512e3          	bne	a0,zero,10226c <php_eval_expr.constprop.0+0xf90>
  10228c:	00c687b3          	add	a5,a3,a2
  102290:	0007c783          	lbu	a5,0(a5)
  102294:	c0e79c63          	bne	a5,a4,1016ac <php_eval_expr.constprop.0+0x3d0>
  102298:	006b0613          	addi	a2,s6,6
  10229c:	000d0593          	addi	a1,s10,0
  1022a0:	000c8513          	addi	a0,s9,0
  1022a4:	f65fe0ef          	jal	ra,101208 <php_emit_ip.constprop.0>
  1022a8:	00050793          	addi	a5,a0,0
  1022ac:	ca079063          	bne	a5,zero,10174c <php_eval_expr.constprop.0+0x470>
  1022b0:	bfcff06f          	jal	zero,1016ac <php_eval_expr.constprop.0+0x3d0>
  1022b4:	00d60733          	add	a4,a2,a3
  1022b8:	00064583          	lbu	a1,0(a2)
  1022bc:	00160613          	addi	a2,a2,1
  1022c0:	00178793          	addi	a5,a5,1
  1022c4:	feb78fa3          	sb	a1,-1(a5)
  1022c8:	fee618e3          	bne	a2,a4,1022b8 <php_eval_expr.constprop.0+0xfdc>
  1022cc:	d29ff06f          	jal	zero,101ff4 <php_eval_expr.constprop.0+0xd18>
  1022d0:	00000793          	addi	a5,zero,0
  1022d4:	00f605b3          	add	a1,a2,a5
  1022d8:	0005c503          	lbu	a0,0(a1)
  1022dc:	00f705b3          	add	a1,a4,a5
  1022e0:	00178793          	addi	a5,a5,1
  1022e4:	00a58023          	sb	a0,0(a1)
  1022e8:	fed796e3          	bne	a5,a3,1022d4 <php_eval_expr.constprop.0+0xff8>
  1022ec:	d09ff06f          	jal	zero,101ff4 <php_eval_expr.constprop.0+0xd18>

001022f0 <send_dhcp_discover.constprop.0>:
  1022f0:	e9010113          	addi	sp,sp,-368
  1022f4:	16812423          	sw	s0,360(sp)
  1022f8:	00107437          	lui	s0,0x107
  1022fc:	17212023          	sw	s2,352(sp)
  102300:	444845b7          	lui	a1,0x44484
  102304:	00040913          	addi	s2,s0,0 # 107000 <g_ctx>
  102308:	77892603          	lw	a2,1912(s2)
  10230c:	16112623          	sw	ra,364(sp)
  102310:	16912223          	sw	s1,356(sp)
  102314:	15312e23          	sw	s3,348(sp)
  102318:	15412c23          	sw	s4,344(sp)
  10231c:	15512a23          	sw	s5,340(sp)
  102320:	35058593          	addi	a1,a1,848 # 44484350 <__bss_end+0x44362348>
  102324:	00000513          	addi	a0,zero,0
  102328:	00100893          	addi	a7,zero,1
  10232c:	00000073          	ecall
  102330:	fff00a93          	addi	s5,zero,-1
  102334:	00100593          	addi	a1,zero,1
  102338:	01010513          	addi	a0,sp,16
  10233c:	01512623          	sw	s5,12(sp)
  102340:	c4cfe0ef          	jal	ra,10078c <write_dhcp_base.constprop.0>
  102344:	00150a13          	addi	s4,a0,1
  102348:	04495803          	lhu	a6,68(s2)
  10234c:	010a1493          	slli	s1,s4,0x10
  102350:	04092883          	lw	a7,64(s2)
  102354:	0104d493          	srli	s1,s1,0x10
  102358:	00019437          	lui	s0,0x19
  10235c:	01240433          	add	s0,s0,s2
  102360:	77895783          	lhu	a5,1912(s2)
  102364:	01c48593          	addi	a1,s1,28
  102368:	15010713          	addi	a4,sp,336
  10236c:	00a70333          	add	t1,a4,a0
  102370:	00050993          	addi	s3,a0,0
  102374:	a3041223          	sh	a6,-1500(s0) # 18a24 <_start-0xe75dc>
  102378:	001076b7          	lui	a3,0x107
  10237c:	00800813          	addi	a6,zero,8
  102380:	01059593          	slli	a1,a1,0x10
  102384:	00120537          	lui	a0,0x120
  102388:	0105d593          	srli	a1,a1,0x10
  10238c:	00c10713          	addi	a4,sp,12
  102390:	04668693          	addi	a3,a3,70 # 107046 <g_ctx+0x46>
  102394:	01100613          	addi	a2,zero,17
  102398:	a2850513          	addi	a0,a0,-1496 # 11fa28 <__global_pointer$+0x18228>
  10239c:	a1541d23          	sh	s5,-1510(s0)
  1023a0:	a1542e23          	sw	s5,-1508(s0)
  1023a4:	a3142023          	sw	a7,-1504(s0)
  1023a8:	a3041323          	sh	a6,-1498(s0)
  1023ac:	00848493          	addi	s1,s1,8
  1023b0:	ed530023          	sb	s5,-320(t1)
  1023b4:	e20fe0ef          	jal	ra,1009d4 <build_ipv4>
  1023b8:	01049793          	slli	a5,s1,0x10
  1023bc:	0107d793          	srli	a5,a5,0x10
  1023c0:	0087d793          	srli	a5,a5,0x8
  1023c4:	00849493          	slli	s1,s1,0x8
  1023c8:	00f4e4b3          	or	s1,s1,a5
  1023cc:	430047b7          	lui	a5,0x43004
  1023d0:	40078793          	addi	a5,a5,1024 # 43004400 <__bss_end+0x42ee23f8>
  1023d4:	a2f42e23          	sw	a5,-1476(s0)
  1023d8:	a4941023          	sh	s1,-1472(s0)
  1023dc:	a4041123          	sh	zero,-1470(s0)
  1023e0:	02b98593          	addi	a1,s3,43
  1023e4:	080a0663          	beq	s4,zero,102470 <send_dhcp_discover.constprop.0+0x180>
  1023e8:	00200793          	addi	a5,zero,2
  1023ec:	0b37fa63          	bgeu	a5,s3,1024a0 <send_dhcp_discover.constprop.0+0x1b0>
  1023f0:	00120737          	lui	a4,0x120
  1023f4:	01010793          	addi	a5,sp,16
  1023f8:	ffca7613          	andi	a2,s4,-4
  1023fc:	a4470513          	addi	a0,a4,-1468 # 11fa44 <__global_pointer$+0x18244>
  102400:	00c78633          	add	a2,a5,a2
  102404:	a4470713          	addi	a4,a4,-1468
  102408:	0007a683          	lw	a3,0(a5)
  10240c:	00478793          	addi	a5,a5,4
  102410:	00470713          	addi	a4,a4,4
  102414:	fed72e23          	sw	a3,-4(a4)
  102418:	fef618e3          	bne	a2,a5,102408 <send_dhcp_discover.constprop.0+0x118>
  10241c:	ffca7793          	andi	a5,s4,-4
  102420:	04fa0863          	beq	s4,a5,102470 <send_dhcp_discover.constprop.0+0x180>
  102424:	15010713          	addi	a4,sp,336
  102428:	00f70733          	add	a4,a4,a5
  10242c:	ec074603          	lbu	a2,-320(a4)
  102430:	00f506b3          	add	a3,a0,a5
  102434:	00178713          	addi	a4,a5,1
  102438:	00c68023          	sb	a2,0(a3)
  10243c:	03477a63          	bgeu	a4,s4,102470 <send_dhcp_discover.constprop.0+0x180>
  102440:	15010693          	addi	a3,sp,336
  102444:	00e686b3          	add	a3,a3,a4
  102448:	ec06c683          	lbu	a3,-320(a3)
  10244c:	00e50733          	add	a4,a0,a4
  102450:	00278793          	addi	a5,a5,2
  102454:	00d70023          	sb	a3,0(a4)
  102458:	0147fc63          	bgeu	a5,s4,102470 <send_dhcp_discover.constprop.0+0x180>
  10245c:	15010713          	addi	a4,sp,336
  102460:	00f70733          	add	a4,a4,a5
  102464:	ec074703          	lbu	a4,-320(a4)
  102468:	00f507b3          	add	a5,a0,a5
  10246c:	00e78023          	sb	a4,0(a5)
  102470:	00120537          	lui	a0,0x120
  102474:	a1a50513          	addi	a0,a0,-1510 # 11fa1a <__global_pointer$+0x1821a>
  102478:	9cdfe0ef          	jal	ra,100e44 <nic_send.isra.0>
  10247c:	16c12083          	lw	ra,364(sp)
  102480:	16812403          	lw	s0,360(sp)
  102484:	16412483          	lw	s1,356(sp)
  102488:	16012903          	lw	s2,352(sp)
  10248c:	15c12983          	lw	s3,348(sp)
  102490:	15812a03          	lw	s4,344(sp)
  102494:	15412a83          	lw	s5,340(sp)
  102498:	17010113          	addi	sp,sp,368
  10249c:	00008067          	jalr	zero,0(ra)
  1024a0:	00120537          	lui	a0,0x120
  1024a4:	00000793          	addi	a5,zero,0
  1024a8:	a4450513          	addi	a0,a0,-1468 # 11fa44 <__global_pointer$+0x18244>
  1024ac:	f79ff06f          	jal	zero,102424 <send_dhcp_discover.constprop.0+0x134>

001024b0 <send_http_response.constprop.0>:
  1024b0:	af010113          	addi	sp,sp,-1296
  1024b4:	4f512a23          	sw	s5,1268(sp)
  1024b8:	4f612823          	sw	s6,1264(sp)
  1024bc:	4db12e23          	sw	s11,1244(sp)
  1024c0:	50112623          	sw	ra,1292(sp)
  1024c4:	50812423          	sw	s0,1288(sp)
  1024c8:	50912223          	sw	s1,1284(sp)
  1024cc:	51212023          	sw	s2,1280(sp)
  1024d0:	4f312e23          	sw	s3,1276(sp)
  1024d4:	4f412c23          	sw	s4,1272(sp)
  1024d8:	4f712623          	sw	s7,1260(sp)
  1024dc:	4f812423          	sw	s8,1256(sp)
  1024e0:	4f912223          	sw	s9,1252(sp)
  1024e4:	4fa12023          	sw	s10,1248(sp)
  1024e8:	0c800313          	addi	t1,zero,200
  1024ec:	00c12e23          	sw	a2,28(sp)
  1024f0:	00d12a23          	sw	a3,20(sp)
  1024f4:	01112623          	sw	a7,12(sp)
  1024f8:	00050d93          	addi	s11,a0,0
  1024fc:	00058b13          	addi	s6,a1,0
  102500:	00070a93          	addi	s5,a4,0
  102504:	5a680263          	beq	a6,t1,102aa8 <send_http_response.constprop.0+0x5f8>
  102508:	19400713          	addi	a4,zero,404
  10250c:	4ae80863          	beq	a6,a4,1029bc <send_http_response.constprop.0+0x50c>
  102510:	00106737          	lui	a4,0x106
  102514:	21470513          	addi	a0,a4,532 # 106214 <__mulsi3+0xedc>
  102518:	00100613          	addi	a2,zero,1
  10251c:	21470713          	addi	a4,a4,532
  102520:	40a60633          	sub	a2,a2,a0
  102524:	00174683          	lbu	a3,1(a4)
  102528:	00e605b3          	add	a1,a2,a4
  10252c:	00170713          	addi	a4,a4,1
  102530:	fe069ae3          	bne	a3,zero,102524 <send_http_response.constprop.0+0x74>
  102534:	00000713          	addi	a4,zero,0
  102538:	02010413          	addi	s0,sp,32
  10253c:	4b000813          	addi	a6,zero,1200
  102540:	0080006f          	jal	zero,102548 <send_http_response.constprop.0+0x98>
  102544:	47070863          	beq	a4,a6,1029b4 <send_http_response.constprop.0+0x504>
  102548:	00170713          	addi	a4,a4,1
  10254c:	00e506b3          	add	a3,a0,a4
  102550:	fff6c603          	lbu	a2,-1(a3)
  102554:	00e406b3          	add	a3,s0,a4
  102558:	fec68fa3          	sb	a2,-1(a3)
  10255c:	feb714e3          	bne	a4,a1,102544 <send_http_response.constprop.0+0x94>
  102560:	00106737          	lui	a4,0x106
  102564:	23c70813          	addi	a6,a4,572 # 10623c <__mulsi3+0xf04>
  102568:	00100513          	addi	a0,zero,1
  10256c:	23c70713          	addi	a4,a4,572
  102570:	41050533          	sub	a0,a0,a6
  102574:	00174683          	lbu	a3,1(a4)
  102578:	00e50633          	add	a2,a0,a4
  10257c:	00170713          	addi	a4,a4,1
  102580:	fe069ae3          	bne	a3,zero,102574 <send_http_response.constprop.0+0xc4>
  102584:	4b000713          	addi	a4,zero,1200
  102588:	3ee58a63          	beq	a1,a4,10297c <send_http_response.constprop.0+0x4cc>
  10258c:	00c58633          	add	a2,a1,a2
  102590:	00058713          	addi	a4,a1,0
  102594:	4b000893          	addi	a7,zero,1200
  102598:	0080006f          	jal	zero,1025a0 <send_http_response.constprop.0+0xf0>
  10259c:	3f170063          	beq	a4,a7,10297c <send_http_response.constprop.0+0x4cc>
  1025a0:	00170713          	addi	a4,a4,1
  1025a4:	40b706b3          	sub	a3,a4,a1
  1025a8:	00d806b3          	add	a3,a6,a3
  1025ac:	fff6c503          	lbu	a0,-1(a3)
  1025b0:	00e406b3          	add	a3,s0,a4
  1025b4:	fea68fa3          	sb	a0,-1(a3)
  1025b8:	fec712e3          	bne	a4,a2,10259c <send_http_response.constprop.0+0xec>
  1025bc:	00100713          	addi	a4,zero,1
  1025c0:	3ce78463          	beq	a5,a4,102988 <send_http_response.constprop.0+0x4d8>
  1025c4:	00200713          	addi	a4,zero,2
  1025c8:	46e78463          	beq	a5,a4,102a30 <send_http_response.constprop.0+0x580>
  1025cc:	00300713          	addi	a4,zero,3
  1025d0:	46e78663          	beq	a5,a4,102a3c <send_http_response.constprop.0+0x58c>
  1025d4:	00400713          	addi	a4,zero,4
  1025d8:	46e78863          	beq	a5,a4,102a48 <send_http_response.constprop.0+0x598>
  1025dc:	00500713          	addi	a4,zero,5
  1025e0:	4ae78863          	beq	a5,a4,102a90 <send_http_response.constprop.0+0x5e0>
  1025e4:	00600713          	addi	a4,zero,6
  1025e8:	4ae78a63          	beq	a5,a4,102a9c <send_http_response.constprop.0+0x5ec>
  1025ec:	00700713          	addi	a4,zero,7
  1025f0:	50e78663          	beq	a5,a4,102afc <send_http_response.constprop.0+0x64c>
  1025f4:	00800713          	addi	a4,zero,8
  1025f8:	50e78863          	beq	a5,a4,102b08 <send_http_response.constprop.0+0x658>
  1025fc:	00a00713          	addi	a4,zero,10
  102600:	38e78463          	beq	a5,a4,102988 <send_http_response.constprop.0+0x4d8>
  102604:	001065b7          	lui	a1,0x106
  102608:	1c858593          	addi	a1,a1,456 # 1061c8 <__mulsi3+0xe90>
  10260c:	00000793          	addi	a5,zero,0
  102610:	00178793          	addi	a5,a5,1
  102614:	00f58733          	add	a4,a1,a5
  102618:	00074703          	lbu	a4,0(a4)
  10261c:	fe071ae3          	bne	a4,zero,102610 <send_http_response.constprop.0+0x160>
  102620:	4b000713          	addi	a4,zero,1200
  102624:	38e60463          	beq	a2,a4,1029ac <send_http_response.constprop.0+0x4fc>
  102628:	00c786b3          	add	a3,a5,a2
  10262c:	4b000813          	addi	a6,zero,1200
  102630:	00060793          	addi	a5,a2,0
  102634:	0080006f          	jal	zero,10263c <send_http_response.constprop.0+0x18c>
  102638:	37078a63          	beq	a5,a6,1029ac <send_http_response.constprop.0+0x4fc>
  10263c:	00178793          	addi	a5,a5,1
  102640:	40c78733          	sub	a4,a5,a2
  102644:	00e58733          	add	a4,a1,a4
  102648:	fff74503          	lbu	a0,-1(a4)
  10264c:	00f40733          	add	a4,s0,a5
  102650:	fea70fa3          	sb	a0,-1(a4)
  102654:	fed792e3          	bne	a5,a3,102638 <send_http_response.constprop.0+0x188>
  102658:	001067b7          	lui	a5,0x106
  10265c:	24c78513          	addi	a0,a5,588 # 10624c <__mulsi3+0xf14>
  102660:	00100593          	addi	a1,zero,1
  102664:	24c78793          	addi	a5,a5,588
  102668:	40a585b3          	sub	a1,a1,a0
  10266c:	0017c603          	lbu	a2,1(a5)
  102670:	00f58733          	add	a4,a1,a5
  102674:	00178793          	addi	a5,a5,1
  102678:	fe061ae3          	bne	a2,zero,10266c <send_http_response.constprop.0+0x1bc>
  10267c:	4b000793          	addi	a5,zero,1200
  102680:	32f68263          	beq	a3,a5,1029a4 <send_http_response.constprop.0+0x4f4>
  102684:	00d70733          	add	a4,a4,a3
  102688:	00068793          	addi	a5,a3,0
  10268c:	4b000813          	addi	a6,zero,1200
  102690:	0080006f          	jal	zero,102698 <send_http_response.constprop.0+0x1e8>
  102694:	31078863          	beq	a5,a6,1029a4 <send_http_response.constprop.0+0x4f4>
  102698:	00178793          	addi	a5,a5,1
  10269c:	40d78633          	sub	a2,a5,a3
  1026a0:	00c50633          	add	a2,a0,a2
  1026a4:	fff64583          	lbu	a1,-1(a2)
  1026a8:	00f40633          	add	a2,s0,a5
  1026ac:	feb60fa3          	sb	a1,-1(a2)
  1026b0:	fee792e3          	bne	a5,a4,102694 <send_http_response.constprop.0+0x1e4>
  1026b4:	001066b7          	lui	a3,0x106
  1026b8:	3f468693          	addi	a3,a3,1012 # 1063f4 <powers.0>
  1026bc:	02868593          	addi	a1,a3,40
  1026c0:	000a8313          	addi	t1,s5,0
  1026c4:	00000613          	addi	a2,zero,0
  1026c8:	4b000513          	addi	a0,zero,1200
  1026cc:	00100813          	addi	a6,zero,1
  1026d0:	0006ae03          	lw	t3,0(a3)
  1026d4:	00000793          	addi	a5,zero,0
  1026d8:	01c36c63          	bltu	t1,t3,1026f0 <send_http_response.constprop.0+0x240>
  1026dc:	00178793          	addi	a5,a5,1
  1026e0:	41c30333          	sub	t1,t1,t3
  1026e4:	0ff7f793          	andi	a5,a5,255
  1026e8:	ffc37ae3          	bgeu	t1,t3,1026dc <send_http_response.constprop.0+0x22c>
  1026ec:	00c7e633          	or	a2,a5,a2
  1026f0:	14061e63          	bne	a2,zero,10284c <send_http_response.constprop.0+0x39c>
  1026f4:	150e0c63          	beq	t3,a6,10284c <send_http_response.constprop.0+0x39c>
  1026f8:	00468693          	addi	a3,a3,4
  1026fc:	fcb69ae3          	bne	a3,a1,1026d0 <send_http_response.constprop.0+0x220>
  102700:	00c12783          	lw	a5,12(sp)
  102704:	20078863          	beq	a5,zero,102914 <send_http_response.constprop.0+0x464>
  102708:	001067b7          	lui	a5,0x106
  10270c:	26078593          	addi	a1,a5,608 # 106260 <__mulsi3+0xf28>
  102710:	00100613          	addi	a2,zero,1
  102714:	26078793          	addi	a5,a5,608
  102718:	40b60633          	sub	a2,a2,a1
  10271c:	0017c683          	lbu	a3,1(a5)
  102720:	00f608b3          	add	a7,a2,a5
  102724:	00178793          	addi	a5,a5,1
  102728:	fe069ae3          	bne	a3,zero,10271c <send_http_response.constprop.0+0x26c>
  10272c:	4b000793          	addi	a5,zero,1200
  102730:	24f70263          	beq	a4,a5,102974 <send_http_response.constprop.0+0x4c4>
  102734:	011708b3          	add	a7,a4,a7
  102738:	00070793          	addi	a5,a4,0
  10273c:	4b000513          	addi	a0,zero,1200
  102740:	0080006f          	jal	zero,102748 <send_http_response.constprop.0+0x298>
  102744:	22a78863          	beq	a5,a0,102974 <send_http_response.constprop.0+0x4c4>
  102748:	00178793          	addi	a5,a5,1
  10274c:	40e786b3          	sub	a3,a5,a4
  102750:	00d586b3          	add	a3,a1,a3
  102754:	fff6c603          	lbu	a2,-1(a3)
  102758:	00f406b3          	add	a3,s0,a5
  10275c:	fec68fa3          	sb	a2,-1(a3)
  102760:	ff1792e3          	bne	a5,a7,102744 <send_http_response.constprop.0+0x294>
  102764:	006d8793          	addi	a5,s11,6
  102768:	00f12823          	sw	a5,16(sp)
  10276c:	00ad8793          	addi	a5,s11,10
  102770:	00f12c23          	sw	a5,24(sp)
  102774:	00000d13          	addi	s10,zero,0
  102778:	000a8493          	addi	s1,s5,0
  10277c:	00120c37          	lui	s8,0x120
  102780:	4b000b93          	addi	s7,zero,1200
  102784:	3ff00913          	addi	s2,zero,1023
  102788:	411b8cb3          	sub	s9,s7,a7
  10278c:	0194f463          	bgeu	s1,s9,102794 <send_http_response.constprop.0+0x2e4>
  102790:	00048c93          	addi	s9,s1,0
  102794:	3e800793          	addi	a5,zero,1000
  102798:	000c8713          	addi	a4,s9,0
  10279c:	0197f463          	bgeu	a5,s9,1027a4 <send_http_response.constprop.0+0x2f4>
  1027a0:	3e800713          	addi	a4,zero,1000
  1027a4:	0c0c9a63          	bne	s9,zero,102878 <send_http_response.constprop.0+0x3c8>
  1027a8:	01a70a33          	add	s4,a4,s10
  1027ac:	01800793          	addi	a5,zero,24
  1027b0:	015a6863          	bltu	s4,s5,1027c0 <send_http_response.constprop.0+0x310>
  1027b4:	00c12783          	lw	a5,12(sp)
  1027b8:	0017b793          	sltiu	a5,a5,1
  1027bc:	01878793          	addi	a5,a5,24
  1027c0:	00e889b3          	add	s3,a7,a4
  1027c4:	00000593          	addi	a1,zero,0
  1027c8:	03b97263          	bgeu	s2,s11,1027ec <send_http_response.constprop.0+0x33c>
  1027cc:	01012703          	lw	a4,16(sp)
  1027d0:	01b76e63          	bltu	a4,s11,1027ec <send_http_response.constprop.0+0x33c>
  1027d4:	002006b7          	lui	a3,0x200
  1027d8:	00e6ea63          	bltu	a3,a4,1027ec <send_http_response.constprop.0+0x33c>
  1027dc:	00e97863          	bgeu	s2,a4,1027ec <send_http_response.constprop.0+0x33c>
  1027e0:	01812603          	lw	a2,24(sp)
  1027e4:	00e66463          	bltu	a2,a4,1027ec <send_http_response.constprop.0+0x33c>
  1027e8:	26c6f663          	bgeu	a3,a2,102a54 <send_http_response.constprop.0+0x5a4>
  1027ec:	a1ac0513          	addi	a0,s8,-1510 # 11fa1a <__global_pointer$+0x1821a>
  1027f0:	e54fe0ef          	jal	ra,100e44 <nic_send.isra.0>
  1027f4:	013b0b33          	add	s6,s6,s3
  1027f8:	060c8a63          	beq	s9,zero,10286c <send_http_response.constprop.0+0x3bc>
  1027fc:	195a6c63          	bltu	s4,s5,102994 <send_http_response.constprop.0+0x4e4>
  102800:	00c12783          	lw	a5,12(sp)
  102804:	50c12083          	lw	ra,1292(sp)
  102808:	50812403          	lw	s0,1288(sp)
  10280c:	0017ba13          	sltiu	s4,a5,1
  102810:	014b0b33          	add	s6,s6,s4
  102814:	50412483          	lw	s1,1284(sp)
  102818:	50012903          	lw	s2,1280(sp)
  10281c:	4fc12983          	lw	s3,1276(sp)
  102820:	4f812a03          	lw	s4,1272(sp)
  102824:	4f412a83          	lw	s5,1268(sp)
  102828:	4ec12b83          	lw	s7,1260(sp)
  10282c:	4e812c03          	lw	s8,1256(sp)
  102830:	4e412c83          	lw	s9,1252(sp)
  102834:	4e012d03          	lw	s10,1248(sp)
  102838:	4dc12d83          	lw	s11,1244(sp)
  10283c:	000b0513          	addi	a0,s6,0
  102840:	4f012b03          	lw	s6,1264(sp)
  102844:	51010113          	addi	sp,sp,1296
  102848:	00008067          	jalr	zero,0(ra)
  10284c:	eaa70ae3          	beq	a4,a0,102700 <send_http_response.constprop.0+0x250>
  102850:	4d010613          	addi	a2,sp,1232
  102854:	00e60633          	add	a2,a2,a4
  102858:	03078793          	addi	a5,a5,48
  10285c:	b4f60823          	sb	a5,-1200(a2)
  102860:	00170713          	addi	a4,a4,1
  102864:	00100613          	addi	a2,zero,1
  102868:	e91ff06f          	jal	zero,1026f8 <send_http_response.constprop.0+0x248>
  10286c:	f95d7ae3          	bgeu	s10,s5,102800 <send_http_response.constprop.0+0x350>
  102870:	00000893          	addi	a7,zero,0
  102874:	f15ff06f          	jal	zero,102788 <send_http_response.constprop.0+0x2d8>
  102878:	01412783          	lw	a5,20(sp)
  10287c:	01a78533          	add	a0,a5,s10
  102880:	011407b3          	add	a5,s0,a7
  102884:	00a7e6b3          	or	a3,a5,a0
  102888:	0036f693          	andi	a3,a3,3
  10288c:	18069263          	bne	a3,zero,102a10 <send_http_response.constprop.0+0x560>
  102890:	009cb693          	sltiu	a3,s9,9
  102894:	16069e63          	bne	a3,zero,102a10 <send_http_response.constprop.0+0x560>
  102898:	ffc77593          	andi	a1,a4,-4
  10289c:	00050693          	addi	a3,a0,0
  1028a0:	00b785b3          	add	a1,a5,a1
  1028a4:	0006a603          	lw	a2,0(a3) # 200000 <__bss_end+0xddff8>
  1028a8:	00478793          	addi	a5,a5,4
  1028ac:	00468693          	addi	a3,a3,4
  1028b0:	fec7ae23          	sw	a2,-4(a5)
  1028b4:	fef598e3          	bne	a1,a5,1028a4 <send_http_response.constprop.0+0x3f4>
  1028b8:	ffc77793          	andi	a5,a4,-4
  1028bc:	eee786e3          	beq	a5,a4,1027a8 <send_http_response.constprop.0+0x2f8>
  1028c0:	00f506b3          	add	a3,a0,a5
  1028c4:	0006c583          	lbu	a1,0(a3)
  1028c8:	4d010693          	addi	a3,sp,1232
  1028cc:	01168633          	add	a2,a3,a7
  1028d0:	00f606b3          	add	a3,a2,a5
  1028d4:	b4b68823          	sb	a1,-1200(a3)
  1028d8:	00178693          	addi	a3,a5,1
  1028dc:	ece6f6e3          	bgeu	a3,a4,1027a8 <send_http_response.constprop.0+0x2f8>
  1028e0:	00d50533          	add	a0,a0,a3
  1028e4:	00054583          	lbu	a1,0(a0)
  1028e8:	00d606b3          	add	a3,a2,a3
  1028ec:	00278793          	addi	a5,a5,2
  1028f0:	b4b68823          	sb	a1,-1200(a3)
  1028f4:	eae7fae3          	bgeu	a5,a4,1027a8 <send_http_response.constprop.0+0x2f8>
  1028f8:	01412683          	lw	a3,20(sp)
  1028fc:	00f686b3          	add	a3,a3,a5
  102900:	01a686b3          	add	a3,a3,s10
  102904:	0006c683          	lbu	a3,0(a3)
  102908:	00f607b3          	add	a5,a2,a5
  10290c:	b4d78823          	sb	a3,-1200(a5)
  102910:	e99ff06f          	jal	zero,1027a8 <send_http_response.constprop.0+0x2f8>
  102914:	001067b7          	lui	a5,0x106
  102918:	2b478593          	addi	a1,a5,692 # 1062b4 <__mulsi3+0xf7c>
  10291c:	00100613          	addi	a2,zero,1
  102920:	2b478793          	addi	a5,a5,692
  102924:	40b60633          	sub	a2,a2,a1
  102928:	0017c683          	lbu	a3,1(a5)
  10292c:	00f608b3          	add	a7,a2,a5
  102930:	00178793          	addi	a5,a5,1
  102934:	fe069ae3          	bne	a3,zero,102928 <send_http_response.constprop.0+0x478>
  102938:	4b000793          	addi	a5,zero,1200
  10293c:	02f70c63          	beq	a4,a5,102974 <send_http_response.constprop.0+0x4c4>
  102940:	011708b3          	add	a7,a4,a7
  102944:	00070793          	addi	a5,a4,0
  102948:	4b000513          	addi	a0,zero,1200
  10294c:	0080006f          	jal	zero,102954 <send_http_response.constprop.0+0x4a4>
  102950:	02a78263          	beq	a5,a0,102974 <send_http_response.constprop.0+0x4c4>
  102954:	00178793          	addi	a5,a5,1
  102958:	40e786b3          	sub	a3,a5,a4
  10295c:	00d586b3          	add	a3,a1,a3
  102960:	fff6c603          	lbu	a2,-1(a3)
  102964:	00f406b3          	add	a3,s0,a5
  102968:	fec68fa3          	sb	a2,-1(a3)
  10296c:	ff1792e3          	bne	a5,a7,102950 <send_http_response.constprop.0+0x4a0>
  102970:	df5ff06f          	jal	zero,102764 <send_http_response.constprop.0+0x2b4>
  102974:	4b000893          	addi	a7,zero,1200
  102978:	dedff06f          	jal	zero,102764 <send_http_response.constprop.0+0x2b4>
  10297c:	00100713          	addi	a4,zero,1
  102980:	4b000613          	addi	a2,zero,1200
  102984:	c4e790e3          	bne	a5,a4,1025c4 <send_http_response.constprop.0+0x114>
  102988:	001065b7          	lui	a1,0x106
  10298c:	18058593          	addi	a1,a1,384 # 106180 <__mulsi3+0xe48>
  102990:	c7dff06f          	jal	zero,10260c <send_http_response.constprop.0+0x15c>
  102994:	000a0d13          	addi	s10,s4,0
  102998:	414a84b3          	sub	s1,s5,s4
  10299c:	00000893          	addi	a7,zero,0
  1029a0:	de9ff06f          	jal	zero,102788 <send_http_response.constprop.0+0x2d8>
  1029a4:	4b000713          	addi	a4,zero,1200
  1029a8:	d0dff06f          	jal	zero,1026b4 <send_http_response.constprop.0+0x204>
  1029ac:	4b000693          	addi	a3,zero,1200
  1029b0:	ca9ff06f          	jal	zero,102658 <send_http_response.constprop.0+0x1a8>
  1029b4:	4b000593          	addi	a1,zero,1200
  1029b8:	ba9ff06f          	jal	zero,102560 <send_http_response.constprop.0+0xb0>
  1029bc:	00106737          	lui	a4,0x106
  1029c0:	1f870513          	addi	a0,a4,504 # 1061f8 <__mulsi3+0xec0>
  1029c4:	00100613          	addi	a2,zero,1
  1029c8:	1f870713          	addi	a4,a4,504
  1029cc:	40a60633          	sub	a2,a2,a0
  1029d0:	00174683          	lbu	a3,1(a4)
  1029d4:	00e605b3          	add	a1,a2,a4
  1029d8:	00170713          	addi	a4,a4,1
  1029dc:	fe069ae3          	bne	a3,zero,1029d0 <send_http_response.constprop.0+0x520>
  1029e0:	00000713          	addi	a4,zero,0
  1029e4:	02010413          	addi	s0,sp,32
  1029e8:	4b000813          	addi	a6,zero,1200
  1029ec:	0080006f          	jal	zero,1029f4 <send_http_response.constprop.0+0x544>
  1029f0:	fd0702e3          	beq	a4,a6,1029b4 <send_http_response.constprop.0+0x504>
  1029f4:	00170713          	addi	a4,a4,1
  1029f8:	00e506b3          	add	a3,a0,a4
  1029fc:	fff6c603          	lbu	a2,-1(a3)
  102a00:	00e406b3          	add	a3,s0,a4
  102a04:	fec68fa3          	sb	a2,-1(a3)
  102a08:	feb714e3          	bne	a4,a1,1029f0 <send_http_response.constprop.0+0x540>
  102a0c:	b55ff06f          	jal	zero,102560 <send_http_response.constprop.0+0xb0>
  102a10:	00000693          	addi	a3,zero,0
  102a14:	00d50633          	add	a2,a0,a3
  102a18:	00064583          	lbu	a1,0(a2)
  102a1c:	00d78633          	add	a2,a5,a3
  102a20:	00168693          	addi	a3,a3,1
  102a24:	00b60023          	sb	a1,0(a2)
  102a28:	fee6e6e3          	bltu	a3,a4,102a14 <send_http_response.constprop.0+0x564>
  102a2c:	d7dff06f          	jal	zero,1027a8 <send_http_response.constprop.0+0x2f8>
  102a30:	001065b7          	lui	a1,0x106
  102a34:	16858593          	addi	a1,a1,360 # 106168 <__mulsi3+0xe30>
  102a38:	bd5ff06f          	jal	zero,10260c <send_http_response.constprop.0+0x15c>
  102a3c:	001065b7          	lui	a1,0x106
  102a40:	14058593          	addi	a1,a1,320 # 106140 <__mulsi3+0xe08>
  102a44:	bc9ff06f          	jal	zero,10260c <send_http_response.constprop.0+0x15c>
  102a48:	001065b7          	lui	a1,0x106
  102a4c:	13458593          	addi	a1,a1,308 # 106134 <__mulsi3+0xdfc>
  102a50:	bbdff06f          	jal	zero,10260c <send_http_response.constprop.0+0x15c>
  102a54:	00098a63          	beq	s3,zero,102a68 <send_http_response.constprop.0+0x5b8>
  102a58:	d8897ae3          	bgeu	s2,s0,1027ec <send_http_response.constprop.0+0x33c>
  102a5c:	01340733          	add	a4,s0,s3
  102a60:	d88766e3          	bltu	a4,s0,1027ec <send_http_response.constprop.0+0x33c>
  102a64:	d8e6e4e3          	bltu	a3,a4,1027ec <send_http_response.constprop.0+0x33c>
  102a68:	01012583          	lw	a1,16(sp)
  102a6c:	00add603          	lhu	a2,10(s11)
  102a70:	01c12703          	lw	a4,28(sp)
  102a74:	00098893          	addi	a7,s3,0
  102a78:	00040813          	addi	a6,s0,0
  102a7c:	000b0693          	addi	a3,s6,0
  102a80:	000d8513          	addi	a0,s11,0
  102a84:	988fe0ef          	jal	ra,100c0c <build_tcp_packet.part.0>
  102a88:	00050593          	addi	a1,a0,0
  102a8c:	d61ff06f          	jal	zero,1027ec <send_http_response.constprop.0+0x33c>
  102a90:	001065b7          	lui	a1,0x106
  102a94:	12858593          	addi	a1,a1,296 # 106128 <__mulsi3+0xdf0>
  102a98:	b75ff06f          	jal	zero,10260c <send_http_response.constprop.0+0x15c>
  102a9c:	001065b7          	lui	a1,0x106
  102aa0:	11c58593          	addi	a1,a1,284 # 10611c <__mulsi3+0xde4>
  102aa4:	b69ff06f          	jal	zero,10260c <send_http_response.constprop.0+0x15c>
  102aa8:	00106737          	lui	a4,0x106
  102aac:	1e470813          	addi	a6,a4,484 # 1061e4 <__mulsi3+0xeac>
  102ab0:	00100613          	addi	a2,zero,1
  102ab4:	1e470713          	addi	a4,a4,484
  102ab8:	41060633          	sub	a2,a2,a6
  102abc:	00174683          	lbu	a3,1(a4)
  102ac0:	00e605b3          	add	a1,a2,a4
  102ac4:	00170713          	addi	a4,a4,1
  102ac8:	fe069ae3          	bne	a3,zero,102abc <send_http_response.constprop.0+0x60c>
  102acc:	00000713          	addi	a4,zero,0
  102ad0:	02010413          	addi	s0,sp,32
  102ad4:	4b000513          	addi	a0,zero,1200
  102ad8:	0080006f          	jal	zero,102ae0 <send_http_response.constprop.0+0x630>
  102adc:	eca70ce3          	beq	a4,a0,1029b4 <send_http_response.constprop.0+0x504>
  102ae0:	00170713          	addi	a4,a4,1
  102ae4:	00e806b3          	add	a3,a6,a4
  102ae8:	fff6c603          	lbu	a2,-1(a3)
  102aec:	00e406b3          	add	a3,s0,a4
  102af0:	fec68fa3          	sb	a2,-1(a3)
  102af4:	feb714e3          	bne	a4,a1,102adc <send_http_response.constprop.0+0x62c>
  102af8:	a69ff06f          	jal	zero,102560 <send_http_response.constprop.0+0xb0>
  102afc:	001065b7          	lui	a1,0x106
  102b00:	19c58593          	addi	a1,a1,412 # 10619c <__mulsi3+0xe64>
  102b04:	b09ff06f          	jal	zero,10260c <send_http_response.constprop.0+0x15c>
  102b08:	001065b7          	lui	a1,0x106
  102b0c:	1ac58593          	addi	a1,a1,428 # 1061ac <__mulsi3+0xe74>
  102b10:	afdff06f          	jal	zero,10260c <send_http_response.constprop.0+0x15c>

00102b14 <harvttp_trap_dispatch>:
  102b14:	10302773          	csrrs	a4,sideleg,zero
  102b18:	800007b7          	lui	a5,0x80000
  102b1c:	00b78793          	addi	a5,a5,11 # 8000000b <__bss_end+0x7fede003>
  102b20:	00f70e63          	beq	a4,a5,102b3c <harvttp_trap_dispatch+0x28>
  102b24:	001077b7          	lui	a5,0x107
  102b28:	00078793          	addi	a5,a5,0 # 107000 <g_ctx>
  102b2c:	7907a703          	lw	a4,1936(a5)
  102b30:	00170713          	addi	a4,a4,1
  102b34:	78e7a823          	sw	a4,1936(a5)
  102b38:	00008067          	jalr	zero,0(ra)
  102b3c:	ffff06b7          	lui	a3,0xffff0
  102b40:	0506a703          	lw	a4,80(a3) # ffff0050 <__bss_end+0xffece048>
  102b44:	fe070ae3          	beq	a4,zero,102b38 <harvttp_trap_dispatch+0x24>
  102b48:	001077b7          	lui	a5,0x107
  102b4c:	00078793          	addi	a5,a5,0 # 107000 <g_ctx>
  102b50:	7887a603          	lw	a2,1928(a5)
  102b54:	01f77593          	andi	a1,a4,31
  102b58:	00e66733          	or	a4,a2,a4
  102b5c:	78e7a423          	sw	a4,1928(a5)
  102b60:	78c7a703          	lw	a4,1932(a5)
  102b64:	00170713          	addi	a4,a4,1
  102b68:	78e7a623          	sw	a4,1932(a5)
  102b6c:	04b6a823          	sw	a1,80(a3)
  102b70:	00008067          	jalr	zero,0(ra)

00102b74 <harvttp_main>:
  102b74:	001077b7          	lui	a5,0x107
  102b78:	0001b737          	lui	a4,0x1b
  102b7c:	ed010113          	addi	sp,sp,-304
  102b80:	00078613          	addi	a2,a5,0 # 107000 <g_ctx>
  102b84:	00870713          	addi	a4,a4,8 # 1b008 <_start-0xe4ff8>
  102b88:	11a12023          	sw	s10,256(sp)
  102b8c:	12112623          	sw	ra,300(sp)
  102b90:	00078d13          	addi	s10,a5,0
  102b94:	12812423          	sw	s0,296(sp)
  102b98:	12912223          	sw	s1,292(sp)
  102b9c:	13212023          	sw	s2,288(sp)
  102ba0:	11312e23          	sw	s3,284(sp)
  102ba4:	11412c23          	sw	s4,280(sp)
  102ba8:	11512a23          	sw	s5,276(sp)
  102bac:	11612823          	sw	s6,272(sp)
  102bb0:	11712623          	sw	s7,268(sp)
  102bb4:	11812423          	sw	s8,264(sp)
  102bb8:	11912223          	sw	s9,260(sp)
  102bbc:	0fb12e23          	sw	s11,252(sp)
  102bc0:	00050693          	addi	a3,a0,0
  102bc4:	00e60733          	add	a4,a2,a4
  102bc8:	00078793          	addi	a5,a5,0
  102bcc:	0007a023          	sw	zero,0(a5)
  102bd0:	00478793          	addi	a5,a5,4
  102bd4:	fef71ce3          	bne	a4,a5,102bcc <harvttp_main+0x58>
  102bd8:	545457b7          	lui	a5,0x54545
  102bdc:	80278793          	addi	a5,a5,-2046 # 54544802 <__bss_end+0x544227fa>
  102be0:	04fd2023          	sw	a5,64(s10)
  102be4:	05000793          	addi	a5,zero,80
  102be8:	00dd2023          	sw	a3,0(s10)
  102bec:	04fd0223          	sb	a5,68(s10)
  102bf0:	700682e3          	beq	a3,zero,103af4 <harvttp_main+0xf80>
  102bf4:	0006a783          	lw	a5,0(a3)
  102bf8:	00078713          	addi	a4,a5,0
  102bfc:	3a078a63          	beq	a5,zero,102fb0 <harvttp_main+0x43c>
  102c00:	04ed02a3          	sb	a4,69(s10)
  102c04:	3a079a63          	bne	a5,zero,102fb8 <harvttp_main+0x444>
  102c08:	485457b7          	lui	a5,0x48545
  102c0c:	45178713          	addi	a4,a5,1105 # 48545451 <__bss_end+0x48423449>
  102c10:	001066b7          	lui	a3,0x106
  102c14:	41c68693          	addi	a3,a3,1052 # 10641c <fallback_html>
  102c18:	00100593          	addi	a1,zero,1
  102c1c:	04ed2e23          	sw	a4,92(s10)
  102c20:	00100713          	addi	a4,zero,1
  102c24:	00068793          	addi	a5,a3,0
  102c28:	06ed0223          	sb	a4,100(s10)
  102c2c:	76dd2823          	sw	a3,1904(s10)
  102c30:	40d58633          	sub	a2,a1,a3
  102c34:	0017c703          	lbu	a4,1(a5)
  102c38:	00f606b3          	add	a3,a2,a5
  102c3c:	00178793          	addi	a5,a5,1
  102c40:	fe071ae3          	bne	a4,zero,102c34 <harvttp_main+0xc0>
  102c44:	00100637          	lui	a2,0x100
  102c48:	76dd2a23          	sw	a3,1908(s10)
  102c4c:	00c60613          	addi	a2,a2,12 # 10000c <harvttp_trap_entry>
  102c50:	10161073          	csrrw	zero,0x101,a2
  102c54:	042d4783          	lbu	a5,66(s10)
  102c58:	043d4503          	lbu	a0,67(s10)
  102c5c:	040d5703          	lhu	a4,64(s10)
  102c60:	045d4883          	lbu	a7,69(s10)
  102c64:	044d4803          	lbu	a6,68(s10)
  102c68:	01051513          	slli	a0,a0,0x10
  102c6c:	01879793          	slli	a5,a5,0x18
  102c70:	ffff06b7          	lui	a3,0xffff0
  102c74:	06500313          	addi	t1,zero,101
  102c78:	00a7e7b3          	or	a5,a5,a0
  102c7c:	01071513          	slli	a0,a4,0x10
  102c80:	0466a223          	sw	t1,68(a3) # ffff0044 <__bss_end+0xffece03c>
  102c84:	01055513          	srli	a0,a0,0x10
  102c88:	01f00313          	addi	t1,zero,31
  102c8c:	0466a823          	sw	t1,80(a3)
  102c90:	0117e7b3          	or	a5,a5,a7
  102c94:	00881813          	slli	a6,a6,0x8
  102c98:	00855513          	srli	a0,a0,0x8
  102c9c:	01d00893          	addi	a7,zero,29
  102ca0:	00871713          	slli	a4,a4,0x8
  102ca4:	0516a623          	sw	a7,76(a3)
  102ca8:	0107e7b3          	or	a5,a5,a6
  102cac:	00a76733          	or	a4,a4,a0
  102cb0:	06f6a423          	sw	a5,104(a3)
  102cb4:	01071793          	slli	a5,a4,0x10
  102cb8:	0107d793          	srli	a5,a5,0x10
  102cbc:	06f6a623          	sw	a5,108(a3)
  102cc0:	10161073          	csrrw	zero,0x101,a2
  102cc4:	100027f3          	csrrs	a5,sstatus,zero
  102cc8:	0017e793          	ori	a5,a5,1
  102ccc:	10079073          	csrrw	zero,sstatus,a5
  102cd0:	001067b7          	lui	a5,0x106
  102cd4:	30178793          	addi	a5,a5,769 # 106301 <__mulsi3+0xfc9>
  102cd8:	00f12e23          	sw	a5,28(sp)
  102cdc:	001067b7          	lui	a5,0x106
  102ce0:	30d78793          	addi	a5,a5,781 # 10630d <__mulsi3+0xfd5>
  102ce4:	02f12023          	sw	a5,32(sp)
  102ce8:	001067b7          	lui	a5,0x106
  102cec:	31878793          	addi	a5,a5,792 # 106318 <__mulsi3+0xfe0>
  102cf0:	04f12023          	sw	a5,64(sp)
  102cf4:	001067b7          	lui	a5,0x106
  102cf8:	31d78793          	addi	a5,a5,797 # 10631d <__mulsi3+0xfe5>
  102cfc:	02f12823          	sw	a5,48(sp)
  102d00:	001067b7          	lui	a5,0x106
  102d04:	32578793          	addi	a5,a5,805 # 106325 <__mulsi3+0xfed>
  102d08:	02f12a23          	sw	a5,52(sp)
  102d0c:	0011f7b7          	lui	a5,0x11f
  102d10:	00078a13          	addi	s4,a5,0 # 11f000 <__global_pointer$+0x17800>
  102d14:	0011f7b7          	lui	a5,0x11f
  102d18:	42c78c13          	addi	s8,a5,1068 # 11f42c <__global_pointer$+0x17c2c>
  102d1c:	001207b7          	lui	a5,0x120
  102d20:	00078d93          	addi	s11,a5,0 # 120000 <__global_pointer$+0x18800>
  102d24:	0011f7b7          	lui	a5,0x11f
  102d28:	43a78793          	addi	a5,a5,1082 # 11f43a <__global_pointer$+0x17c3a>
  102d2c:	00f12a23          	sw	a5,20(sp)
  102d30:	001077b7          	lui	a5,0x107
  102d34:	00478793          	addi	a5,a5,4 # 107004 <g_ctx+0x4>
  102d38:	08f12023          	sw	a5,128(sp)
  102d3c:	001067b7          	lui	a5,0x106
  102d40:	32978793          	addi	a5,a5,809 # 106329 <__mulsi3+0xff1>
  102d44:	06f12023          	sw	a5,96(sp)
  102d48:	001067b7          	lui	a5,0x106
  102d4c:	33578793          	addi	a5,a5,821 # 106335 <__mulsi3+0xffd>
  102d50:	06f12223          	sw	a5,100(sp)
  102d54:	001067b7          	lui	a5,0x106
  102d58:	34078793          	addi	a5,a5,832 # 106340 <__mulsi3+0x1008>
  102d5c:	08f12223          	sw	a5,132(sp)
  102d60:	001067b7          	lui	a5,0x106
  102d64:	34178793          	addi	a5,a5,833 # 106341 <__mulsi3+0x1009>
  102d68:	06f12423          	sw	a5,104(sp)
  102d6c:	001067b7          	lui	a5,0x106
  102d70:	34878793          	addi	a5,a5,840 # 106348 <__mulsi3+0x1010>
  102d74:	08f12423          	sw	a5,136(sp)
  102d78:	001067b7          	lui	a5,0x106
  102d7c:	34978793          	addi	a5,a5,841 # 106349 <__mulsi3+0x1011>
  102d80:	06f12623          	sw	a5,108(sp)
  102d84:	001067b7          	lui	a5,0x106
  102d88:	4f878793          	addi	a5,a5,1272 # 1064f8 <index_name.1>
  102d8c:	06f12e23          	sw	a5,124(sp)
  102d90:	001067b7          	lui	a5,0x106
  102d94:	30c78793          	addi	a5,a5,780 # 10630c <__mulsi3+0xfd4>
  102d98:	06f12c23          	sw	a5,120(sp)
  102d9c:	001067b7          	lui	a5,0x106
  102da0:	35578793          	addi	a5,a5,853 # 106355 <__mulsi3+0x101d>
  102da4:	06f12823          	sw	a5,112(sp)
  102da8:	001067b7          	lui	a5,0x106
  102dac:	36178793          	addi	a5,a5,865 # 106361 <__mulsi3+0x1029>
  102db0:	06f12a23          	sw	a5,116(sp)
  102db4:	001067b7          	lui	a5,0x106
  102db8:	37078793          	addi	a5,a5,880 # 106370 <__mulsi3+0x1038>
  102dbc:	04f12223          	sw	a5,68(sp)
  102dc0:	001067b7          	lui	a5,0x106
  102dc4:	0b878793          	addi	a5,a5,184 # 1060b8 <__mulsi3+0xd80>
  102dc8:	02f12c23          	sw	a5,56(sp)
  102dcc:	001067b7          	lui	a5,0x106
  102dd0:	3a078793          	addi	a5,a5,928 # 1063a0 <__mulsi3+0x1068>
  102dd4:	04f12423          	sw	a5,72(sp)
  102dd8:	001067b7          	lui	a5,0x106
  102ddc:	3b478793          	addi	a5,a5,948 # 1063b4 <__mulsi3+0x107c>
  102de0:	04f12623          	sw	a5,76(sp)
  102de4:	001067b7          	lui	a5,0x106
  102de8:	3c878793          	addi	a5,a5,968 # 1063c8 <__mulsi3+0x1090>
  102dec:	04f12823          	sw	a5,80(sp)
  102df0:	001067b7          	lui	a5,0x106
  102df4:	3dc78793          	addi	a5,a5,988 # 1063dc <__mulsi3+0x10a4>
  102df8:	04f12a23          	sw	a5,84(sp)
  102dfc:	001067b7          	lui	a5,0x106
  102e00:	2e478793          	addi	a5,a5,740 # 1062e4 <__mulsi3+0xfac>
  102e04:	02f12e23          	sw	a5,60(sp)
  102e08:	008007b7          	lui	a5,0x800
  102e0c:	01378793          	addi	a5,a5,19 # 800013 <__bss_end+0x6de00b>
  102e10:	00bd0223          	sb	a1,4(s10)
  102e14:	00bd0823          	sb	a1,16(s10)
  102e18:	00bd0e23          	sb	a1,28(s10)
  102e1c:	02bd0423          	sb	a1,40(s10)
  102e20:	02bd0a23          	sb	a1,52(s10)
  102e24:	00100713          	addi	a4,zero,1
  102e28:	02f12623          	sw	a5,44(sp)
  102e2c:	0980006f          	jal	zero,102ec4 <harvttp_main+0x350>
  102e30:	010d4703          	lbu	a4,16(s10)
  102e34:	00070663          	beq	a4,zero,102e40 <harvttp_main+0x2cc>
  102e38:	014d2703          	lw	a4,20(s10)
  102e3c:	18e7f663          	bgeu	a5,a4,102fc8 <harvttp_main+0x454>
  102e40:	01cd4703          	lbu	a4,28(s10)
  102e44:	00070663          	beq	a4,zero,102e50 <harvttp_main+0x2dc>
  102e48:	020d2703          	lw	a4,32(s10)
  102e4c:	4ee7f863          	bgeu	a5,a4,10333c <harvttp_main+0x7c8>
  102e50:	028d4703          	lbu	a4,40(s10)
  102e54:	00070663          	beq	a4,zero,102e60 <harvttp_main+0x2ec>
  102e58:	02cd2703          	lw	a4,44(s10)
  102e5c:	1ae7fe63          	bgeu	a5,a4,103018 <harvttp_main+0x4a4>
  102e60:	034d4703          	lbu	a4,52(s10)
  102e64:	04070463          	beq	a4,zero,102eac <harvttp_main+0x338>
  102e68:	038d2703          	lw	a4,56(s10)
  102e6c:	04e7e063          	bltu	a5,a4,102eac <harvttp_main+0x338>
  102e70:	780d2603          	lw	a2,1920(s10)
  102e74:	784d2703          	lw	a4,1924(s10)
  102e78:	77cd2783          	lw	a5,1916(s10)
  102e7c:	485455b7          	lui	a1,0x48545
  102e80:	00e64633          	xor	a2,a2,a4
  102e84:	01079793          	slli	a5,a5,0x10
  102e88:	00000513          	addi	a0,zero,0
  102e8c:	74458593          	addi	a1,a1,1860 # 48545744 <__bss_end+0x4842373c>
  102e90:	00f64633          	xor	a2,a2,a5
  102e94:	00100893          	addi	a7,zero,1
  102e98:	00000073          	ecall
  102e9c:	778d2783          	lw	a5,1912(s10)
  102ea0:	00001737          	lui	a4,0x1
  102ea4:	00e787b3          	add	a5,a5,a4
  102ea8:	02fd2c23          	sw	a5,56(s10)
  102eac:	00000513          	addi	a0,zero,0
  102eb0:	00000593          	addi	a1,zero,0
  102eb4:	00000613          	addi	a2,zero,0
  102eb8:	00300893          	addi	a7,zero,3
  102ebc:	00000073          	ecall
  102ec0:	004d4703          	lbu	a4,4(s10)
  102ec4:	778d2783          	lw	a5,1912(s10)
  102ec8:	00178793          	addi	a5,a5,1
  102ecc:	76fd2c23          	sw	a5,1912(s10)
  102ed0:	f60700e3          	beq	a4,zero,102e30 <harvttp_main+0x2bc>
  102ed4:	008d2703          	lw	a4,8(s10)
  102ed8:	f4e7ece3          	bltu	a5,a4,102e30 <harvttp_main+0x2bc>
  102edc:	000d2703          	lw	a4,0(s10)
  102ee0:	0a070e63          	beq	a4,zero,102f9c <harvttp_main+0x428>
  102ee4:	01472883          	lw	a7,20(a4) # 1014 <_start-0xfefec>
  102ee8:	0a088a63          	beq	a7,zero,102f9c <harvttp_main+0x428>
  102eec:	01872f03          	lw	t5,24(a4)
  102ef0:	0a0f0663          	beq	t5,zero,102f9c <harvttp_main+0x428>
  102ef4:	01700713          	addi	a4,zero,23
  102ef8:	09e77e63          	bgeu	a4,t5,102f94 <harvttp_main+0x420>
  102efc:	0008a683          	lw	a3,0(a7)
  102f00:	48545737          	lui	a4,0x48545
  102f04:	45070713          	addi	a4,a4,1104 # 48545450 <__bss_end+0x48423448>
  102f08:	08e69663          	bne	a3,a4,102f94 <harvttp_main+0x420>
  102f0c:	0048a683          	lw	a3,4(a7)
  102f10:	00100713          	addi	a4,zero,1
  102f14:	08e69063          	bne	a3,a4,102f94 <harvttp_main+0x420>
  102f18:	00c8a683          	lw	a3,12(a7)
  102f1c:	08000713          	addi	a4,zero,128
  102f20:	06e69a63          	bne	a3,a4,102f94 <harvttp_main+0x420>
  102f24:	0088ae03          	lw	t3,8(a7)
  102f28:	00f00713          	addi	a4,zero,15
  102f2c:	fffe0693          	addi	a3,t3,-1 # fff <_start-0xff001>
  102f30:	06d76263          	bltu	a4,a3,102f94 <harvttp_main+0x420>
  102f34:	0148af83          	lw	t6,20(a7)
  102f38:	05ff6e63          	bltu	t5,t6,102f94 <harvttp_main+0x420>
  102f3c:	01700713          	addi	a4,zero,23
  102f40:	05f77a63          	bgeu	a4,t6,102f94 <harvttp_main+0x420>
  102f44:	0108a583          	lw	a1,16(a7)
  102f48:	007e1713          	slli	a4,t3,0x7
  102f4c:	01870713          	addi	a4,a4,24
  102f50:	04e5e263          	bltu	a1,a4,102f94 <harvttp_main+0x420>
  102f54:	04bfe063          	bltu	t6,a1,102f94 <harvttp_main+0x420>
  102f58:	01888513          	addi	a0,a7,24
  102f5c:	00050313          	addi	t1,a0,0
  102f60:	00050713          	addi	a4,a0,0
  102f64:	00000613          	addi	a2,zero,0
  102f68:	02f00493          	addi	s1,zero,47
  102f6c:	02e00e93          	addi	t4,zero,46
  102f70:	01f00093          	addi	ra,zero,31
  102f74:	07f00393          	addi	t2,zero,127
  102f78:	05c00293          	addi	t0,zero,92
  102f7c:	00070693          	addi	a3,a4,0
  102f80:	05c70813          	addi	a6,a4,92
  102f84:	0006c403          	lbu	s0,0(a3)
  102f88:	00168693          	addi	a3,a3,1
  102f8c:	660404e3          	beq	s0,zero,103df4 <harvttp_main+0x1280>
  102f90:	fed81ae3          	bne	a6,a3,102f84 <harvttp_main+0x410>
  102f94:	771d2823          	sw	a7,1904(s10)
  102f98:	77ed2a23          	sw	t5,1908(s10)
  102f9c:	00018737          	lui	a4,0x18
  102fa0:	6a070713          	addi	a4,a4,1696 # 186a0 <_start-0xe7960>
  102fa4:	00e78733          	add	a4,a5,a4
  102fa8:	00ed2423          	sw	a4,8(s10)
  102fac:	e85ff06f          	jal	zero,102e30 <harvttp_main+0x2bc>
  102fb0:	00100713          	addi	a4,zero,1
  102fb4:	c4dff06f          	jal	zero,102c00 <harvttp_main+0x8c>
  102fb8:	48545737          	lui	a4,0x48545
  102fbc:	45070713          	addi	a4,a4,1104 # 48545450 <__bss_end+0x48423448>
  102fc0:	00e7c733          	xor	a4,a5,a4
  102fc4:	c4dff06f          	jal	zero,102c10 <harvttp_main+0x9c>
  102fc8:	ffff0737          	lui	a4,0xffff0
  102fcc:	04872703          	lw	a4,72(a4) # ffff0048 <__bss_end+0xffece040>
  102fd0:	08077713          	andi	a4,a4,128
  102fd4:	5c070263          	beq	a4,zero,103598 <harvttp_main+0xa24>
  102fd8:	065d4703          	lbu	a4,101(s10)
  102fdc:	5c071c63          	bne	a4,zero,1035b4 <harvttp_main+0xa40>
  102fe0:	060d2703          	lw	a4,96(s10)
  102fe4:	02e7e463          	bltu	a5,a4,10300c <harvttp_main+0x498>
  102fe8:	064d4703          	lbu	a4,100(s10)
  102fec:	00300793          	addi	a5,zero,3
  102ff0:	28f70ae3          	beq	a4,a5,103a84 <harvttp_main+0xf10>
  102ff4:	00100793          	addi	a5,zero,1
  102ff8:	06fd0223          	sb	a5,100(s10)
  102ffc:	af4ff0ef          	jal	ra,1022f0 <send_dhcp_discover.constprop.0>
  103000:	778d2783          	lw	a5,1912(s10)
  103004:	3e878713          	addi	a4,a5,1000
  103008:	06ed2023          	sw	a4,96(s10)
  10300c:	01978713          	addi	a4,a5,25
  103010:	00ed2a23          	sw	a4,20(s10)
  103014:	e2dff06f          	jal	zero,102e40 <harvttp_main+0x2cc>
  103018:	065d4703          	lbu	a4,101(s10)
  10301c:	00071663          	bne	a4,zero,103028 <harvttp_main+0x4b4>
  103020:	060d2703          	lw	a4,96(s10)
  103024:	58070e63          	beq	a4,zero,1035c0 <harvttp_main+0xa4c>
  103028:	ffff0737          	lui	a4,0xffff0
  10302c:	07c72783          	lw	a5,124(a4) # ffff007c <__bss_end+0xffece074>
  103030:	01079993          	slli	s3,a5,0x10
  103034:	0109d993          	srli	s3,s3,0x10
  103038:	100027f3          	csrrs	a5,sstatus,zero
  10303c:	ffe7f693          	andi	a3,a5,-2
  103040:	10069073          	csrrw	zero,sstatus,a3
  103044:	788d2c83          	lw	s9,1928(s10)
  103048:	780d2423          	sw	zero,1928(s10)
  10304c:	10079073          	csrrw	zero,sstatus,a5
  103050:	000c9463          	bne	s9,zero,103058 <harvttp_main+0x4e4>
  103054:	05072c83          	lw	s9,80(a4)
  103058:	00099e63          	bne	s3,zero,103074 <harvttp_main+0x500>
  10305c:	ffff0737          	lui	a4,0xffff0
  103060:	04872783          	lw	a5,72(a4) # ffff0048 <__bss_end+0xffece040>
  103064:	000046b7          	lui	a3,0x4
  103068:	00100993          	addi	s3,zero,1
  10306c:	00d7f7b3          	and	a5,a5,a3
  103070:	54078e63          	beq	a5,zero,1035cc <harvttp_main+0xa58>
  103074:	000197b7          	lui	a5,0x19
  103078:	00107737          	lui	a4,0x107
  10307c:	a4478793          	addi	a5,a5,-1468 # 18a44 <_start-0xe75bc>
  103080:	00070713          	addi	a4,a4,0 # 107000 <g_ctx>
  103084:	00f707b3          	add	a5,a4,a5
  103088:	00000b13          	addi	s6,zero,0
  10308c:	00f12823          	sw	a5,16(sp)
  103090:	00098b93          	addi	s7,s3,0
  103094:	10000713          	addi	a4,zero,256
  103098:	ffff06b7          	lui	a3,0xffff0
  10309c:	0486a783          	lw	a5,72(a3) # ffff0048 <__bss_end+0xffece040>
  1030a0:	fff70713          	addi	a4,a4,-1
  1030a4:	4007f613          	andi	a2,a5,1024
  1030a8:	1007f793          	andi	a5,a5,256
  1030ac:	00061663          	bne	a2,zero,1030b8 <harvttp_main+0x544>
  1030b0:	0c078663          	beq	a5,zero,10317c <harvttp_main+0x608>
  1030b4:	fe0714e3          	bne	a4,zero,10309c <harvttp_main+0x528>
  1030b8:	000b1663          	bne	s6,zero,1030c4 <harvttp_main+0x550>
  1030bc:	011cf793          	andi	a5,s9,17
  1030c0:	00078863          	beq	a5,zero,1030d0 <harvttp_main+0x55c>
  1030c4:	ffff07b7          	lui	a5,0xffff0
  1030c8:	01100713          	addi	a4,zero,17
  1030cc:	04e7a823          	sw	a4,80(a5) # ffff0050 <__bss_end+0xffece048>
  1030d0:	424a2783          	lw	a5,1060(s4)
  1030d4:	02000493          	addi	s1,zero,32
  1030d8:	04000413          	addi	s0,zero,64
  1030dc:	06078063          	beq	a5,zero,10313c <harvttp_main+0x5c8>
  1030e0:	41ca2783          	lw	a5,1052(s4)
  1030e4:	00179513          	slli	a0,a5,0x1
  1030e8:	00f50533          	add	a0,a0,a5
  1030ec:	00551513          	slli	a0,a0,0x5
  1030f0:	40f50533          	sub	a0,a0,a5
  1030f4:	00351513          	slli	a0,a0,0x3
  1030f8:	00f50533          	add	a0,a0,a5
  1030fc:	00151513          	slli	a0,a0,0x1
  103100:	00ad07b3          	add	a5,s10,a0
  103104:	79c7d583          	lhu	a1,1948(a5)
  103108:	7a050513          	addi	a0,a0,1952
  10310c:	00ad0533          	add	a0,s10,a0
  103110:	ffdfc0ef          	jal	ra,10010c <nic_send_now>
  103114:	02051463          	bne	a0,zero,10313c <harvttp_main+0x5c8>
  103118:	41ca2703          	lw	a4,1052(s4)
  10311c:	424a2783          	lw	a5,1060(s4)
  103120:	00170713          	addi	a4,a4,1
  103124:	04870063          	beq	a4,s0,103164 <harvttp_main+0x5f0>
  103128:	fff78793          	addi	a5,a5,-1
  10312c:	40ea2e23          	sw	a4,1052(s4)
  103130:	fff48493          	addi	s1,s1,-1
  103134:	42fa2223          	sw	a5,1060(s4)
  103138:	fa0492e3          	bne	s1,zero,1030dc <harvttp_main+0x568>
  10313c:	04000793          	addi	a5,zero,64
  103140:	00100713          	addi	a4,zero,1
  103144:	00fb0863          	beq	s6,a5,103154 <harvttp_main+0x5e0>
  103148:	424a2703          	lw	a4,1060(s4)
  10314c:	00173713          	sltiu	a4,a4,1
  103150:	00170713          	addi	a4,a4,1
  103154:	778d2783          	lw	a5,1912(s10)
  103158:	00e78733          	add	a4,a5,a4
  10315c:	02ed2623          	sw	a4,44(s10)
  103160:	d01ff06f          	jal	zero,102e60 <harvttp_main+0x2ec>
  103164:	fff78793          	addi	a5,a5,-1
  103168:	400a2e23          	sw	zero,1052(s4)
  10316c:	fff48493          	addi	s1,s1,-1
  103170:	42fa2223          	sw	a5,1060(s4)
  103174:	f60494e3          	bne	s1,zero,1030dc <harvttp_main+0x568>
  103178:	fc5ff06f          	jal	zero,10313c <harvttp_main+0x5c8>
  10317c:	50000793          	addi	a5,zero,1280
  103180:	04f6aa23          	sw	a5,84(a3)
  103184:	5ee00793          	addi	a5,zero,1518
  103188:	04f6ac23          	sw	a5,88(a3)
  10318c:	00200793          	addi	a5,zero,2
  103190:	04f6ae23          	sw	a5,92(a3)
  103194:	00000513          	addi	a0,zero,0
  103198:	20000713          	addi	a4,zero,512
  10319c:	ffff05b7          	lui	a1,0xffff0
  1031a0:	0485a783          	lw	a5,72(a1) # ffff0048 <__bss_end+0xffece040>
  1031a4:	4007f693          	andi	a3,a5,1024
  1031a8:	00068a63          	beq	a3,zero,1031bc <harvttp_main+0x648>
  1031ac:	ffff07b7          	lui	a5,0xffff0
  1031b0:	00400713          	addi	a4,zero,4
  1031b4:	04e7ae23          	sw	a4,92(a5) # ffff005c <__bss_end+0xffece054>
  1031b8:	f01ff06f          	jal	zero,1030b8 <harvttp_main+0x544>
  1031bc:	1007f613          	andi	a2,a5,256
  1031c0:	2007f793          	andi	a5,a5,512
  1031c4:	00060c63          	beq	a2,zero,1031dc <harvttp_main+0x668>
  1031c8:	00079e63          	bne	a5,zero,1031e4 <harvttp_main+0x670>
  1031cc:	00100513          	addi	a0,zero,1
  1031d0:	fff70713          	addi	a4,a4,-1
  1031d4:	fc0716e3          	bne	a4,zero,1031a0 <harvttp_main+0x62c>
  1031d8:	fd5ff06f          	jal	zero,1031ac <harvttp_main+0x638>
  1031dc:	fe078ae3          	beq	a5,zero,1031d0 <harvttp_main+0x65c>
  1031e0:	fe0508e3          	beq	a0,zero,1031d0 <harvttp_main+0x65c>
  1031e4:	ffff07b7          	lui	a5,0xffff0
  1031e8:	0707a703          	lw	a4,112(a5) # ffff0070 <__bss_end+0xffece068>
  1031ec:	5ee00793          	addi	a5,zero,1518
  1031f0:	00070813          	addi	a6,a4,0
  1031f4:	00e7f463          	bgeu	a5,a4,1031fc <harvttp_main+0x688>
  1031f8:	5ee00813          	addi	a6,zero,1518
  1031fc:	000c0793          	addi	a5,s8,0
  103200:	00000593          	addi	a1,zero,0
  103204:	12070463          	beq	a4,zero,10332c <harvttp_main+0x7b8>
  103208:	ffc5f613          	andi	a2,a1,-4
  10320c:	50062603          	lw	a2,1280(a2)
  103210:	00158e93          	addi	t4,a1,1
  103214:	00258e13          	addi	t3,a1,2
  103218:	00c78023          	sb	a2,0(a5)
  10321c:	00358313          	addi	t1,a1,3
  103220:	00865893          	srli	a7,a2,0x8
  103224:	01065513          	srli	a0,a2,0x10
  103228:	00458593          	addi	a1,a1,4
  10322c:	01865613          	srli	a2,a2,0x18
  103230:	010ef463          	bgeu	t4,a6,103238 <harvttp_main+0x6c4>
  103234:	011780a3          	sb	a7,1(a5)
  103238:	010e7463          	bgeu	t3,a6,103240 <harvttp_main+0x6cc>
  10323c:	00a78123          	sb	a0,2(a5)
  103240:	01037463          	bgeu	t1,a6,103248 <harvttp_main+0x6d4>
  103244:	00c781a3          	sb	a2,3(a5)
  103248:	00478793          	addi	a5,a5,4
  10324c:	fb05eee3          	bltu	a1,a6,103208 <harvttp_main+0x694>
  103250:	77cd2783          	lw	a5,1916(s10)
  103254:	00d00613          	addi	a2,zero,13
  103258:	00178793          	addi	a5,a5,1
  10325c:	76fd2e23          	sw	a5,1916(s10)
  103260:	02e66863          	bltu	a2,a4,103290 <harvttp_main+0x71c>
  103264:	fffb8b93          	addi	s7,s7,-1
  103268:	001b0b13          	addi	s6,s6,1
  10326c:	000b9c63          	bne	s7,zero,103284 <harvttp_main+0x710>
  103270:	ffff07b7          	lui	a5,0xffff0
  103274:	07c7a303          	lw	t1,124(a5) # ffff007c <__bss_end+0xffece074>
  103278:	01031b93          	slli	s7,t1,0x10
  10327c:	010bdb93          	srli	s7,s7,0x10
  103280:	e40b82e3          	beq	s7,zero,1030c4 <harvttp_main+0x550>
  103284:	04000793          	addi	a5,zero,64
  103288:	e2fb0ee3          	beq	s6,a5,1030c4 <harvttp_main+0x550>
  10328c:	e09ff06f          	jal	zero,103094 <harvttp_main+0x520>
  103290:	438a5783          	lhu	a5,1080(s4)
  103294:	00001637          	lui	a2,0x1
  103298:	80660613          	addi	a2,a2,-2042 # 806 <_start-0xff7fa>
  10329c:	01079593          	slli	a1,a5,0x10
  1032a0:	0105d593          	srli	a1,a1,0x10
  1032a4:	00879793          	slli	a5,a5,0x8
  1032a8:	0085d593          	srli	a1,a1,0x8
  1032ac:	00b7e7b3          	or	a5,a5,a1
  1032b0:	01079793          	slli	a5,a5,0x10
  1032b4:	4107d793          	srai	a5,a5,0x10
  1032b8:	14c78863          	beq	a5,a2,103408 <harvttp_main+0x894>
  1032bc:	80078793          	addi	a5,a5,-2048
  1032c0:	fa0792e3          	bne	a5,zero,103264 <harvttp_main+0x6f0>
  1032c4:	11900793          	addi	a5,zero,281
  1032c8:	3ae7f463          	bgeu	a5,a4,103670 <harvttp_main+0xafc>
  1032cc:	43aa4603          	lbu	a2,1082(s4)
  1032d0:	00400793          	addi	a5,zero,4
  1032d4:	00465713          	srli	a4,a2,0x4
  1032d8:	7af70a63          	beq	a4,a5,103a8c <harvttp_main+0xf18>
  1032dc:	065d4783          	lbu	a5,101(s10)
  1032e0:	3a079063          	bne	a5,zero,103680 <harvttp_main+0xb0c>
  1032e4:	444855b7          	lui	a1,0x44485
  1032e8:	00000513          	addi	a0,zero,0
  1032ec:	20358593          	addi	a1,a1,515 # 44485203 <__bss_end+0x443631fb>
  1032f0:	00100893          	addi	a7,zero,1
  1032f4:	00000073          	ecall
  1032f8:	065d4783          	lbu	a5,101(s10)
  1032fc:	f60784e3          	beq	a5,zero,103264 <harvttp_main+0x6f0>
  103300:	438a5783          	lhu	a5,1080(s4)
  103304:	01079713          	slli	a4,a5,0x10
  103308:	01075713          	srli	a4,a4,0x10
  10330c:	00879793          	slli	a5,a5,0x8
  103310:	00875713          	srli	a4,a4,0x8
  103314:	00e7e7b3          	or	a5,a5,a4
  103318:	01079793          	slli	a5,a5,0x10
  10331c:	0107d793          	srli	a5,a5,0x10
  103320:	80078793          	addi	a5,a5,-2048
  103324:	f40790e3          	bne	a5,zero,103264 <harvttp_main+0x6f0>
  103328:	3580006f          	jal	zero,103680 <harvttp_main+0xb0c>
  10332c:	77cd2783          	lw	a5,1916(s10)
  103330:	00178793          	addi	a5,a5,1
  103334:	76fd2e23          	sw	a5,1916(s10)
  103338:	f2dff06f          	jal	zero,103264 <harvttp_main+0x6f0>
  10333c:	100027f3          	csrrs	a5,sstatus,zero
  103340:	ffe7f713          	andi	a4,a5,-2
  103344:	10071073          	csrrw	zero,sstatus,a4
  103348:	788d2903          	lw	s2,1928(s10)
  10334c:	780d2423          	sw	zero,1928(s10)
  103350:	10079073          	csrrw	zero,sstatus,a5
  103354:	01e91913          	slli	s2,s2,0x1e
  103358:	41f95913          	srai	s2,s2,0x1f
  10335c:	424a2783          	lw	a5,1060(s4)
  103360:	01897913          	andi	s2,s2,24
  103364:	00890913          	addi	s2,s2,8
  103368:	00000413          	addi	s0,zero,0
  10336c:	04000493          	addi	s1,zero,64
  103370:	08078863          	beq	a5,zero,103400 <harvttp_main+0x88c>
  103374:	41ca2703          	lw	a4,1052(s4)
  103378:	00171793          	slli	a5,a4,0x1
  10337c:	00e787b3          	add	a5,a5,a4
  103380:	00579793          	slli	a5,a5,0x5
  103384:	40e787b3          	sub	a5,a5,a4
  103388:	00379793          	slli	a5,a5,0x3
  10338c:	00e787b3          	add	a5,a5,a4
  103390:	00179793          	slli	a5,a5,0x1
  103394:	00fd0733          	add	a4,s10,a5
  103398:	79c75583          	lhu	a1,1948(a4)
  10339c:	7a078793          	addi	a5,a5,1952
  1033a0:	00fd0533          	add	a0,s10,a5
  1033a4:	d69fc0ef          	jal	ra,10010c <nic_send_now>
  1033a8:	20051263          	bne	a0,zero,1035ac <harvttp_main+0xa38>
  1033ac:	41ca2703          	lw	a4,1052(s4)
  1033b0:	424a2783          	lw	a5,1060(s4)
  1033b4:	00170713          	addi	a4,a4,1
  1033b8:	02970863          	beq	a4,s1,1033e8 <harvttp_main+0x874>
  1033bc:	fff78793          	addi	a5,a5,-1
  1033c0:	40ea2e23          	sw	a4,1052(s4)
  1033c4:	00140413          	addi	s0,s0,1
  1033c8:	42fa2223          	sw	a5,1060(s4)
  1033cc:	fa8912e3          	bne	s2,s0,103370 <harvttp_main+0x7fc>
  1033d0:	02078863          	beq	a5,zero,103400 <harvttp_main+0x88c>
  1033d4:	00100713          	addi	a4,zero,1
  1033d8:	778d2783          	lw	a5,1912(s10)
  1033dc:	00e78733          	add	a4,a5,a4
  1033e0:	02ed2023          	sw	a4,32(s10)
  1033e4:	a6dff06f          	jal	zero,102e50 <harvttp_main+0x2dc>
  1033e8:	fff78793          	addi	a5,a5,-1
  1033ec:	400a2e23          	sw	zero,1052(s4)
  1033f0:	00140413          	addi	s0,s0,1
  1033f4:	42fa2223          	sw	a5,1060(s4)
  1033f8:	f6891ce3          	bne	s2,s0,103370 <harvttp_main+0x7fc>
  1033fc:	fc079ce3          	bne	a5,zero,1033d4 <harvttp_main+0x860>
  103400:	00200713          	addi	a4,zero,2
  103404:	fd5ff06f          	jal	zero,1033d8 <harvttp_main+0x864>
  103408:	065d4783          	lbu	a5,101(s10)
  10340c:	e4078ce3          	beq	a5,zero,103264 <harvttp_main+0x6f0>
  103410:	02900793          	addi	a5,zero,41
  103414:	e4e7f8e3          	bgeu	a5,a4,103264 <harvttp_main+0x6f0>
  103418:	440a5783          	lhu	a5,1088(s4)
  10341c:	00100693          	addi	a3,zero,1
  103420:	01079713          	slli	a4,a5,0x10
  103424:	01075713          	srli	a4,a4,0x10
  103428:	00879793          	slli	a5,a5,0x8
  10342c:	00875713          	srli	a4,a4,0x8
  103430:	00e7e7b3          	or	a5,a5,a4
  103434:	01079793          	slli	a5,a5,0x10
  103438:	0107d793          	srli	a5,a5,0x10
  10343c:	e2d794e3          	bne	a5,a3,103264 <harvttp_main+0x6f0>
  103440:	046d4583          	lbu	a1,70(s10)
  103444:	452a4783          	lbu	a5,1106(s4)
  103448:	e0b79ee3          	bne	a5,a1,103264 <harvttp_main+0x6f0>
  10344c:	047d4603          	lbu	a2,71(s10)
  103450:	453a4783          	lbu	a5,1107(s4)
  103454:	e0c798e3          	bne	a5,a2,103264 <harvttp_main+0x6f0>
  103458:	048d4683          	lbu	a3,72(s10)
  10345c:	454a4783          	lbu	a5,1108(s4)
  103460:	e0d792e3          	bne	a5,a3,103264 <harvttp_main+0x6f0>
  103464:	049d4703          	lbu	a4,73(s10)
  103468:	455a4783          	lbu	a5,1109(s4)
  10346c:	dee79ce3          	bne	a5,a4,103264 <harvttp_main+0x6f0>
  103470:	044d5783          	lhu	a5,68(s10)
  103474:	432a5483          	lhu	s1,1074(s4)
  103478:	434a2403          	lw	s0,1076(s4)
  10347c:	a2fd9223          	sh	a5,-1500(s11)
  103480:	60800793          	addi	a5,zero,1544
  103484:	a2fd9323          	sh	a5,-1498(s11)
  103488:	000807b7          	lui	a5,0x80
  10348c:	040d4383          	lbu	t2,64(s10)
  103490:	041d4283          	lbu	t0,65(s10)
  103494:	042d4f83          	lbu	t6,66(s10)
  103498:	043d4f03          	lbu	t5,67(s10)
  10349c:	044d4e83          	lbu	t4,68(s10)
  1034a0:	045d4e03          	lbu	t3,69(s10)
  1034a4:	040d2083          	lw	ra,64(s10)
  1034a8:	442a5883          	lhu	a7,1090(s4)
  1034ac:	444a2803          	lw	a6,1092(s4)
  1034b0:	10078793          	addi	a5,a5,256 # 80100 <_start-0x7ff00>
  1034b4:	a2fda423          	sw	a5,-1496(s11)
  1034b8:	448a2503          	lw	a0,1096(s4)
  1034bc:	020007b7          	lui	a5,0x2000
  1034c0:	40678793          	addi	a5,a5,1030 # 2000406 <__bss_end+0x1ede3fe>
  1034c4:	a2fda623          	sw	a5,-1492(s11)
  1034c8:	a09d9d23          	sh	s1,-1510(s11)
  1034cc:	a08dae23          	sw	s0,-1508(s11)
  1034d0:	a21da023          	sw	ra,-1504(s11)
  1034d4:	a27d8823          	sb	t2,-1488(s11)
  1034d8:	a25d88a3          	sb	t0,-1487(s11)
  1034dc:	a3fd8923          	sb	t6,-1486(s11)
  1034e0:	a3ed89a3          	sb	t5,-1485(s11)
  1034e4:	a3dd8a23          	sb	t4,-1484(s11)
  1034e8:	a3cd8aa3          	sb	t3,-1483(s11)
  1034ec:	a2bd8b23          	sb	a1,-1482(s11)
  1034f0:	a2cd8ba3          	sb	a2,-1481(s11)
  1034f4:	a2dd8c23          	sb	a3,-1480(s11)
  1034f8:	a2ed8ca3          	sb	a4,-1479(s11)
  1034fc:	a31d9d23          	sh	a7,-1478(s11)
  103500:	a30dae23          	sw	a6,-1476(s11)
  103504:	a4ada023          	sw	a0,-1472(s11)
  103508:	424a2783          	lw	a5,1060(s4)
  10350c:	5e078e63          	beq	a5,zero,103b08 <harvttp_main+0xf94>
  103510:	424a2703          	lw	a4,1060(s4)
  103514:	03f00793          	addi	a5,zero,63
  103518:	42e7e8e3          	bltu	a5,a4,104148 <harvttp_main+0x15d4>
  10351c:	420a2483          	lw	s1,1056(s4)
  103520:	001207b7          	lui	a5,0x120
  103524:	5f200593          	addi	a1,zero,1522
  103528:	00048513          	addi	a0,s1,0
  10352c:	a1a78413          	addi	s0,a5,-1510 # 11fa1a <__global_pointer$+0x1821a>
  103530:	609010ef          	jal	ra,105338 <__mulsi3>
  103534:	00ad07b3          	add	a5,s10,a0
  103538:	02a00713          	addi	a4,zero,42
  10353c:	78e79e23          	sh	a4,1948(a5)
  103540:	78079f23          	sh	zero,1950(a5)
  103544:	5f200593          	addi	a1,zero,1522
  103548:	00048513          	addi	a0,s1,0
  10354c:	5ed010ef          	jal	ra,105338 <__mulsi3>
  103550:	7a050793          	addi	a5,a0,1952
  103554:	00fd07b3          	add	a5,s10,a5
  103558:	00044703          	lbu	a4,0(s0)
  10355c:	00140413          	addi	s0,s0,1
  103560:	00178793          	addi	a5,a5,1
  103564:	fee78fa3          	sb	a4,-1(a5)
  103568:	01012703          	lw	a4,16(sp)
  10356c:	fe8716e3          	bne	a4,s0,103558 <harvttp_main+0x9e4>
  103570:	420a2783          	lw	a5,1056(s4)
  103574:	04000713          	addi	a4,zero,64
  103578:	00178793          	addi	a5,a5,1
  10357c:	00e79463          	bne	a5,a4,103584 <harvttp_main+0xa10>
  103580:	00000793          	addi	a5,zero,0
  103584:	424a2703          	lw	a4,1060(s4)
  103588:	42fa2023          	sw	a5,1056(s4)
  10358c:	00170793          	addi	a5,a4,1
  103590:	42fa2223          	sw	a5,1060(s4)
  103594:	cd1ff06f          	jal	zero,103264 <harvttp_main+0x6f0>
  103598:	06478713          	addi	a4,a5,100
  10359c:	00100693          	addi	a3,zero,1
  1035a0:	06dd1223          	sh	a3,100(s10)
  1035a4:	00ed2a23          	sw	a4,20(s10)
  1035a8:	899ff06f          	jal	zero,102e40 <harvttp_main+0x2cc>
  1035ac:	424a2783          	lw	a5,1060(s4)
  1035b0:	e21ff06f          	jal	zero,1033d0 <harvttp_main+0x85c>
  1035b4:	7d078713          	addi	a4,a5,2000
  1035b8:	00ed2a23          	sw	a4,20(s10)
  1035bc:	885ff06f          	jal	zero,102e40 <harvttp_main+0x2cc>
  1035c0:	00578713          	addi	a4,a5,5
  1035c4:	02ed2623          	sw	a4,44(s10)
  1035c8:	899ff06f          	jal	zero,102e60 <harvttp_main+0x2ec>
  1035cc:	011cf793          	andi	a5,s9,17
  1035d0:	00078663          	beq	a5,zero,1035dc <harvttp_main+0xa68>
  1035d4:	01100793          	addi	a5,zero,17
  1035d8:	04f72823          	sw	a5,80(a4)
  1035dc:	424a2783          	lw	a5,1060(s4)
  1035e0:	02000493          	addi	s1,zero,32
  1035e4:	04000413          	addi	s0,zero,64
  1035e8:	06078463          	beq	a5,zero,103650 <harvttp_main+0xadc>
  1035ec:	41ca2703          	lw	a4,1052(s4)
  1035f0:	00171793          	slli	a5,a4,0x1
  1035f4:	00e787b3          	add	a5,a5,a4
  1035f8:	00579793          	slli	a5,a5,0x5
  1035fc:	40e787b3          	sub	a5,a5,a4
  103600:	00379793          	slli	a5,a5,0x3
  103604:	00e787b3          	add	a5,a5,a4
  103608:	00179793          	slli	a5,a5,0x1
  10360c:	00fd0733          	add	a4,s10,a5
  103610:	79c75583          	lhu	a1,1948(a4)
  103614:	7a078793          	addi	a5,a5,1952
  103618:	00fd0533          	add	a0,s10,a5
  10361c:	af1fc0ef          	jal	ra,10010c <nic_send_now>
  103620:	4c051263          	bne	a0,zero,103ae4 <harvttp_main+0xf70>
  103624:	41ca2703          	lw	a4,1052(s4)
  103628:	424a2783          	lw	a5,1060(s4)
  10362c:	00170713          	addi	a4,a4,1
  103630:	02870463          	beq	a4,s0,103658 <harvttp_main+0xae4>
  103634:	fff78793          	addi	a5,a5,-1
  103638:	40ea2e23          	sw	a4,1052(s4)
  10363c:	fff48493          	addi	s1,s1,-1
  103640:	42fa2223          	sw	a5,1060(s4)
  103644:	fa0492e3          	bne	s1,zero,1035e8 <harvttp_main+0xa74>
  103648:	00100713          	addi	a4,zero,1
  10364c:	b00794e3          	bne	a5,zero,103154 <harvttp_main+0x5e0>
  103650:	00200713          	addi	a4,zero,2
  103654:	b01ff06f          	jal	zero,103154 <harvttp_main+0x5e0>
  103658:	fff78793          	addi	a5,a5,-1
  10365c:	400a2e23          	sw	zero,1052(s4)
  103660:	fff48493          	addi	s1,s1,-1
  103664:	42fa2223          	sw	a5,1060(s4)
  103668:	f80490e3          	bne	s1,zero,1035e8 <harvttp_main+0xa74>
  10366c:	fddff06f          	jal	zero,103648 <harvttp_main+0xad4>
  103670:	065d4783          	lbu	a5,101(s10)
  103674:	3e078263          	beq	a5,zero,103a58 <harvttp_main+0xee4>
  103678:	03500793          	addi	a5,zero,53
  10367c:	bee7f4e3          	bgeu	a5,a4,103264 <harvttp_main+0x6f0>
  103680:	42ca4703          	lbu	a4,1068(s4)
  103684:	040d4783          	lbu	a5,64(s10)
  103688:	bcf71ee3          	bne	a4,a5,103264 <harvttp_main+0x6f0>
  10368c:	42da4703          	lbu	a4,1069(s4)
  103690:	041d4783          	lbu	a5,65(s10)
  103694:	bcf718e3          	bne	a4,a5,103264 <harvttp_main+0x6f0>
  103698:	42ea4703          	lbu	a4,1070(s4)
  10369c:	042d4783          	lbu	a5,66(s10)
  1036a0:	bcf712e3          	bne	a4,a5,103264 <harvttp_main+0x6f0>
  1036a4:	42fa4703          	lbu	a4,1071(s4)
  1036a8:	043d4783          	lbu	a5,67(s10)
  1036ac:	baf71ce3          	bne	a4,a5,103264 <harvttp_main+0x6f0>
  1036b0:	430a4703          	lbu	a4,1072(s4)
  1036b4:	044d4783          	lbu	a5,68(s10)
  1036b8:	baf716e3          	bne	a4,a5,103264 <harvttp_main+0x6f0>
  1036bc:	431a4703          	lbu	a4,1073(s4)
  1036c0:	045d4783          	lbu	a5,69(s10)
  1036c4:	baf710e3          	bne	a4,a5,103264 <harvttp_main+0x6f0>
  1036c8:	43aa4783          	lbu	a5,1082(s4)
  1036cc:	00400713          	addi	a4,zero,4
  1036d0:	0047d613          	srli	a2,a5,0x4
  1036d4:	b8e618e3          	bne	a2,a4,103264 <harvttp_main+0x6f0>
  1036d8:	00279993          	slli	s3,a5,0x2
  1036dc:	03c9f993          	andi	s3,s3,60
  1036e0:	01300793          	addi	a5,zero,19
  1036e4:	b937f0e3          	bgeu	a5,s3,103264 <harvttp_main+0x6f0>
  1036e8:	02298793          	addi	a5,s3,34
  1036ec:	b6f86ce3          	bltu	a6,a5,103264 <harvttp_main+0x6f0>
  1036f0:	443a4703          	lbu	a4,1091(s4)
  1036f4:	00600793          	addi	a5,zero,6
  1036f8:	b6f716e3          	bne	a4,a5,103264 <harvttp_main+0x6f0>
  1036fc:	01412703          	lw	a4,20(sp)
  103700:	00098613          	addi	a2,s3,0
  103704:	00075783          	lhu	a5,0(a4)
  103708:	ffe60613          	addi	a2,a2,-2
  10370c:	00270713          	addi	a4,a4,2
  103710:	01079593          	slli	a1,a5,0x10
  103714:	0105d593          	srli	a1,a1,0x10
  103718:	00879793          	slli	a5,a5,0x8
  10371c:	0085d593          	srli	a1,a1,0x8
  103720:	00b7e7b3          	or	a5,a5,a1
  103724:	01079793          	slli	a5,a5,0x10
  103728:	0107d793          	srli	a5,a5,0x10
  10372c:	00f686b3          	add	a3,a3,a5
  103730:	fc061ae3          	bne	a2,zero,103704 <harvttp_main+0xb90>
  103734:	000107b7          	lui	a5,0x10
  103738:	fff78793          	addi	a5,a5,-1 # ffff <_start-0xf0001>
  10373c:	0080006f          	jal	zero,103744 <harvttp_main+0xbd0>
  103740:	00b706b3          	add	a3,a4,a1
  103744:	0106d593          	srli	a1,a3,0x10
  103748:	00f6f733          	and	a4,a3,a5
  10374c:	fe059ae3          	bne	a1,zero,103740 <harvttp_main+0xbcc>
  103750:	000107b7          	lui	a5,0x10
  103754:	fff78793          	addi	a5,a5,-1 # ffff <_start-0xf0001>
  103758:	b0f696e3          	bne	a3,a5,103264 <harvttp_main+0x6f0>
  10375c:	001077b7          	lui	a5,0x107
  103760:	00018737          	lui	a4,0x18
  103764:	00078793          	addi	a5,a5,0 # 107000 <g_ctx>
  103768:	44a70713          	addi	a4,a4,1098 # 1844a <_start-0xe7bb6>
  10376c:	00e78633          	add	a2,a5,a4
  103770:	0467c683          	lbu	a3,70(a5)
  103774:	00064603          	lbu	a2,0(a2)
  103778:	00178793          	addi	a5,a5,1
  10377c:	aed614e3          	bne	a2,a3,103264 <harvttp_main+0x6f0>
  103780:	08012683          	lw	a3,128(sp)
  103784:	fef694e3          	bne	a3,a5,10376c <harvttp_main+0xbf8>
  103788:	43ca5783          	lhu	a5,1084(s4)
  10378c:	01498693          	addi	a3,s3,20
  103790:	01079613          	slli	a2,a5,0x10
  103794:	01065613          	srli	a2,a2,0x10
  103798:	00879713          	slli	a4,a5,0x8
  10379c:	00865793          	srli	a5,a2,0x8
  1037a0:	00f76733          	or	a4,a4,a5
  1037a4:	01071713          	slli	a4,a4,0x10
  1037a8:	01075713          	srli	a4,a4,0x10
  1037ac:	aad76ce3          	bltu	a4,a3,103264 <harvttp_main+0x6f0>
  1037b0:	00e70793          	addi	a5,a4,14
  1037b4:	aaf868e3          	bltu	a6,a5,103264 <harvttp_main+0x6f0>
  1037b8:	01412783          	lw	a5,20(sp)
  1037bc:	05000613          	addi	a2,zero,80
  1037c0:	013784b3          	add	s1,a5,s3
  1037c4:	0024d783          	lhu	a5,2(s1)
  1037c8:	01079693          	slli	a3,a5,0x10
  1037cc:	0106d693          	srli	a3,a3,0x10
  1037d0:	00879793          	slli	a5,a5,0x8
  1037d4:	0086d693          	srli	a3,a3,0x8
  1037d8:	00d7e7b3          	or	a5,a5,a3
  1037dc:	01079793          	slli	a5,a5,0x10
  1037e0:	0107d793          	srli	a5,a5,0x10
  1037e4:	a8c790e3          	bne	a5,a2,103264 <harvttp_main+0x6f0>
  1037e8:	00c4c683          	lbu	a3,12(s1)
  1037ec:	01300793          	addi	a5,zero,19
  1037f0:	0046d693          	srli	a3,a3,0x4
  1037f4:	00269693          	slli	a3,a3,0x2
  1037f8:	a6d7f6e3          	bgeu	a5,a3,103264 <harvttp_main+0x6f0>
  1037fc:	00d987b3          	add	a5,s3,a3
  103800:	a6f762e3          	bltu	a4,a5,103264 <harvttp_main+0x6f0>
  103804:	000187b7          	lui	a5,0x18
  103808:	413709b3          	sub	s3,a4,s3
  10380c:	00000513          	addi	a0,zero,0
  103810:	00c00613          	addi	a2,zero,12
  103814:	43a78e13          	addi	t3,a5,1082 # 1843a <_start-0xe7bc6>
  103818:	01400893          	addi	a7,zero,20
  10381c:	01c607b3          	add	a5,a2,t3
  103820:	00fd07b3          	add	a5,s10,a5
  103824:	0007d783          	lhu	a5,0(a5)
  103828:	00260613          	addi	a2,a2,2
  10382c:	01079813          	slli	a6,a5,0x10
  103830:	01085813          	srli	a6,a6,0x10
  103834:	00879793          	slli	a5,a5,0x8
  103838:	00885813          	srli	a6,a6,0x8
  10383c:	0107e7b3          	or	a5,a5,a6
  103840:	01079793          	slli	a5,a5,0x10
  103844:	0107d793          	srli	a5,a5,0x10
  103848:	00f50533          	add	a0,a0,a5
  10384c:	fd1618e3          	bne	a2,a7,10381c <harvttp_main+0xca8>
  103850:	00698793          	addi	a5,s3,6
  103854:	00a787b3          	add	a5,a5,a0
  103858:	02c0006f          	jal	zero,103884 <harvttp_main+0xd10>
  10385c:	00055603          	lhu	a2,0(a0)
  103860:	00258593          	addi	a1,a1,2
  103864:	01061513          	slli	a0,a2,0x10
  103868:	01055513          	srli	a0,a0,0x10
  10386c:	00861613          	slli	a2,a2,0x8
  103870:	00855513          	srli	a0,a0,0x8
  103874:	00a66633          	or	a2,a2,a0
  103878:	01061613          	slli	a2,a2,0x10
  10387c:	01065613          	srli	a2,a2,0x10
  103880:	00c787b3          	add	a5,a5,a2
  103884:	00158613          	addi	a2,a1,1
  103888:	00b48533          	add	a0,s1,a1
  10388c:	fd3668e3          	bltu	a2,s3,10385c <harvttp_main+0xce8>
  103890:	0019f613          	andi	a2,s3,1
  103894:	00060a63          	beq	a2,zero,1038a8 <harvttp_main+0xd34>
  103898:	01348633          	add	a2,s1,s3
  10389c:	fff64603          	lbu	a2,-1(a2)
  1038a0:	00861613          	slli	a2,a2,0x8
  1038a4:	00c787b3          	add	a5,a5,a2
  1038a8:	00010637          	lui	a2,0x10
  1038ac:	fff60613          	addi	a2,a2,-1 # ffff <_start-0xf0001>
  1038b0:	0080006f          	jal	zero,1038b8 <harvttp_main+0xd44>
  1038b4:	006587b3          	add	a5,a1,t1
  1038b8:	0107d313          	srli	t1,a5,0x10
  1038bc:	00c7f5b3          	and	a1,a5,a2
  1038c0:	fe031ae3          	bne	t1,zero,1038b4 <harvttp_main+0xd40>
  1038c4:	00010637          	lui	a2,0x10
  1038c8:	fff60613          	addi	a2,a2,-1 # ffff <_start-0xf0001>
  1038cc:	98c79ce3          	bne	a5,a2,103264 <harvttp_main+0x6f0>
  1038d0:	0004d603          	lhu	a2,0(s1)
  1038d4:	0044c403          	lbu	s0,4(s1)
  1038d8:	0054c803          	lbu	a6,5(s1)
  1038dc:	01061513          	slli	a0,a2,0x10
  1038e0:	0064c583          	lbu	a1,6(s1)
  1038e4:	00d4c783          	lbu	a5,13(s1)
  1038e8:	0074c883          	lbu	a7,7(s1)
  1038ec:	01055513          	srli	a0,a0,0x10
  1038f0:	00861a93          	slli	s5,a2,0x8
  1038f4:	01841413          	slli	s0,s0,0x18
  1038f8:	00855613          	srli	a2,a0,0x8
  1038fc:	01081813          	slli	a6,a6,0x10
  103900:	00caeab3          	or	s5,s5,a2
  103904:	01046433          	or	s0,s0,a6
  103908:	00859613          	slli	a2,a1,0x8
  10390c:	01146433          	or	s0,s0,a7
  103910:	010a9a93          	slli	s5,s5,0x10
  103914:	0047f593          	andi	a1,a5,4
  103918:	010ada93          	srli	s5,s5,0x10
  10391c:	00c46433          	or	s0,s0,a2
  103920:	52059ee3          	bne	a1,zero,10465c <harvttp_main+0x1ae8>
  103924:	0027f613          	andi	a2,a5,2
  103928:	300600e3          	beq	a2,zero,104428 <harvttp_main+0x18b4>
  10392c:	0107f793          	andi	a5,a5,16
  103930:	92079ae3          	bne	a5,zero,103264 <harvttp_main+0x6f0>
  103934:	449a4703          	lbu	a4,1097(s4)
  103938:	0011f7b7          	lui	a5,0x11f
  10393c:	000a8593          	addi	a1,s5,0
  103940:	44678513          	addi	a0,a5,1094 # 11f446 <__global_pointer$+0x17c46>
  103944:	00612223          	sw	t1,4(sp)
  103948:	00e12023          	sw	a4,0(sp)
  10394c:	446a4483          	lbu	s1,1094(s4)
  103950:	447a4983          	lbu	s3,1095(s4)
  103954:	448a4903          	lbu	s2,1096(s4)
  103958:	d85fc0ef          	jal	ra,1006dc <tcp_peer_lookup.constprop.0>
  10395c:	00012703          	lw	a4,0(sp)
  103960:	00412303          	lw	t1,4(sp)
  103964:	1a050ee3          	beq	a0,zero,104320 <harvttp_main+0x17ac>
  103968:	00018737          	lui	a4,0x18
  10396c:	00000793          	addi	a5,zero,0
  103970:	43270613          	addi	a2,a4,1074 # 18432 <_start-0xe7bce>
  103974:	00600693          	addi	a3,zero,6
  103978:	00c78733          	add	a4,a5,a2
  10397c:	00ed0733          	add	a4,s10,a4
  103980:	00074583          	lbu	a1,0(a4)
  103984:	00f50733          	add	a4,a0,a5
  103988:	00178793          	addi	a5,a5,1
  10398c:	00b70023          	sb	a1,0(a4)
  103990:	fed794e3          	bne	a5,a3,103978 <harvttp_main+0xe04>
  103994:	00c52783          	lw	a5,12(a0)
  103998:	00078663          	beq	a5,zero,1039a4 <harvttp_main+0xe30>
  10399c:	01854783          	lbu	a5,24(a0)
  1039a0:	04079e63          	bne	a5,zero,1039fc <harvttp_main+0xe88>
  1039a4:	446a4783          	lbu	a5,1094(s4)
  1039a8:	447a4703          	lbu	a4,1095(s4)
  1039ac:	449a4583          	lbu	a1,1097(s4)
  1039b0:	448a4683          	lbu	a3,1096(s4)
  1039b4:	778d2603          	lw	a2,1912(s10)
  1039b8:	01071713          	slli	a4,a4,0x10
  1039bc:	01879793          	slli	a5,a5,0x18
  1039c0:	00e7e7b3          	or	a5,a5,a4
  1039c4:	00b7e7b3          	or	a5,a5,a1
  1039c8:	00869693          	slli	a3,a3,0x8
  1039cc:	010a9713          	slli	a4,s5,0x10
  1039d0:	00c74733          	xor	a4,a4,a2
  1039d4:	00d7e7b3          	or	a5,a5,a3
  1039d8:	00e7c7b3          	xor	a5,a5,a4
  1039dc:	48545737          	lui	a4,0x48545
  1039e0:	45070713          	addi	a4,a4,1104 # 48545450 <__bss_end+0x48423448>
  1039e4:	00e7c7b3          	xor	a5,a5,a4
  1039e8:	00f52623          	sw	a5,12(a0)
  1039ec:	00140713          	addi	a4,s0,1
  1039f0:	00100793          	addi	a5,zero,1
  1039f4:	00e52823          	sw	a4,16(a0)
  1039f8:	00f50c23          	sb	a5,24(a0)
  1039fc:	3ff00713          	addi	a4,zero,1023
  103a00:	04a77263          	bgeu	a4,a0,103a44 <harvttp_main+0xed0>
  103a04:	00650593          	addi	a1,a0,6
  103a08:	02a5ee63          	bltu	a1,a0,103a44 <harvttp_main+0xed0>
  103a0c:	002007b7          	lui	a5,0x200
  103a10:	02b7ea63          	bltu	a5,a1,103a44 <harvttp_main+0xed0>
  103a14:	02b77863          	bgeu	a4,a1,103a44 <harvttp_main+0xed0>
  103a18:	00a50713          	addi	a4,a0,10
  103a1c:	02b76463          	bltu	a4,a1,103a44 <harvttp_main+0xed0>
  103a20:	02e7e263          	bltu	a5,a4,103a44 <harvttp_main+0xed0>
  103a24:	00c52683          	lw	a3,12(a0)
  103a28:	00000893          	addi	a7,zero,0
  103a2c:	00000813          	addi	a6,zero,0
  103a30:	01200793          	addi	a5,zero,18
  103a34:	00140713          	addi	a4,s0,1
  103a38:	000a8613          	addi	a2,s5,0
  103a3c:	9d0fd0ef          	jal	ra,100c0c <build_tcp_packet.part.0>
  103a40:	00050313          	addi	t1,a0,0
  103a44:	001207b7          	lui	a5,0x120
  103a48:	00030593          	addi	a1,t1,0
  103a4c:	a1a78513          	addi	a0,a5,-1510 # 11fa1a <__global_pointer$+0x1821a>
  103a50:	bf4fd0ef          	jal	ra,100e44 <nic_send.isra.0>
  103a54:	811ff06f          	jal	zero,103264 <harvttp_main+0x6f0>
  103a58:	444855b7          	lui	a1,0x44485
  103a5c:	00000513          	addi	a0,zero,0
  103a60:	20158593          	addi	a1,a1,513 # 44485201 <__bss_end+0x443631f9>
  103a64:	00080613          	addi	a2,a6,0 # 1000 <_start-0xff000>
  103a68:	00100893          	addi	a7,zero,1
  103a6c:	00000073          	ecall
  103a70:	065d4783          	lbu	a5,101(s10)
  103a74:	fe078863          	beq	a5,zero,103264 <harvttp_main+0x6f0>
  103a78:	03500793          	addi	a5,zero,53
  103a7c:	fee7f463          	bgeu	a5,a4,103264 <harvttp_main+0x6f0>
  103a80:	881ff06f          	jal	zero,103300 <harvttp_main+0x78c>
  103a84:	d70fd0ef          	jal	ra,100ff4 <send_dhcp_request.constprop.0>
  103a88:	d78ff06f          	jal	zero,103000 <harvttp_main+0x48c>
  103a8c:	00261613          	slli	a2,a2,0x2
  103a90:	03c67593          	andi	a1,a2,60
  103a94:	01300793          	addi	a5,zero,19
  103a98:	00b7fc63          	bgeu	a5,a1,103ab0 <harvttp_main+0xf3c>
  103a9c:	10658793          	addi	a5,a1,262
  103aa0:	00f86863          	bltu	a6,a5,103ab0 <harvttp_main+0xf3c>
  103aa4:	443a4703          	lbu	a4,1091(s4)
  103aa8:	01100793          	addi	a5,zero,17
  103aac:	06f70a63          	beq	a4,a5,103b20 <harvttp_main+0xfac>
  103ab0:	065d4783          	lbu	a5,101(s10)
  103ab4:	bc0796e3          	bne	a5,zero,103680 <harvttp_main+0xb0c>
  103ab8:	443a4783          	lbu	a5,1091(s4)
  103abc:	01059613          	slli	a2,a1,0x10
  103ac0:	444855b7          	lui	a1,0x44485
  103ac4:	00879793          	slli	a5,a5,0x8
  103ac8:	0107e7b3          	or	a5,a5,a6
  103acc:	00000513          	addi	a0,zero,0
  103ad0:	20458593          	addi	a1,a1,516 # 44485204 <__bss_end+0x443631fc>
  103ad4:	00c7e633          	or	a2,a5,a2
  103ad8:	00100893          	addi	a7,zero,1
  103adc:	00000073          	ecall
  103ae0:	819ff06f          	jal	zero,1032f8 <harvttp_main+0x784>
  103ae4:	424a2783          	lw	a5,1060(s4)
  103ae8:	00100713          	addi	a4,zero,1
  103aec:	e6079463          	bne	a5,zero,103154 <harvttp_main+0x5e0>
  103af0:	b61ff06f          	jal	zero,103650 <harvttp_main+0xadc>
  103af4:	00100793          	addi	a5,zero,1
  103af8:	04fd02a3          	sb	a5,69(s10)
  103afc:	485457b7          	lui	a5,0x48545
  103b00:	45178713          	addi	a4,a5,1105 # 48545451 <__bss_end+0x48423449>
  103b04:	90cff06f          	jal	zero,102c10 <harvttp_main+0x9c>
  103b08:	001207b7          	lui	a5,0x120
  103b0c:	02a00593          	addi	a1,zero,42
  103b10:	a1a78513          	addi	a0,a5,-1510 # 11fa1a <__global_pointer$+0x1821a>
  103b14:	df8fc0ef          	jal	ra,10010c <nic_send_now>
  103b18:	9e051ce3          	bne	a0,zero,103510 <harvttp_main+0x99c>
  103b1c:	f48ff06f          	jal	zero,103264 <harvttp_main+0x6f0>
  103b20:	ffe58713          	addi	a4,a1,-2
  103b24:	0000c7b7          	lui	a5,0xc
  103b28:	21e78793          	addi	a5,a5,542 # c21e <_start-0xf3de2>
  103b2c:	00175713          	srli	a4,a4,0x1
  103b30:	00f70733          	add	a4,a4,a5
  103b34:	01412503          	lw	a0,20(sp)
  103b38:	00171713          	slli	a4,a4,0x1
  103b3c:	00ed0733          	add	a4,s10,a4
  103b40:	00000793          	addi	a5,zero,0
  103b44:	00055603          	lhu	a2,0(a0)
  103b48:	00250513          	addi	a0,a0,2
  103b4c:	01061893          	slli	a7,a2,0x10
  103b50:	0108d893          	srli	a7,a7,0x10
  103b54:	00861613          	slli	a2,a2,0x8
  103b58:	0088d893          	srli	a7,a7,0x8
  103b5c:	01166633          	or	a2,a2,a7
  103b60:	01061613          	slli	a2,a2,0x10
  103b64:	01065613          	srli	a2,a2,0x10
  103b68:	00c787b3          	add	a5,a5,a2
  103b6c:	fce51ce3          	bne	a0,a4,103b44 <harvttp_main+0xfd0>
  103b70:	0107d713          	srli	a4,a5,0x10
  103b74:	00070e63          	beq	a4,zero,103b90 <harvttp_main+0x101c>
  103b78:	00010637          	lui	a2,0x10
  103b7c:	fff60613          	addi	a2,a2,-1 # ffff <_start-0xf0001>
  103b80:	00c7f7b3          	and	a5,a5,a2
  103b84:	00f707b3          	add	a5,a4,a5
  103b88:	0107d713          	srli	a4,a5,0x10
  103b8c:	fe071ae3          	bne	a4,zero,103b80 <harvttp_main+0x100c>
  103b90:	fff7c793          	xori	a5,a5,-1
  103b94:	01079613          	slli	a2,a5,0x10
  103b98:	01065613          	srli	a2,a2,0x10
  103b9c:	5e061863          	bne	a2,zero,10418c <harvttp_main+0x1618>
  103ba0:	43ca5783          	lhu	a5,1084(s4)
  103ba4:	0f858713          	addi	a4,a1,248
  103ba8:	01079613          	slli	a2,a5,0x10
  103bac:	01065613          	srli	a2,a2,0x10
  103bb0:	00879513          	slli	a0,a5,0x8
  103bb4:	00865793          	srli	a5,a2,0x8
  103bb8:	00f56533          	or	a0,a0,a5
  103bbc:	01051513          	slli	a0,a0,0x10
  103bc0:	01055513          	srli	a0,a0,0x10
  103bc4:	5ae56063          	bltu	a0,a4,104164 <harvttp_main+0x15f0>
  103bc8:	00e50793          	addi	a5,a0,14
  103bcc:	58f86c63          	bltu	a6,a5,104164 <harvttp_main+0x15f0>
  103bd0:	01412783          	lw	a5,20(sp)
  103bd4:	04300893          	addi	a7,zero,67
  103bd8:	00b787b3          	add	a5,a5,a1
  103bdc:	0007d703          	lhu	a4,0(a5)
  103be0:	01071613          	slli	a2,a4,0x10
  103be4:	01065613          	srli	a2,a2,0x10
  103be8:	00871713          	slli	a4,a4,0x8
  103bec:	00865613          	srli	a2,a2,0x8
  103bf0:	00c76733          	or	a4,a4,a2
  103bf4:	01071713          	slli	a4,a4,0x10
  103bf8:	01075713          	srli	a4,a4,0x10
  103bfc:	6b171e63          	bne	a4,a7,1042b8 <harvttp_main+0x1744>
  103c00:	0027d603          	lhu	a2,2(a5)
  103c04:	04400e13          	addi	t3,zero,68
  103c08:	01061893          	slli	a7,a2,0x10
  103c0c:	0108d893          	srli	a7,a7,0x10
  103c10:	00861613          	slli	a2,a2,0x8
  103c14:	0088d893          	srli	a7,a7,0x8
  103c18:	01166633          	or	a2,a2,a7
  103c1c:	01061613          	slli	a2,a2,0x10
  103c20:	01065613          	srli	a2,a2,0x10
  103c24:	69c61a63          	bne	a2,t3,1042b8 <harvttp_main+0x1744>
  103c28:	0047d703          	lhu	a4,4(a5)
  103c2c:	0f700893          	addi	a7,zero,247
  103c30:	01071613          	slli	a2,a4,0x10
  103c34:	01065613          	srli	a2,a2,0x10
  103c38:	00871713          	slli	a4,a4,0x8
  103c3c:	00865613          	srli	a2,a2,0x8
  103c40:	00c76733          	or	a4,a4,a2
  103c44:	01071713          	slli	a4,a4,0x10
  103c48:	01075713          	srli	a4,a4,0x10
  103c4c:	64e8f063          	bgeu	a7,a4,10428c <harvttp_main+0x1718>
  103c50:	40b50633          	sub	a2,a0,a1
  103c54:	62e66c63          	bltu	a2,a4,10428c <harvttp_main+0x1718>
  103c58:	00018637          	lui	a2,0x18
  103c5c:	00000513          	addi	a0,zero,0
  103c60:	00c00593          	addi	a1,zero,12
  103c64:	43a60e93          	addi	t4,a2,1082 # 1843a <_start-0xe7bc6>
  103c68:	01400e13          	addi	t3,zero,20
  103c6c:	01d58633          	add	a2,a1,t4
  103c70:	00cd0633          	add	a2,s10,a2
  103c74:	00065603          	lhu	a2,0(a2)
  103c78:	00258593          	addi	a1,a1,2
  103c7c:	01061893          	slli	a7,a2,0x10
  103c80:	0108d893          	srli	a7,a7,0x10
  103c84:	00861613          	slli	a2,a2,0x8
  103c88:	0088d893          	srli	a7,a7,0x8
  103c8c:	01166633          	or	a2,a2,a7
  103c90:	01061613          	slli	a2,a2,0x10
  103c94:	01065613          	srli	a2,a2,0x10
  103c98:	00c50533          	add	a0,a0,a2
  103c9c:	fdc598e3          	bne	a1,t3,103c6c <harvttp_main+0x10f8>
  103ca0:	01170613          	addi	a2,a4,17
  103ca4:	00a60633          	add	a2,a2,a0
  103ca8:	00000513          	addi	a0,zero,0
  103cac:	00a785b3          	add	a1,a5,a0
  103cb0:	0005d583          	lhu	a1,0(a1)
  103cb4:	00350893          	addi	a7,a0,3
  103cb8:	00250513          	addi	a0,a0,2
  103cbc:	01059313          	slli	t1,a1,0x10
  103cc0:	01035313          	srli	t1,t1,0x10
  103cc4:	00859593          	slli	a1,a1,0x8
  103cc8:	00835313          	srli	t1,t1,0x8
  103ccc:	0065e5b3          	or	a1,a1,t1
  103cd0:	01059593          	slli	a1,a1,0x10
  103cd4:	0105d593          	srli	a1,a1,0x10
  103cd8:	00b60633          	add	a2,a2,a1
  103cdc:	fce8e8e3          	bltu	a7,a4,103cac <harvttp_main+0x1138>
  103ce0:	00177593          	andi	a1,a4,1
  103ce4:	00058a63          	beq	a1,zero,103cf8 <harvttp_main+0x1184>
  103ce8:	00e785b3          	add	a1,a5,a4
  103cec:	fff5c583          	lbu	a1,-1(a1)
  103cf0:	00859593          	slli	a1,a1,0x8
  103cf4:	00b60633          	add	a2,a2,a1
  103cf8:	000105b7          	lui	a1,0x10
  103cfc:	fff58593          	addi	a1,a1,-1 # ffff <_start-0xf0001>
  103d00:	0080006f          	jal	zero,103d08 <harvttp_main+0x1194>
  103d04:	01150633          	add	a2,a0,a7
  103d08:	01065893          	srli	a7,a2,0x10
  103d0c:	00b67533          	and	a0,a2,a1
  103d10:	fe089ae3          	bne	a7,zero,103d04 <harvttp_main+0x1190>
  103d14:	0067d583          	lhu	a1,6(a5)
  103d18:	01059513          	slli	a0,a1,0x10
  103d1c:	01055513          	srli	a0,a0,0x10
  103d20:	00859593          	slli	a1,a1,0x8
  103d24:	00855513          	srli	a0,a0,0x8
  103d28:	00a5e5b3          	or	a1,a1,a0
  103d2c:	01059593          	slli	a1,a1,0x10
  103d30:	0105d593          	srli	a1,a1,0x10
  103d34:	00058a63          	beq	a1,zero,103d48 <harvttp_main+0x11d4>
  103d38:	fff64613          	xori	a2,a2,-1
  103d3c:	01061613          	slli	a2,a2,0x10
  103d40:	01065613          	srli	a2,a2,0x10
  103d44:	5a061e63          	bne	a2,zero,104300 <harvttp_main+0x178c>
  103d48:	0087c583          	lbu	a1,8(a5)
  103d4c:	00200613          	addi	a2,zero,2
  103d50:	44c59e63          	bne	a1,a2,1041ac <harvttp_main+0x1638>
  103d54:	00c7c603          	lbu	a2,12(a5)
  103d58:	00d7c503          	lbu	a0,13(a5)
  103d5c:	00f7ce03          	lbu	t3,15(a5)
  103d60:	00e7c583          	lbu	a1,14(a5)
  103d64:	01051513          	slli	a0,a0,0x10
  103d68:	01861613          	slli	a2,a2,0x18
  103d6c:	00a66633          	or	a2,a2,a0
  103d70:	05cd2503          	lw	a0,92(s10)
  103d74:	01c66633          	or	a2,a2,t3
  103d78:	00859593          	slli	a1,a1,0x8
  103d7c:	00b66633          	or	a2,a2,a1
  103d80:	42a61663          	bne	a2,a0,1041ac <harvttp_main+0x1638>
  103d84:	0f47c603          	lbu	a2,244(a5)
  103d88:	06300593          	addi	a1,zero,99
  103d8c:	02b61263          	bne	a2,a1,103db0 <harvttp_main+0x123c>
  103d90:	0f57c503          	lbu	a0,245(a5)
  103d94:	08200593          	addi	a1,zero,130
  103d98:	00b51c63          	bne	a0,a1,103db0 <harvttp_main+0x123c>
  103d9c:	0f67c503          	lbu	a0,246(a5)
  103da0:	05300593          	addi	a1,zero,83
  103da4:	00b51663          	bne	a0,a1,103db0 <harvttp_main+0x123c>
  103da8:	0f77c583          	lbu	a1,247(a5)
  103dac:	44c58463          	beq	a1,a2,1041f4 <harvttp_main+0x1680>
  103db0:	065d4703          	lbu	a4,101(s10)
  103db4:	8c0716e3          	bne	a4,zero,103680 <harvttp_main+0xb0c>
  103db8:	0f57c703          	lbu	a4,245(a5)
  103dbc:	0f77c503          	lbu	a0,247(a5)
  103dc0:	0f67c583          	lbu	a1,246(a5)
  103dc4:	01861613          	slli	a2,a2,0x18
  103dc8:	01071793          	slli	a5,a4,0x10
  103dcc:	00c7e7b3          	or	a5,a5,a2
  103dd0:	00a7e7b3          	or	a5,a5,a0
  103dd4:	00859613          	slli	a2,a1,0x8
  103dd8:	444855b7          	lui	a1,0x44485
  103ddc:	00000513          	addi	a0,zero,0
  103de0:	20b58593          	addi	a1,a1,523 # 4448520b <__bss_end+0x44363203>
  103de4:	00c7e633          	or	a2,a5,a2
  103de8:	00100893          	addi	a7,zero,1
  103dec:	00000073          	ecall
  103df0:	d08ff06f          	jal	zero,1032f8 <harvttp_main+0x784>
  103df4:	00074403          	lbu	s0,0(a4)
  103df8:	98941e63          	bne	s0,s1,102f94 <harvttp_main+0x420>
  103dfc:	00170813          	addi	a6,a4,1
  103e00:	02f00693          	addi	a3,zero,47
  103e04:	0180006f          	jal	zero,103e1c <harvttp_main+0x12a8>
  103e08:	00180813          	addi	a6,a6,1
  103e0c:	02068263          	beq	a3,zero,103e30 <harvttp_main+0x12bc>
  103e10:	98d0f263          	bgeu	ra,a3,102f94 <harvttp_main+0x420>
  103e14:	98768063          	beq	a3,t2,102f94 <harvttp_main+0x420>
  103e18:	96568e63          	beq	a3,t0,102f94 <harvttp_main+0x420>
  103e1c:	00068913          	addi	s2,a3,0
  103e20:	00084683          	lbu	a3,0(a6)
  103e24:	ffd912e3          	bne	s2,t4,103e08 <harvttp_main+0x1294>
  103e28:	ffd690e3          	bne	a3,t4,103e08 <harvttp_main+0x1294>
  103e2c:	968ff06f          	jal	zero,102f94 <harvttp_main+0x420>
  103e30:	05c72803          	lw	a6,92(a4)
  103e34:	96b86063          	bltu	a6,a1,102f94 <harvttp_main+0x420>
  103e38:	06072683          	lw	a3,96(a4)
  103e3c:	00d806b3          	add	a3,a6,a3
  103e40:	9506ea63          	bltu	a3,a6,102f94 <harvttp_main+0x420>
  103e44:	94dfe863          	bltu	t6,a3,102f94 <harvttp_main+0x420>
  103e48:	00160613          	addi	a2,a2,1
  103e4c:	08070713          	addi	a4,a4,128
  103e50:	92ce1663          	bne	t3,a2,102f7c <harvttp_main+0x408>
  103e54:	771d2423          	sw	a7,1896(s10)
  103e58:	76ad2623          	sw	a0,1900(s10)
  103e5c:	00000813          	addi	a6,zero,0
  103e60:	00054703          	lbu	a4,0(a0)
  103e64:	02070663          	beq	a4,zero,103e90 <harvttp_main+0x131c>
  103e68:	01c12583          	lw	a1,28(sp)
  103e6c:	00150613          	addi	a2,a0,1
  103e70:	00040693          	addi	a3,s0,0
  103e74:	00e69e63          	bne	a3,a4,103e90 <harvttp_main+0x131c>
  103e78:	00064703          	lbu	a4,0(a2)
  103e7c:	0005c683          	lbu	a3,0(a1)
  103e80:	00160613          	addi	a2,a2,1
  103e84:	0c070a63          	beq	a4,zero,103f58 <harvttp_main+0x13e4>
  103e88:	00158593          	addi	a1,a1,1
  103e8c:	fe0694e3          	bne	a3,zero,103e74 <harvttp_main+0x1300>
  103e90:	00180813          	addi	a6,a6,1
  103e94:	08050513          	addi	a0,a0,128
  103e98:	fdc864e3          	bltu	a6,t3,103e60 <harvttp_main+0x12ec>
  103e9c:	00000513          	addi	a0,zero,0
  103ea0:	00034703          	lbu	a4,0(t1)
  103ea4:	02070663          	beq	a4,zero,103ed0 <harvttp_main+0x135c>
  103ea8:	02012583          	lw	a1,32(sp)
  103eac:	00130613          	addi	a2,t1,1
  103eb0:	00040693          	addi	a3,s0,0
  103eb4:	00d71e63          	bne	a4,a3,103ed0 <harvttp_main+0x135c>
  103eb8:	00064703          	lbu	a4,0(a2)
  103ebc:	0005c683          	lbu	a3,0(a1)
  103ec0:	00160613          	addi	a2,a2,1
  103ec4:	00070e63          	beq	a4,zero,103ee0 <harvttp_main+0x136c>
  103ec8:	00158593          	addi	a1,a1,1
  103ecc:	fe0694e3          	bne	a3,zero,103eb4 <harvttp_main+0x1340>
  103ed0:	00150513          	addi	a0,a0,1
  103ed4:	08030313          	addi	t1,t1,128
  103ed8:	fdc564e3          	bltu	a0,t3,103ea0 <harvttp_main+0x132c>
  103edc:	8c0ff06f          	jal	zero,102f9c <harvttp_main+0x428>
  103ee0:	fe0698e3          	bne	a3,zero,103ed0 <harvttp_main+0x135c>
  103ee4:	06432683          	lw	a3,100(t1)
  103ee8:	00a00713          	addi	a4,zero,10
  103eec:	8ae69863          	bne	a3,a4,102f9c <harvttp_main+0x428>
  103ef0:	05c32703          	lw	a4,92(t1)
  103ef4:	06032983          	lw	s3,96(t1)
  103ef8:	08012a23          	sw	zero,148(sp)
  103efc:	00e88733          	add	a4,a7,a4
  103f00:	013709b3          	add	s3,a4,s3
  103f04:	15377063          	bgeu	a4,s3,104044 <harvttp_main+0x14d0>
  103f08:	00170693          	addi	a3,a4,1
  103f0c:	0136fe63          	bgeu	a3,s3,103f28 <harvttp_main+0x13b4>
  103f10:	00074603          	lbu	a2,0(a4)
  103f14:	03c00793          	addi	a5,zero,60
  103f18:	00f61863          	bne	a2,a5,103f28 <harvttp_main+0x13b4>
  103f1c:	00174603          	lbu	a2,1(a4)
  103f20:	03f00793          	addi	a5,zero,63
  103f24:	12f60c63          	beq	a2,a5,10405c <harvttp_main+0x14e8>
  103f28:	09412783          	lw	a5,148(sp)
  103f2c:	000015b7          	lui	a1,0x1
  103f30:	00178613          	addi	a2,a5,1
  103f34:	10c5e463          	bltu	a1,a2,10403c <harvttp_main+0x14c8>
  103f38:	00074703          	lbu	a4,0(a4)
  103f3c:	001215b7          	lui	a1,0x121
  103f40:	00858593          	addi	a1,a1,8 # 121008 <__global_pointer$+0x19808>
  103f44:	00f587b3          	add	a5,a1,a5
  103f48:	00e78023          	sb	a4,0(a5)
  103f4c:	08c12a23          	sw	a2,148(sp)
  103f50:	00068713          	addi	a4,a3,0
  103f54:	fb1ff06f          	jal	zero,103f04 <harvttp_main+0x1390>
  103f58:	f2069ce3          	bne	a3,zero,103e90 <harvttp_main+0x131c>
  103f5c:	05c52703          	lw	a4,92(a0)
  103f60:	06052683          	lw	a3,96(a0)
  103f64:	00e88733          	add	a4,a7,a4
  103f68:	76ed2823          	sw	a4,1904(s10)
  103f6c:	76dd2a23          	sw	a3,1908(s10)
  103f70:	f2dff06f          	jal	zero,103e9c <harvttp_main+0x1328>
  103f74:	00000b13          	addi	s6,zero,0
  103f78:	00098913          	addi	s2,s3,0
  103f7c:	0137f863          	bgeu	a5,s3,103f8c <harvttp_main+0x1418>
  103f80:	00274583          	lbu	a1,2(a4)
  103f84:	03d00693          	addi	a3,zero,61
  103f88:	10d58c63          	beq	a1,a3,1040a0 <harvttp_main+0x152c>
  103f8c:	04012583          	lw	a1,64(sp)
  103f90:	00078693          	addi	a3,a5,0
  103f94:	07000613          	addi	a2,zero,112
  103f98:	0326f063          	bgeu	a3,s2,103fb8 <harvttp_main+0x1444>
  103f9c:	0006c503          	lbu	a0,0(a3)
  103fa0:	00168693          	addi	a3,a3,1
  103fa4:	00c51a63          	bne	a0,a2,103fb8 <harvttp_main+0x1444>
  103fa8:	0015c603          	lbu	a2,1(a1)
  103fac:	00158593          	addi	a1,a1,1
  103fb0:	fe0614e3          	bne	a2,zero,103f98 <harvttp_main+0x1424>
  103fb4:	00570793          	addi	a5,a4,5
  103fb8:	01700a93          	addi	s5,zero,23
  103fbc:	00a00b93          	addi	s7,zero,10
  103fc0:	0f27fc63          	bgeu	a5,s2,1040b8 <harvttp_main+0x1544>
  103fc4:	0007c683          	lbu	a3,0(a5)
  103fc8:	ff768713          	addi	a4,a3,-9
  103fcc:	0ff77713          	andi	a4,a4,255
  103fd0:	0eeafc63          	bgeu	s5,a4,1040c8 <harvttp_main+0x1554>
  103fd4:	0f27f263          	bgeu	a5,s2,1040b8 <harvttp_main+0x1544>
  103fd8:	03012583          	lw	a1,48(sp)
  103fdc:	00078713          	addi	a4,a5,0
  103fe0:	06500613          	addi	a2,zero,101
  103fe4:	0180006f          	jal	zero,103ffc <harvttp_main+0x1488>
  103fe8:	0005c603          	lbu	a2,0(a1)
  103fec:	00158593          	addi	a1,a1,1
  103ff0:	10060663          	beq	a2,zero,1040fc <harvttp_main+0x1588>
  103ff4:	00e90863          	beq	s2,a4,104004 <harvttp_main+0x1490>
  103ff8:	00074683          	lbu	a3,0(a4)
  103ffc:	00170713          	addi	a4,a4,1
  104000:	fed604e3          	beq	a2,a3,103fe8 <harvttp_main+0x1474>
  104004:	03412603          	lw	a2,52(sp)
  104008:	00178713          	addi	a4,a5,1
  10400c:	00040693          	addi	a3,s0,0
  104010:	00078593          	addi	a1,a5,0
  104014:	0180006f          	jal	zero,10402c <harvttp_main+0x14b8>
  104018:	00064683          	lbu	a3,0(a2)
  10401c:	00160613          	addi	a2,a2,1
  104020:	0c068663          	beq	a3,zero,1040ec <harvttp_main+0x1578>
  104024:	00e90c63          	beq	s2,a4,10403c <harvttp_main+0x14c8>
  104028:	00050713          	addi	a4,a0,0
  10402c:	0005c803          	lbu	a6,0(a1)
  104030:	00170513          	addi	a0,a4,1
  104034:	00070593          	addi	a1,a4,0
  104038:	fed800e3          	beq	a6,a3,104018 <harvttp_main+0x14a4>
  10403c:	778d2783          	lw	a5,1912(s10)
  104040:	f5dfe06f          	jal	zero,102f9c <harvttp_main+0x428>
  104044:	09412703          	lw	a4,148(sp)
  104048:	778d2783          	lw	a5,1912(s10)
  10404c:	78ed2a23          	sw	a4,1940(s10)
  104050:	00100713          	addi	a4,zero,1
  104054:	78ed0c23          	sb	a4,1944(s10)
  104058:	f45fe06f          	jal	zero,102f9c <harvttp_main+0x428>
  10405c:	00370613          	addi	a2,a4,3
  104060:	00270793          	addi	a5,a4,2
  104064:	f13678e3          	bgeu	a2,s3,103f74 <harvttp_main+0x1400>
  104068:	00078693          	addi	a3,a5,0
  10406c:	fff98813          	addi	a6,s3,-1
  104070:	03f00513          	addi	a0,zero,63
  104074:	03e00593          	addi	a1,zero,62
  104078:	00c0006f          	jal	zero,104084 <harvttp_main+0x1510>
  10407c:	00168693          	addi	a3,a3,1
  104080:	eed80ae3          	beq	a6,a3,103f74 <harvttp_main+0x1400>
  104084:	0006c883          	lbu	a7,0(a3)
  104088:	00068913          	addi	s2,a3,0
  10408c:	fea898e3          	bne	a7,a0,10407c <harvttp_main+0x1508>
  104090:	0016c883          	lbu	a7,1(a3)
  104094:	feb894e3          	bne	a7,a1,10407c <harvttp_main+0x1508>
  104098:	00100b13          	addi	s6,zero,1
  10409c:	ee1ff06f          	jal	zero,103f7c <harvttp_main+0x1408>
  1040a0:	001217b7          	lui	a5,0x121
  1040a4:	00090693          	addi	a3,s2,0
  1040a8:	09410593          	addi	a1,sp,148
  1040ac:	00878513          	addi	a0,a5,8 # 121008 <__global_pointer$+0x19808>
  1040b0:	a8cfc0ef          	jal	ra,10033c <php_eval_static_expr.constprop.0>
  1040b4:	f80504e3          	beq	a0,zero,10403c <harvttp_main+0x14c8>
  1040b8:	00290713          	addi	a4,s2,2
  1040bc:	e40b14e3          	bne	s6,zero,103f04 <harvttp_main+0x1390>
  1040c0:	00090713          	addi	a4,s2,0
  1040c4:	e41ff06f          	jal	zero,103f04 <harvttp_main+0x1390>
  1040c8:	02c12603          	lw	a2,44(sp)
  1040cc:	00e65733          	srl	a4,a2,a4
  1040d0:	00177713          	andi	a4,a4,1
  1040d4:	f00700e3          	beq	a4,zero,103fd4 <harvttp_main+0x1460>
  1040d8:	00178793          	addi	a5,a5,1
  1040dc:	ef27e4e3          	bltu	a5,s2,103fc4 <harvttp_main+0x1450>
  1040e0:	fd9ff06f          	jal	zero,1040b8 <harvttp_main+0x1544>
  1040e4:	00178793          	addi	a5,a5,1
  1040e8:	fcf908e3          	beq	s2,a5,1040b8 <harvttp_main+0x1544>
  1040ec:	0007c703          	lbu	a4,0(a5)
  1040f0:	ff771ae3          	bne	a4,s7,1040e4 <harvttp_main+0x1570>
  1040f4:	ed27e8e3          	bltu	a5,s2,103fc4 <harvttp_main+0x1450>
  1040f8:	fc1ff06f          	jal	zero,1040b8 <harvttp_main+0x1544>
  1040fc:	00478493          	addi	s1,a5,4
  104100:	001217b7          	lui	a5,0x121
  104104:	00090693          	addi	a3,s2,0
  104108:	00048613          	addi	a2,s1,0
  10410c:	09410593          	addi	a1,sp,148
  104110:	00878513          	addi	a0,a5,8 # 121008 <__global_pointer$+0x19808>
  104114:	a28fc0ef          	jal	ra,10033c <php_eval_static_expr.constprop.0>
  104118:	f20502e3          	beq	a0,zero,10403c <harvttp_main+0x14c8>
  10411c:	f924fee3          	bgeu	s1,s2,1040b8 <harvttp_main+0x1544>
  104120:	03b00793          	addi	a5,zero,59
  104124:	00c0006f          	jal	zero,104130 <harvttp_main+0x15bc>
  104128:	00148493          	addi	s1,s1,1
  10412c:	f89906e3          	beq	s2,s1,1040b8 <harvttp_main+0x1544>
  104130:	0004c703          	lbu	a4,0(s1)
  104134:	fef71ae3          	bne	a4,a5,104128 <harvttp_main+0x15b4>
  104138:	f924f0e3          	bgeu	s1,s2,1040b8 <harvttp_main+0x1544>
  10413c:	00148793          	addi	a5,s1,1
  104140:	e927e2e3          	bltu	a5,s2,103fc4 <harvttp_main+0x1450>
  104144:	f75ff06f          	jal	zero,1040b8 <harvttp_main+0x1544>
  104148:	428a2703          	lw	a4,1064(s4)
  10414c:	784d2783          	lw	a5,1924(s10)
  104150:	00170713          	addi	a4,a4,1
  104154:	00178793          	addi	a5,a5,1
  104158:	42ea2423          	sw	a4,1064(s4)
  10415c:	78fd2223          	sw	a5,1924(s10)
  104160:	904ff06f          	jal	zero,103264 <harvttp_main+0x6f0>
  104164:	065d4783          	lbu	a5,101(s10)
  104168:	d0079c63          	bne	a5,zero,103680 <harvttp_main+0xb0c>
  10416c:	01051613          	slli	a2,a0,0x10
  104170:	444855b7          	lui	a1,0x44485
  104174:	00000513          	addi	a0,zero,0
  104178:	20658593          	addi	a1,a1,518 # 44485206 <__bss_end+0x443631fe>
  10417c:	01066633          	or	a2,a2,a6
  104180:	00100893          	addi	a7,zero,1
  104184:	00000073          	ecall
  104188:	970ff06f          	jal	zero,1032f8 <harvttp_main+0x784>
  10418c:	065d4783          	lbu	a5,101(s10)
  104190:	ce079863          	bne	a5,zero,103680 <harvttp_main+0xb0c>
  104194:	444855b7          	lui	a1,0x44485
  104198:	00000513          	addi	a0,zero,0
  10419c:	20558593          	addi	a1,a1,517 # 44485205 <__bss_end+0x443631fd>
  1041a0:	00100893          	addi	a7,zero,1
  1041a4:	00000073          	ecall
  1041a8:	950ff06f          	jal	zero,1032f8 <harvttp_main+0x784>
  1041ac:	065d4703          	lbu	a4,101(s10)
  1041b0:	cc071863          	bne	a4,zero,103680 <harvttp_main+0xb0c>
  1041b4:	00d7c583          	lbu	a1,13(a5)
  1041b8:	00c7c703          	lbu	a4,12(a5)
  1041bc:	00f7c503          	lbu	a0,15(a5)
  1041c0:	00e7c603          	lbu	a2,14(a5)
  1041c4:	01871793          	slli	a5,a4,0x18
  1041c8:	01059713          	slli	a4,a1,0x10
  1041cc:	00e7e7b3          	or	a5,a5,a4
  1041d0:	00a7e7b3          	or	a5,a5,a0
  1041d4:	00861613          	slli	a2,a2,0x8
  1041d8:	444855b7          	lui	a1,0x44485
  1041dc:	00000513          	addi	a0,zero,0
  1041e0:	20a58593          	addi	a1,a1,522 # 4448520a <__bss_end+0x44363202>
  1041e4:	00c7e633          	or	a2,a5,a2
  1041e8:	00100893          	addi	a7,zero,1
  1041ec:	00000073          	ecall
  1041f0:	908ff06f          	jal	zero,1032f8 <harvttp_main+0x784>
  1041f4:	0f878393          	addi	t2,a5,248
  1041f8:	f0870713          	addi	a4,a4,-248
  1041fc:	00000e13          	addi	t3,zero,0
  104200:	0ff00913          	addi	s2,zero,255
  104204:	03500493          	addi	s1,zero,53
  104208:	03600413          	addi	s0,zero,54
  10420c:	00100293          	addi	t0,zero,1
  104210:	00300f13          	addi	t5,zero,3
  104214:	00600093          	addi	ra,zero,6
  104218:	00478e93          	addi	t4,a5,4
  10421c:	00400f93          	addi	t6,zero,4
  104220:	00088613          	addi	a2,a7,0
  104224:	00188893          	addi	a7,a7,1
  104228:	48e8fe63          	bgeu	a7,a4,1046c4 <harvttp_main+0x1b50>
  10422c:	011785b3          	add	a1,a5,a7
  104230:	0f75c583          	lbu	a1,247(a1)
  104234:	fe0586e3          	beq	a1,zero,104220 <harvttp_main+0x16ac>
  104238:	49258663          	beq	a1,s2,1046c4 <harvttp_main+0x1b50>
  10423c:	011388b3          	add	a7,t2,a7
  104240:	0008c503          	lbu	a0,0(a7)
  104244:	00260313          	addi	t1,a2,2
  104248:	006508b3          	add	a7,a0,t1
  10424c:	47176c63          	bltu	a4,a7,1046c4 <harvttp_main+0x1b50>
  104250:	46958263          	beq	a1,s1,1046b4 <harvttp_main+0x1b40>
  104254:	4e858063          	beq	a1,s0,104734 <harvttp_main+0x1bc0>
  104258:	42558863          	beq	a1,t0,104688 <harvttp_main+0x1b14>
  10425c:	4be59463          	bne	a1,t5,104704 <harvttp_main+0x1b90>
  104260:	fcaf70e3          	bgeu	t5,a0,104220 <harvttp_main+0x16ac>
  104264:	00107537          	lui	a0,0x107
  104268:	00c785b3          	add	a1,a5,a2
  10426c:	00050513          	addi	a0,a0,0 # 107000 <g_ctx>
  104270:	00ce8633          	add	a2,t4,a2
  104274:	0fa5c303          	lbu	t1,250(a1)
  104278:	00158593          	addi	a1,a1,1
  10427c:	00150513          	addi	a0,a0,1
  104280:	046506a3          	sb	t1,77(a0)
  104284:	feb618e3          	bne	a2,a1,104274 <harvttp_main+0x1700>
  104288:	f99ff06f          	jal	zero,104220 <harvttp_main+0x16ac>
  10428c:	065d4783          	lbu	a5,101(s10)
  104290:	be079863          	bne	a5,zero,103680 <harvttp_main+0xb0c>
  104294:	40b50633          	sub	a2,a0,a1
  104298:	01071713          	slli	a4,a4,0x10
  10429c:	444855b7          	lui	a1,0x44485
  1042a0:	00000513          	addi	a0,zero,0
  1042a4:	20858593          	addi	a1,a1,520 # 44485208 <__bss_end+0x44363200>
  1042a8:	00c76633          	or	a2,a4,a2
  1042ac:	00100893          	addi	a7,zero,1
  1042b0:	00000073          	ecall
  1042b4:	844ff06f          	jal	zero,1032f8 <harvttp_main+0x784>
  1042b8:	065d4603          	lbu	a2,101(s10)
  1042bc:	bc061263          	bne	a2,zero,103680 <harvttp_main+0xb0c>
  1042c0:	0027d783          	lhu	a5,2(a5)
  1042c4:	01071713          	slli	a4,a4,0x10
  1042c8:	00000513          	addi	a0,zero,0
  1042cc:	01079593          	slli	a1,a5,0x10
  1042d0:	0105d593          	srli	a1,a1,0x10
  1042d4:	00879613          	slli	a2,a5,0x8
  1042d8:	0085d793          	srli	a5,a1,0x8
  1042dc:	00f66633          	or	a2,a2,a5
  1042e0:	01061613          	slli	a2,a2,0x10
  1042e4:	01065613          	srli	a2,a2,0x10
  1042e8:	444855b7          	lui	a1,0x44485
  1042ec:	20758593          	addi	a1,a1,519 # 44485207 <__bss_end+0x443631ff>
  1042f0:	00e66633          	or	a2,a2,a4
  1042f4:	00100893          	addi	a7,zero,1
  1042f8:	00000073          	ecall
  1042fc:	ffdfe06f          	jal	zero,1032f8 <harvttp_main+0x784>
  104300:	065d4783          	lbu	a5,101(s10)
  104304:	b6079e63          	bne	a5,zero,103680 <harvttp_main+0xb0c>
  104308:	444855b7          	lui	a1,0x44485
  10430c:	00000513          	addi	a0,zero,0
  104310:	20958593          	addi	a1,a1,521 # 44485209 <__bss_end+0x44363201>
  104314:	00100893          	addi	a7,zero,1
  104318:	00000073          	ecall
  10431c:	fddfe06f          	jal	zero,1032f8 <harvttp_main+0x784>
  104320:	01849793          	slli	a5,s1,0x18
  104324:	01099993          	slli	s3,s3,0x10
  104328:	0137e7b3          	or	a5,a5,s3
  10432c:	00e7e7b3          	or	a5,a5,a4
  104330:	00891913          	slli	s2,s2,0x8
  104334:	0127e7b3          	or	a5,a5,s2
  104338:	0157c7b3          	xor	a5,a5,s5
  10433c:	006ad713          	srli	a4,s5,0x6
  104340:	00e7c7b3          	xor	a5,a5,a4
  104344:	778d2e83          	lw	t4,1912(s10)
  104348:	03f7f793          	andi	a5,a5,63
  10434c:	0000c537          	lui	a0,0xc
  104350:	00078613          	addi	a2,a5,0
  104354:	00000593          	addi	a1,zero,0
  104358:	fff00893          	addi	a7,zero,-1
  10435c:	35050513          	addi	a0,a0,848 # c350 <_start-0xf3cb0>
  104360:	04000e13          	addi	t3,zero,64
  104364:	00b786b3          	add	a3,a5,a1
  104368:	03f6f693          	andi	a3,a3,63
  10436c:	00369713          	slli	a4,a3,0x3
  104370:	40d70733          	sub	a4,a4,a3
  104374:	00271713          	slli	a4,a4,0x2
  104378:	00ed0733          	add	a4,s10,a4
  10437c:	08174803          	lbu	a6,129(a4)
  104380:	4e081063          	bne	a6,zero,104860 <harvttp_main+0x1cec>
  104384:	00068613          	addi	a2,a3,0
  104388:	00361793          	slli	a5,a2,0x3
  10438c:	40c78733          	sub	a4,a5,a2
  104390:	00271713          	slli	a4,a4,0x2
  104394:	06870513          	addi	a0,a4,104
  104398:	000185b7          	lui	a1,0x18
  10439c:	00ad0533          	add	a0,s10,a0
  1043a0:	00000693          	addi	a3,zero,0
  1043a4:	43258893          	addi	a7,a1,1074 # 18432 <_start-0xe7bce>
  1043a8:	00600813          	addi	a6,zero,6
  1043ac:	011685b3          	add	a1,a3,a7
  1043b0:	00bd05b3          	add	a1,s10,a1
  1043b4:	0005ce03          	lbu	t3,0(a1)
  1043b8:	00d505b3          	add	a1,a0,a3
  1043bc:	00168693          	addi	a3,a3,1
  1043c0:	01c58023          	sb	t3,0(a1)
  1043c4:	ff0694e3          	bne	a3,a6,1043ac <harvttp_main+0x1838>
  1043c8:	000185b7          	lui	a1,0x18
  1043cc:	06e70713          	addi	a4,a4,110
  1043d0:	00000693          	addi	a3,zero,0
  1043d4:	44658893          	addi	a7,a1,1094 # 18446 <_start-0xe7bba>
  1043d8:	00400813          	addi	a6,zero,4
  1043dc:	011685b3          	add	a1,a3,a7
  1043e0:	00bd05b3          	add	a1,s10,a1
  1043e4:	0005ce03          	lbu	t3,0(a1)
  1043e8:	00d705b3          	add	a1,a4,a3
  1043ec:	00bd05b3          	add	a1,s10,a1
  1043f0:	01c58023          	sb	t3,0(a1)
  1043f4:	00168693          	addi	a3,a3,1
  1043f8:	ff0692e3          	bne	a3,a6,1043dc <harvttp_main+0x1868>
  1043fc:	778d2703          	lw	a4,1912(s10)
  104400:	40c787b3          	sub	a5,a5,a2
  104404:	00279793          	slli	a5,a5,0x2
  104408:	00fd07b3          	add	a5,s10,a5
  10440c:	06e7ae23          	sw	a4,124(a5)
  104410:	10000713          	addi	a4,zero,256
  104414:	07579923          	sh	s5,114(a5)
  104418:	0607aa23          	sw	zero,116(a5)
  10441c:	0607ac23          	sw	zero,120(a5)
  104420:	08e79023          	sh	a4,128(a5)
  104424:	d70ff06f          	jal	zero,103994 <harvttp_main+0xe20>
  104428:	0084c903          	lbu	s2,8(s1)
  10442c:	0094c583          	lbu	a1,9(s1)
  104430:	00b4c503          	lbu	a0,11(s1)
  104434:	00a4c603          	lbu	a2,10(s1)
  104438:	01059593          	slli	a1,a1,0x10
  10443c:	01891913          	slli	s2,s2,0x18
  104440:	00b96933          	or	s2,s2,a1
  104444:	00a96933          	or	s2,s2,a0
  104448:	00861613          	slli	a2,a2,0x8
  10444c:	40d98533          	sub	a0,s3,a3
  104450:	00c96633          	or	a2,s2,a2
  104454:	02a12423          	sw	a0,40(sp)
  104458:	00300593          	addi	a1,zero,3
  10445c:	02c12223          	sw	a2,36(sp)
  104460:	08a5ea63          	bltu	a1,a0,1044f4 <harvttp_main+0x1980>
  104464:	0017f793          	andi	a5,a5,1
  104468:	00079463          	bne	a5,zero,104470 <harvttp_main+0x18fc>
  10446c:	df9fe06f          	jal	zero,103264 <harvttp_main+0x6f0>
  104470:	0011f7b7          	lui	a5,0x11f
  104474:	000a8593          	addi	a1,s5,0
  104478:	44678513          	addi	a0,a5,1094 # 11f446 <__global_pointer$+0x17c46>
  10447c:	00612023          	sw	t1,0(sp)
  104480:	a5cfc0ef          	jal	ra,1006dc <tcp_peer_lookup.constprop.0>
  104484:	00050493          	addi	s1,a0,0
  104488:	00051463          	bne	a0,zero,104490 <harvttp_main+0x191c>
  10448c:	dd9fe06f          	jal	zero,103264 <harvttp_main+0x6f0>
  104490:	3ff00713          	addi	a4,zero,1023
  104494:	00012303          	lw	t1,0(sp)
  104498:	04a77263          	bgeu	a4,a0,1044dc <harvttp_main+0x1968>
  10449c:	00650593          	addi	a1,a0,6
  1044a0:	02a5ee63          	bltu	a1,a0,1044dc <harvttp_main+0x1968>
  1044a4:	002007b7          	lui	a5,0x200
  1044a8:	02b7ea63          	bltu	a5,a1,1044dc <harvttp_main+0x1968>
  1044ac:	02b77863          	bgeu	a4,a1,1044dc <harvttp_main+0x1968>
  1044b0:	00a50713          	addi	a4,a0,10
  1044b4:	02b76463          	bltu	a4,a1,1044dc <harvttp_main+0x1968>
  1044b8:	02e7e263          	bltu	a5,a4,1044dc <harvttp_main+0x1968>
  1044bc:	02412683          	lw	a3,36(sp)
  1044c0:	00000893          	addi	a7,zero,0
  1044c4:	00000813          	addi	a6,zero,0
  1044c8:	01100793          	addi	a5,zero,17
  1044cc:	00140713          	addi	a4,s0,1
  1044d0:	000a8613          	addi	a2,s5,0
  1044d4:	f38fc0ef          	jal	ra,100c0c <build_tcp_packet.part.0>
  1044d8:	00050313          	addi	t1,a0,0
  1044dc:	001207b7          	lui	a5,0x120
  1044e0:	00030593          	addi	a1,t1,0
  1044e4:	a1a78513          	addi	a0,a5,-1510 # 11fa1a <__global_pointer$+0x1821a>
  1044e8:	95dfc0ef          	jal	ra,100e44 <nic_send.isra.0>
  1044ec:	00048ca3          	sb	zero,25(s1)
  1044f0:	d75fe06f          	jal	zero,103264 <harvttp_main+0x6f0>
  1044f4:	00d484b3          	add	s1,s1,a3
  1044f8:	0004c603          	lbu	a2,0(s1)
  1044fc:	04700693          	addi	a3,zero,71
  104500:	f6d612e3          	bne	a2,a3,104464 <harvttp_main+0x18f0>
  104504:	0014c603          	lbu	a2,1(s1)
  104508:	04500693          	addi	a3,zero,69
  10450c:	f4d61ce3          	bne	a2,a3,104464 <harvttp_main+0x18f0>
  104510:	0024c603          	lbu	a2,2(s1)
  104514:	05400693          	addi	a3,zero,84
  104518:	f4d616e3          	bne	a2,a3,104464 <harvttp_main+0x18f0>
  10451c:	0034c603          	lbu	a2,3(s1)
  104520:	02000693          	addi	a3,zero,32
  104524:	f4d610e3          	bne	a2,a3,104464 <harvttp_main+0x18f0>
  104528:	0011f7b7          	lui	a5,0x11f
  10452c:	000a8593          	addi	a1,s5,0
  104530:	44678513          	addi	a0,a5,1094 # 11f446 <__global_pointer$+0x17c46>
  104534:	00e12023          	sw	a4,0(sp)
  104538:	9a4fc0ef          	jal	ra,1006dc <tcp_peer_lookup.constprop.0>
  10453c:	00050993          	addi	s3,a0,0
  104540:	00051463          	bne	a0,zero,104548 <harvttp_main+0x19d4>
  104544:	d21fe06f          	jal	zero,103264 <harvttp_main+0x6f0>
  104548:	01854783          	lbu	a5,24(a0)
  10454c:	00079463          	bne	a5,zero,104554 <harvttp_main+0x19e0>
  104550:	d15fe06f          	jal	zero,103264 <harvttp_main+0x6f0>
  104554:	00100693          	addi	a3,zero,1
  104558:	00012703          	lw	a4,0(sp)
  10455c:	12d78063          	beq	a5,a3,10467c <harvttp_main+0x1b08>
  104560:	00c52783          	lw	a5,12(a0)
  104564:	02412683          	lw	a3,36(sp)
  104568:	00f68463          	beq	a3,a5,104570 <harvttp_main+0x19fc>
  10456c:	cf9fe06f          	jal	zero,103264 <harvttp_main+0x6f0>
  104570:	0109a783          	lw	a5,16(s3)
  104574:	00f40463          	beq	s0,a5,10457c <harvttp_main+0x1a08>
  104578:	cedfe06f          	jal	zero,103264 <harvttp_main+0x6f0>
  10457c:	000186b7          	lui	a3,0x18
  104580:	00000793          	addi	a5,zero,0
  104584:	43268593          	addi	a1,a3,1074 # 18432 <_start-0xe7bce>
  104588:	00600613          	addi	a2,zero,6
  10458c:	00b786b3          	add	a3,a5,a1
  104590:	00dd06b3          	add	a3,s10,a3
  104594:	0006c503          	lbu	a0,0(a3)
  104598:	00f986b3          	add	a3,s3,a5
  10459c:	00178793          	addi	a5,a5,1
  1045a0:	00a68023          	sb	a0,0(a3)
  1045a4:	fec794e3          	bne	a5,a2,10458c <harvttp_main+0x1a18>
  1045a8:	01412783          	lw	a5,20(sp)
  1045ac:	00000093          	addi	ra,zero,0
  1045b0:	00000393          	addi	t2,zero,0
  1045b4:	00e78733          	add	a4,a5,a4
  1045b8:	00000313          	addi	t1,zero,0
  1045bc:	00048793          	addi	a5,s1,0
  1045c0:	00100813          	addi	a6,zero,1
  1045c4:	00d00e13          	addi	t3,zero,13
  1045c8:	00a00a93          	addi	s5,zero,10
  1045cc:	01900613          	addi	a2,zero,25
  1045d0:	00900913          	addi	s2,zero,9
  1045d4:	18e7f663          	bgeu	a5,a4,104760 <harvttp_main+0x1bec>
  1045d8:	00078693          	addi	a3,a5,0
  1045dc:	0100006f          	jal	zero,1045ec <harvttp_main+0x1a78>
  1045e0:	01558a63          	beq	a1,s5,1045f4 <harvttp_main+0x1a80>
  1045e4:	00168693          	addi	a3,a3,1
  1045e8:	00d70863          	beq	a4,a3,1045f8 <harvttp_main+0x1a84>
  1045ec:	0006c583          	lbu	a1,0(a3)
  1045f0:	ffc598e3          	bne	a1,t3,1045e0 <harvttp_main+0x1a6c>
  1045f4:	16d78663          	beq	a5,a3,104760 <harvttp_main+0x1bec>
  1045f8:	1c081863          	bne	a6,zero,1047c8 <harvttp_main+0x1c54>
  1045fc:	06412883          	lw	a7,100(sp)
  104600:	00078813          	addi	a6,a5,0
  104604:	04300593          	addi	a1,zero,67
  104608:	fbf58e93          	addi	t4,a1,-65
  10460c:	0ffefe93          	andi	t4,t4,255
  104610:	20d87263          	bgeu	a6,a3,104814 <harvttp_main+0x1ca0>
  104614:	00084503          	lbu	a0,0(a6)
  104618:	00180813          	addi	a6,a6,1
  10461c:	fbf50f13          	addi	t5,a0,-65
  104620:	0fff7f13          	andi	t5,t5,255
  104624:	27e67463          	bgeu	a2,t5,10488c <harvttp_main+0x1d18>
  104628:	23d67663          	bgeu	a2,t4,104854 <harvttp_main+0x1ce0>
  10462c:	1ea59463          	bne	a1,a0,104814 <harvttp_main+0x1ca0>
  104630:	0008c583          	lbu	a1,0(a7)
  104634:	00188893          	addi	a7,a7,1
  104638:	fc0598e3          	bne	a1,zero,104608 <harvttp_main+0x1a94>
  10463c:	00b78793          	addi	a5,a5,11
  104640:	46d7f063          	bgeu	a5,a3,104aa0 <harvttp_main+0x1f2c>
  104644:	0007c583          	lbu	a1,0(a5)
  104648:	02000513          	addi	a0,zero,32
  10464c:	00a58463          	beq	a1,a0,104654 <harvttp_main+0x1ae0>
  104650:	45259863          	bne	a1,s2,104aa0 <harvttp_main+0x1f2c>
  104654:	00178793          	addi	a5,a5,1
  104658:	fe9ff06f          	jal	zero,104640 <harvttp_main+0x1acc>
  10465c:	0011f7b7          	lui	a5,0x11f
  104660:	000a8593          	addi	a1,s5,0
  104664:	44678513          	addi	a0,a5,1094 # 11f446 <__global_pointer$+0x17c46>
  104668:	874fc0ef          	jal	ra,1006dc <tcp_peer_lookup.constprop.0>
  10466c:	00051463          	bne	a0,zero,104674 <harvttp_main+0x1b00>
  104670:	bf5fe06f          	jal	zero,103264 <harvttp_main+0x6f0>
  104674:	00050ca3          	sb	zero,25(a0)
  104678:	bedfe06f          	jal	zero,103264 <harvttp_main+0x6f0>
  10467c:	00c52783          	lw	a5,12(a0)
  104680:	00178793          	addi	a5,a5,1
  104684:	ee1ff06f          	jal	zero,104564 <harvttp_main+0x19f0>
  104688:	b9f51ce3          	bne	a0,t6,104220 <harvttp_main+0x16ac>
  10468c:	00107537          	lui	a0,0x107
  104690:	00c785b3          	add	a1,a5,a2
  104694:	00050513          	addi	a0,a0,0 # 107000 <g_ctx>
  104698:	00ce8633          	add	a2,t4,a2
  10469c:	0fa5c303          	lbu	t1,250(a1)
  1046a0:	00158593          	addi	a1,a1,1
  1046a4:	00150513          	addi	a0,a0,1
  1046a8:	046504a3          	sb	t1,73(a0)
  1046ac:	feb618e3          	bne	a2,a1,10469c <harvttp_main+0x1b28>
  1046b0:	b71ff06f          	jal	zero,104220 <harvttp_main+0x16ac>
  1046b4:	b65516e3          	bne	a0,t0,104220 <harvttp_main+0x16ac>
  1046b8:	00638333          	add	t1,t2,t1
  1046bc:	00034e03          	lbu	t3,0(t1)
  1046c0:	b61ff06f          	jal	zero,104220 <harvttp_main+0x16ac>
  1046c4:	00200713          	addi	a4,zero,2
  1046c8:	34ee0e63          	beq	t3,a4,104a24 <harvttp_main+0x1eb0>
  1046cc:	00500713          	addi	a4,zero,5
  1046d0:	2aee0263          	beq	t3,a4,104974 <harvttp_main+0x1e00>
  1046d4:	065d4783          	lbu	a5,101(s10)
  1046d8:	00078463          	beq	a5,zero,1046e0 <harvttp_main+0x1b6c>
  1046dc:	c25fe06f          	jal	zero,103300 <harvttp_main+0x78c>
  1046e0:	064d4603          	lbu	a2,100(s10)
  1046e4:	010e1e13          	slli	t3,t3,0x10
  1046e8:	444855b7          	lui	a1,0x44485
  1046ec:	00000513          	addi	a0,zero,0
  1046f0:	20c58593          	addi	a1,a1,524 # 4448520c <__bss_end+0x44363204>
  1046f4:	00ce6633          	or	a2,t3,a2
  1046f8:	00100893          	addi	a7,zero,1
  1046fc:	00000073          	ecall
  104700:	bf9fe06f          	jal	zero,1032f8 <harvttp_main+0x784>
  104704:	b0159ee3          	bne	a1,ra,104220 <harvttp_main+0x16ac>
  104708:	b0af7ce3          	bgeu	t5,a0,104220 <harvttp_main+0x16ac>
  10470c:	00107537          	lui	a0,0x107
  104710:	00c785b3          	add	a1,a5,a2
  104714:	00050513          	addi	a0,a0,0 # 107000 <g_ctx>
  104718:	00ce8633          	add	a2,t4,a2
  10471c:	0fa5c303          	lbu	t1,250(a1)
  104720:	00158593          	addi	a1,a1,1
  104724:	00150513          	addi	a0,a0,1
  104728:	046508a3          	sb	t1,81(a0)
  10472c:	feb618e3          	bne	a2,a1,10471c <harvttp_main+0x1ba8>
  104730:	af1ff06f          	jal	zero,104220 <harvttp_main+0x16ac>
  104734:	aff516e3          	bne	a0,t6,104220 <harvttp_main+0x16ac>
  104738:	00107537          	lui	a0,0x107
  10473c:	00c785b3          	add	a1,a5,a2
  104740:	00050513          	addi	a0,a0,0 # 107000 <g_ctx>
  104744:	00ce8633          	add	a2,t4,a2
  104748:	0fa5c303          	lbu	t1,250(a1)
  10474c:	00158593          	addi	a1,a1,1
  104750:	00150513          	addi	a0,a0,1
  104754:	04650aa3          	sb	t1,85(a0)
  104758:	feb618e3          	bne	a2,a1,104748 <harvttp_main+0x1bd4>
  10475c:	ac5ff06f          	jal	zero,104220 <harvttp_main+0x16ac>
  104760:	18009863          	bne	ra,zero,1048f0 <harvttp_main+0x1d7c>
  104764:	18039063          	bne	t2,zero,1048e4 <harvttp_main+0x1d70>
  104768:	00612c23          	sw	t1,24(sp)
  10476c:	01814683          	lbu	a3,24(sp)
  104770:	0004c703          	lbu	a4,0(s1)
  104774:	04700793          	addi	a5,zero,71
  104778:	04d12c23          	sw	a3,88(sp)
  10477c:	12f70063          	beq	a4,a5,10489c <harvttp_main+0x1d28>
  104780:	770d2683          	lw	a3,1904(s10)
  104784:	774d2703          	lw	a4,1908(s10)
  104788:	19400813          	addi	a6,zero,404
  10478c:	00100793          	addi	a5,zero,1
  104790:	01812503          	lw	a0,24(sp)
  104794:	02812603          	lw	a2,40(sp)
  104798:	00300593          	addi	a1,zero,3
  10479c:	40a58ab3          	sub	s5,a1,a0
  1047a0:	05812883          	lw	a7,88(sp)
  1047a4:	02412583          	lw	a1,36(sp)
  1047a8:	00c40633          	add	a2,s0,a2
  1047ac:	00c9a823          	sw	a2,16(s3)
  1047b0:	01598c23          	sb	s5,24(s3)
  1047b4:	00098513          	addi	a0,s3,0
  1047b8:	cf9fd0ef          	jal	ra,1024b0 <send_http_response.constprop.0>
  1047bc:	00a9a623          	sw	a0,12(s3)
  1047c0:	aa5fe06f          	jal	zero,103264 <harvttp_main+0x6f0>
  1047c4:	00178793          	addi	a5,a5,1
  1047c8:	00878593          	addi	a1,a5,8
  1047cc:	00078893          	addi	a7,a5,0
  1047d0:	04b6e263          	bltu	a3,a1,104814 <harvttp_main+0x1ca0>
  1047d4:	06012f03          	lw	t5,96(sp)
  1047d8:	04800593          	addi	a1,zero,72
  1047dc:	fbf58f93          	addi	t6,a1,-65
  1047e0:	0fffff93          	andi	t6,t6,255
  1047e4:	ff1680e3          	beq	a3,a7,1047c4 <harvttp_main+0x1c50>
  1047e8:	0008ce83          	lbu	t4,0(a7)
  1047ec:	00188893          	addi	a7,a7,1
  1047f0:	fbfe8513          	addi	a0,t4,-65 # fbf <_start-0xff041>
  1047f4:	0ff57513          	andi	a0,a0,255
  1047f8:	04a67663          	bgeu	a2,a0,104844 <harvttp_main+0x1cd0>
  1047fc:	03f67e63          	bgeu	a2,t6,104838 <harvttp_main+0x1cc4>
  104800:	fdd592e3          	bne	a1,t4,1047c4 <harvttp_main+0x1c50>
  104804:	000f4583          	lbu	a1,0(t5)
  104808:	001f0f13          	addi	t5,t5,1
  10480c:	fc0598e3          	bne	a1,zero,1047dc <harvttp_main+0x1c68>
  104810:	00080313          	addi	t1,a6,0
  104814:	00068793          	addi	a5,a3,0
  104818:	00e7fc63          	bgeu	a5,a4,104830 <harvttp_main+0x1cbc>
  10481c:	0007c683          	lbu	a3,0(a5)
  104820:	01c68463          	beq	a3,t3,104828 <harvttp_main+0x1cb4>
  104824:	01569663          	bne	a3,s5,104830 <harvttp_main+0x1cbc>
  104828:	00178793          	addi	a5,a5,1
  10482c:	fedff06f          	jal	zero,104818 <harvttp_main+0x1ca4>
  104830:	00000813          	addi	a6,zero,0
  104834:	da1ff06f          	jal	zero,1045d4 <harvttp_main+0x1a60>
  104838:	02058593          	addi	a1,a1,32
  10483c:	0ff5f593          	andi	a1,a1,255
  104840:	fc1ff06f          	jal	zero,104800 <harvttp_main+0x1c8c>
  104844:	020e8e93          	addi	t4,t4,32
  104848:	0ffefe93          	andi	t4,t4,255
  10484c:	fbf66ae3          	bltu	a2,t6,104800 <harvttp_main+0x1c8c>
  104850:	fe9ff06f          	jal	zero,104838 <harvttp_main+0x1cc4>
  104854:	02058593          	addi	a1,a1,32
  104858:	0ff5f593          	andi	a1,a1,255
  10485c:	dd1ff06f          	jal	zero,10462c <harvttp_main+0x1ab8>
  104860:	07c72803          	lw	a6,124(a4)
  104864:	410e8f33          	sub	t5,t4,a6
  104868:	01e57663          	bgeu	a0,t5,104874 <harvttp_main+0x1d00>
  10486c:	080700a3          	sb	zero,129(a4)
  104870:	b15ff06f          	jal	zero,104384 <harvttp_main+0x1810>
  104874:	01187663          	bgeu	a6,a7,104880 <harvttp_main+0x1d0c>
  104878:	00080893          	addi	a7,a6,0
  10487c:	00068613          	addi	a2,a3,0
  104880:	00158593          	addi	a1,a1,1
  104884:	afc590e3          	bne	a1,t3,104364 <harvttp_main+0x17f0>
  104888:	b01ff06f          	jal	zero,104388 <harvttp_main+0x1814>
  10488c:	02050513          	addi	a0,a0,32
  104890:	0ff57513          	andi	a0,a0,255
  104894:	d9d66ce3          	bltu	a2,t4,10462c <harvttp_main+0x1ab8>
  104898:	fbdff06f          	jal	zero,104854 <harvttp_main+0x1ce0>
  10489c:	0014c703          	lbu	a4,1(s1)
  1048a0:	04500793          	addi	a5,zero,69
  1048a4:	ecf71ee3          	bne	a4,a5,104780 <harvttp_main+0x1c0c>
  1048a8:	0024c703          	lbu	a4,2(s1)
  1048ac:	05400793          	addi	a5,zero,84
  1048b0:	ecf718e3          	bne	a4,a5,104780 <harvttp_main+0x1c0c>
  1048b4:	0034c703          	lbu	a4,3(s1)
  1048b8:	02000793          	addi	a5,zero,32
  1048bc:	ecf712e3          	bne	a4,a5,104780 <harvttp_main+0x1c0c>
  1048c0:	00400793          	addi	a5,zero,4
  1048c4:	02000713          	addi	a4,zero,32
  1048c8:	02812603          	lw	a2,40(sp)
  1048cc:	00f486b3          	add	a3,s1,a5
  1048d0:	eac7f8e3          	bgeu	a5,a2,104780 <harvttp_main+0x1c0c>
  1048d4:	0006c683          	lbu	a3,0(a3)
  1048d8:	02e69063          	bne	a3,a4,1048f8 <harvttp_main+0x1d84>
  1048dc:	00178793          	addi	a5,a5,1
  1048e0:	fe9ff06f          	jal	zero,1048c8 <harvttp_main+0x1d54>
  1048e4:	00100793          	addi	a5,zero,1
  1048e8:	00f12c23          	sw	a5,24(sp)
  1048ec:	e81ff06f          	jal	zero,10476c <harvttp_main+0x1bf8>
  1048f0:	00012c23          	sw	zero,24(sp)
  1048f4:	e79ff06f          	jal	zero,10476c <harvttp_main+0x1bf8>
  1048f8:	04d12e23          	sw	a3,92(sp)
  1048fc:	02f00713          	addi	a4,zero,47
  104900:	e8e690e3          	bne	a3,a4,104780 <harvttp_main+0x1c0c>
  104904:	00178793          	addi	a5,a5,1
  104908:	00100713          	addi	a4,zero,1
  10490c:	80000837          	lui	a6,0x80000
  104910:	08e12823          	sw	a4,144(sp)
  104914:	08d11a23          	sh	a3,148(sp)
  104918:	00078613          	addi	a2,a5,0
  10491c:	00100a93          	addi	s5,zero,1
  104920:	01f00893          	addi	a7,zero,31
  104924:	00980813          	addi	a6,a6,9 # 80000009 <__bss_end+0x7fede001>
  104928:	02f00f93          	addi	t6,zero,47
  10492c:	05c00f13          	addi	t5,zero,92
  104930:	07f00e93          	addi	t4,zero,127
  104934:	00078913          	addi	s2,a5,0
  104938:	02812703          	lw	a4,40(sp)
  10493c:	012487b3          	add	a5,s1,s2
  104940:	27270e63          	beq	a4,s2,104bbc <harvttp_main+0x2048>
  104944:	0007c783          	lbu	a5,0(a5)
  104948:	fe078713          	addi	a4,a5,-32
  10494c:	0ff77713          	andi	a4,a4,255
  104950:	00e856b3          	srl	a3,a6,a4
  104954:	0016f693          	andi	a3,a3,1
  104958:	20e8fe63          	bgeu	a7,a4,104b74 <harvttp_main+0x2000>
  10495c:	e2f8f2e3          	bgeu	a7,a5,104780 <harvttp_main+0x1c0c>
  104960:	e3e780e3          	beq	a5,t5,104780 <harvttp_main+0x1c0c>
  104964:	e1d78ee3          	beq	a5,t4,104780 <harvttp_main+0x1c0c>
  104968:	00190913          	addi	s2,s2,1
  10496c:	00000a93          	addi	s5,zero,0
  104970:	fc9ff06f          	jal	zero,104938 <harvttp_main+0x1dc4>
  104974:	064d4603          	lbu	a2,100(s10)
  104978:	00300713          	addi	a4,zero,3
  10497c:	d4e61ce3          	bne	a2,a4,1046d4 <harvttp_main+0x1b60>
  104980:	00107637          	lui	a2,0x107
  104984:	01878713          	addi	a4,a5,24
  104988:	00060613          	addi	a2,a2,0 # 107000 <g_ctx>
  10498c:	01c78793          	addi	a5,a5,28
  104990:	00074583          	lbu	a1,0(a4)
  104994:	00170713          	addi	a4,a4,1
  104998:	00160613          	addi	a2,a2,1
  10499c:	04b602a3          	sb	a1,69(a2)
  1049a0:	fee798e3          	bne	a5,a4,104990 <harvttp_main+0x1e1c>
  1049a4:	046d4783          	lbu	a5,70(s10)
  1049a8:	047d4703          	lbu	a4,71(s10)
  1049ac:	049d4583          	lbu	a1,73(s10)
  1049b0:	048d4603          	lbu	a2,72(s10)
  1049b4:	01071713          	slli	a4,a4,0x10
  1049b8:	01879793          	slli	a5,a5,0x18
  1049bc:	00e7e7b3          	or	a5,a5,a4
  1049c0:	00b7e7b3          	or	a5,a5,a1
  1049c4:	10500713          	addi	a4,zero,261
  1049c8:	00861613          	slli	a2,a2,0x8
  1049cc:	444845b7          	lui	a1,0x44484
  1049d0:	06ed1223          	sh	a4,100(s10)
  1049d4:	00000513          	addi	a0,zero,0
  1049d8:	14358593          	addi	a1,a1,323 # 44484143 <__bss_end+0x4436213b>
  1049dc:	00c7e633          	or	a2,a5,a2
  1049e0:	00100893          	addi	a7,zero,1
  1049e4:	00000073          	ecall
  1049e8:	046d4783          	lbu	a5,70(s10)
  1049ec:	047d4703          	lbu	a4,71(s10)
  1049f0:	049d4583          	lbu	a1,73(s10)
  1049f4:	048d4603          	lbu	a2,72(s10)
  1049f8:	01071713          	slli	a4,a4,0x10
  1049fc:	01879793          	slli	a5,a5,0x18
  104a00:	00e7e7b3          	or	a5,a5,a4
  104a04:	00b7e7b3          	or	a5,a5,a1
  104a08:	00861613          	slli	a2,a2,0x8
  104a0c:	485455b7          	lui	a1,0x48545
  104a10:	00000513          	addi	a0,zero,0
  104a14:	45058593          	addi	a1,a1,1104 # 48545450 <__bss_end+0x48423448>
  104a18:	00c7e633          	or	a2,a5,a2
  104a1c:	00000073          	ecall
  104a20:	8d9fe06f          	jal	zero,1032f8 <harvttp_main+0x784>
  104a24:	064d4603          	lbu	a2,100(s10)
  104a28:	00100713          	addi	a4,zero,1
  104a2c:	cae614e3          	bne	a2,a4,1046d4 <harvttp_main+0x1b60>
  104a30:	00107637          	lui	a2,0x107
  104a34:	01878713          	addi	a4,a5,24
  104a38:	00060613          	addi	a2,a2,0 # 107000 <g_ctx>
  104a3c:	01c78793          	addi	a5,a5,28
  104a40:	00074583          	lbu	a1,0(a4)
  104a44:	00170713          	addi	a4,a4,1
  104a48:	00160613          	addi	a2,a2,1
  104a4c:	04b602a3          	sb	a1,69(a2)
  104a50:	fee798e3          	bne	a5,a4,104a40 <harvttp_main+0x1ecc>
  104a54:	046d4783          	lbu	a5,70(s10)
  104a58:	047d4703          	lbu	a4,71(s10)
  104a5c:	049d4583          	lbu	a1,73(s10)
  104a60:	048d4603          	lbu	a2,72(s10)
  104a64:	01071713          	slli	a4,a4,0x10
  104a68:	01879793          	slli	a5,a5,0x18
  104a6c:	00e7e7b3          	or	a5,a5,a4
  104a70:	00b7e7b3          	or	a5,a5,a1
  104a74:	00300713          	addi	a4,zero,3
  104a78:	00861613          	slli	a2,a2,0x8
  104a7c:	444855b7          	lui	a1,0x44485
  104a80:	06ed0223          	sb	a4,100(s10)
  104a84:	060d2023          	sw	zero,96(s10)
  104a88:	00000513          	addi	a0,zero,0
  104a8c:	f4658593          	addi	a1,a1,-186 # 44484f46 <__bss_end+0x44362f3e>
  104a90:	00c7e633          	or	a2,a5,a2
  104a94:	00100893          	addi	a7,zero,1
  104a98:	00000073          	ecall
  104a9c:	85dfe06f          	jal	zero,1032f8 <harvttp_main+0x784>
  104aa0:	00000813          	addi	a6,zero,0
  104aa4:	08412583          	lw	a1,132(sp)
  104aa8:	00180813          	addi	a6,a6,1
  104aac:	010585b3          	add	a1,a1,a6
  104ab0:	0005c583          	lbu	a1,0(a1)
  104ab4:	fe0598e3          	bne	a1,zero,104aa4 <harvttp_main+0x1f30>
  104ab8:	00078893          	addi	a7,a5,0
  104abc:	011805b3          	add	a1,a6,a7
  104ac0:	00088e93          	addi	t4,a7,0
  104ac4:	04b6e263          	bltu	a3,a1,104b08 <harvttp_main+0x1f94>
  104ac8:	06812f03          	lw	t5,104(sp)
  104acc:	06300593          	addi	a1,zero,99
  104ad0:	fbf58f93          	addi	t6,a1,-65
  104ad4:	0fffff93          	andi	t6,t6,255
  104ad8:	28defe63          	bgeu	t4,a3,104d74 <harvttp_main+0x2200>
  104adc:	000ec503          	lbu	a0,0(t4)
  104ae0:	001e8e93          	addi	t4,t4,1
  104ae4:	fbf50293          	addi	t0,a0,-65
  104ae8:	0ff2f293          	andi	t0,t0,255
  104aec:	26567863          	bgeu	a2,t0,104d5c <harvttp_main+0x21e8>
  104af0:	27f67c63          	bgeu	a2,t6,104d68 <harvttp_main+0x21f4>
  104af4:	28a59063          	bne	a1,a0,104d74 <harvttp_main+0x2200>
  104af8:	000f4583          	lbu	a1,0(t5)
  104afc:	001f0f13          	addi	t5,t5,1
  104b00:	fc0598e3          	bne	a1,zero,104ad0 <harvttp_main+0x1f5c>
  104b04:	00100093          	addi	ra,zero,1
  104b08:	00000513          	addi	a0,zero,0
  104b0c:	08812583          	lw	a1,136(sp)
  104b10:	00150513          	addi	a0,a0,1
  104b14:	00a585b3          	add	a1,a1,a0
  104b18:	0005c583          	lbu	a1,0(a1)
  104b1c:	fe0598e3          	bne	a1,zero,104b0c <harvttp_main+0x1f98>
  104b20:	00f505b3          	add	a1,a0,a5
  104b24:	00078893          	addi	a7,a5,0
  104b28:	ceb6e6e3          	bltu	a3,a1,104814 <harvttp_main+0x1ca0>
  104b2c:	06c12f03          	lw	t5,108(sp)
  104b30:	06b00593          	addi	a1,zero,107
  104b34:	fbf58f93          	addi	t6,a1,-65
  104b38:	0fffff93          	andi	t6,t6,255
  104b3c:	28d8f063          	bgeu	a7,a3,104dbc <harvttp_main+0x2248>
  104b40:	0008ce83          	lbu	t4,0(a7)
  104b44:	00188893          	addi	a7,a7,1
  104b48:	fbfe8813          	addi	a6,t4,-65
  104b4c:	0ff87813          	andi	a6,a6,255
  104b50:	25067e63          	bgeu	a2,a6,104dac <harvttp_main+0x2238>
  104b54:	3bf67863          	bgeu	a2,t6,104f04 <harvttp_main+0x2390>
  104b58:	27d59263          	bne	a1,t4,104dbc <harvttp_main+0x2248>
  104b5c:	000f4583          	lbu	a1,0(t5)
  104b60:	001f0f13          	addi	t5,t5,1
  104b64:	fc0598e3          	bne	a1,zero,104b34 <harvttp_main+0x1fc0>
  104b68:	00100393          	addi	t2,zero,1
  104b6c:	00068793          	addi	a5,a3,0
  104b70:	ca9ff06f          	jal	zero,104818 <harvttp_main+0x1ca4>
  104b74:	04069463          	bne	a3,zero,104bbc <harvttp_main+0x2048>
  104b78:	dff798e3          	bne	a5,t6,104968 <harvttp_main+0x1df4>
  104b7c:	40c906b3          	sub	a3,s2,a2
  104b80:	09010593          	addi	a1,sp,144
  104b84:	00c48633          	add	a2,s1,a2
  104b88:	09410513          	addi	a0,sp,148
  104b8c:	a11fb0ef          	jal	ra,10059c <push_path_segment.constprop.0>
  104b90:	00190913          	addi	s2,s2,1
  104b94:	be0506e3          	beq	a0,zero,104780 <harvttp_main+0x1c0c>
  104b98:	800007b7          	lui	a5,0x80000
  104b9c:	00090613          	addi	a2,s2,0
  104ba0:	00100a93          	addi	s5,zero,1
  104ba4:	01f00893          	addi	a7,zero,31
  104ba8:	00978813          	addi	a6,a5,9 # 80000009 <__bss_end+0x7fede001>
  104bac:	02f00f93          	addi	t6,zero,47
  104bb0:	05c00f13          	addi	t5,zero,92
  104bb4:	07f00e93          	addi	t4,zero,127
  104bb8:	d81ff06f          	jal	zero,104938 <harvttp_main+0x1dc4>
  104bbc:	40c906b3          	sub	a3,s2,a2
  104bc0:	09010593          	addi	a1,sp,144
  104bc4:	00c48633          	add	a2,s1,a2
  104bc8:	09410513          	addi	a0,sp,148
  104bcc:	9d1fb0ef          	jal	ra,10059c <push_path_segment.constprop.0>
  104bd0:	ba0508e3          	beq	a0,zero,104780 <harvttp_main+0x1c0c>
  104bd4:	09012783          	lw	a5,144(sp)
  104bd8:	00100693          	addi	a3,zero,1
  104bdc:	02d78a63          	beq	a5,a3,104c10 <harvttp_main+0x209c>
  104be0:	060a8463          	beq	s5,zero,104c48 <harvttp_main+0x20d4>
  104be4:	02f6f663          	bgeu	a3,a5,104c10 <harvttp_main+0x209c>
  104be8:	00b78713          	addi	a4,a5,11
  104bec:	05c00693          	addi	a3,zero,92
  104bf0:	b8e6e8e3          	bltu	a3,a4,104780 <harvttp_main+0x1c0c>
  104bf4:	0f010693          	addi	a3,sp,240
  104bf8:	00178713          	addi	a4,a5,1
  104bfc:	00f687b3          	add	a5,a3,a5
  104c00:	02f00693          	addi	a3,zero,47
  104c04:	fad78223          	sb	a3,-92(a5)
  104c08:	08e12823          	sw	a4,144(sp)
  104c0c:	00070793          	addi	a5,a4,0
  104c10:	00000713          	addi	a4,zero,0
  104c14:	00900613          	addi	a2,zero,9
  104c18:	07c12683          	lw	a3,124(sp)
  104c1c:	09410513          	addi	a0,sp,148
  104c20:	00e686b3          	add	a3,a3,a4
  104c24:	0006c583          	lbu	a1,0(a3)
  104c28:	00e786b3          	add	a3,a5,a4
  104c2c:	00d506b3          	add	a3,a0,a3
  104c30:	00b68023          	sb	a1,0(a3)
  104c34:	00170713          	addi	a4,a4,1
  104c38:	fec710e3          	bne	a4,a2,104c18 <harvttp_main+0x20a4>
  104c3c:	0f010713          	addi	a4,sp,240
  104c40:	00f707b3          	add	a5,a4,a5
  104c44:	fa0786a3          	sb	zero,-83(a5)
  104c48:	768d2683          	lw	a3,1896(s10)
  104c4c:	b2068ae3          	beq	a3,zero,104780 <harvttp_main+0x1c0c>
  104c50:	0006a703          	lw	a4,0(a3)
  104c54:	485457b7          	lui	a5,0x48545
  104c58:	45078793          	addi	a5,a5,1104 # 48545450 <__bss_end+0x48423448>
  104c5c:	b2f712e3          	bne	a4,a5,104780 <harvttp_main+0x1c0c>
  104c60:	0086af03          	lw	t5,8(a3)
  104c64:	76cd2703          	lw	a4,1900(s10)
  104c68:	00000793          	addi	a5,zero,0
  104c6c:	01000e93          	addi	t4,zero,16
  104c70:	b1e788e3          	beq	a5,t5,104780 <harvttp_main+0x1c0c>
  104c74:	b1d786e3          	beq	a5,t4,104780 <harvttp_main+0x1c0c>
  104c78:	09410593          	addi	a1,sp,148
  104c7c:	00058813          	addi	a6,a1,0
  104c80:	00070513          	addi	a0,a4,0
  104c84:	0100006f          	jal	zero,104c94 <harvttp_main+0x2120>
  104c88:	0e060a63          	beq	a2,zero,104d7c <harvttp_main+0x2208>
  104c8c:	00180813          	addi	a6,a6,1
  104c90:	0ec89663          	bne	a7,a2,104d7c <harvttp_main+0x2208>
  104c94:	00054883          	lbu	a7,0(a0)
  104c98:	00084603          	lbu	a2,0(a6)
  104c9c:	00150513          	addi	a0,a0,1
  104ca0:	fe0894e3          	bne	a7,zero,104c88 <harvttp_main+0x2114>
  104ca4:	0c061c63          	bne	a2,zero,104d7c <harvttp_main+0x2208>
  104ca8:	ac070ce3          	beq	a4,zero,104780 <harvttp_main+0x1c0c>
  104cac:	05c72503          	lw	a0,92(a4)
  104cb0:	06472783          	lw	a5,100(a4)
  104cb4:	00a00613          	addi	a2,zero,10
  104cb8:	06072703          	lw	a4,96(a4)
  104cbc:	00a686b3          	add	a3,a3,a0
  104cc0:	0c800813          	addi	a6,zero,200
  104cc4:	acc796e3          	bne	a5,a2,104790 <harvttp_main+0x1c1c>
  104cc8:	07812603          	lw	a2,120(sp)
  104ccc:	0005c503          	lbu	a0,0(a1)
  104cd0:	00064783          	lbu	a5,0(a2)
  104cd4:	00158593          	addi	a1,a1,1
  104cd8:	0a050863          	beq	a0,zero,104d88 <harvttp_main+0x2214>
  104cdc:	00078663          	beq	a5,zero,104ce8 <harvttp_main+0x2174>
  104ce0:	00160613          	addi	a2,a2,1
  104ce4:	fef504e3          	beq	a0,a5,104ccc <harvttp_main+0x2158>
  104ce8:	000197b7          	lui	a5,0x19
  104cec:	00e684b3          	add	s1,a3,a4
  104cf0:	08012823          	sw	zero,144(sp)
  104cf4:	00878a93          	addi	s5,a5,8 # 19008 <_start-0xe6ff8>
  104cf8:	01912023          	sw	s9,0(sp)
  104cfc:	01712223          	sw	s7,4(sp)
  104d00:	00812423          	sw	s0,8(sp)
  104d04:	01612623          	sw	s6,12(sp)
  104d08:	0a96fe63          	bgeu	a3,s1,104dc4 <harvttp_main+0x2250>
  104d0c:	00168b13          	addi	s6,a3,1
  104d10:	009b7e63          	bgeu	s6,s1,104d2c <harvttp_main+0x21b8>
  104d14:	0006c603          	lbu	a2,0(a3)
  104d18:	03c00713          	addi	a4,zero,60
  104d1c:	00e61863          	bne	a2,a4,104d2c <harvttp_main+0x21b8>
  104d20:	0016c603          	lbu	a2,1(a3)
  104d24:	03f00713          	addi	a4,zero,63
  104d28:	0ce60263          	beq	a2,a4,104dec <harvttp_main+0x2278>
  104d2c:	09012703          	lw	a4,144(sp)
  104d30:	000015b7          	lui	a1,0x1
  104d34:	00170613          	addi	a2,a4,1
  104d38:	1ec5ee63          	bltu	a1,a2,104f34 <harvttp_main+0x23c0>
  104d3c:	0006c683          	lbu	a3,0(a3)
  104d40:	001207b7          	lui	a5,0x120
  104d44:	00878793          	addi	a5,a5,8 # 120008 <__global_pointer$+0x18808>
  104d48:	00e78733          	add	a4,a5,a4
  104d4c:	08c12823          	sw	a2,144(sp)
  104d50:	00d70023          	sb	a3,0(a4)
  104d54:	000b0693          	addi	a3,s6,0
  104d58:	fb1ff06f          	jal	zero,104d08 <harvttp_main+0x2194>
  104d5c:	02050513          	addi	a0,a0,32
  104d60:	0ff57513          	andi	a0,a0,255
  104d64:	d9f668e3          	bltu	a2,t6,104af4 <harvttp_main+0x1f80>
  104d68:	02058593          	addi	a1,a1,32 # 1020 <_start-0xfefe0>
  104d6c:	0ff5f593          	andi	a1,a1,255
  104d70:	d85ff06f          	jal	zero,104af4 <harvttp_main+0x1f80>
  104d74:	00188893          	addi	a7,a7,1
  104d78:	d45ff06f          	jal	zero,104abc <harvttp_main+0x1f48>
  104d7c:	00178793          	addi	a5,a5,1
  104d80:	08070713          	addi	a4,a4,128
  104d84:	eedff06f          	jal	zero,104c70 <harvttp_main+0x20fc>
  104d88:	f60790e3          	bne	a5,zero,104ce8 <harvttp_main+0x2174>
  104d8c:	798d4783          	lbu	a5,1944(s10)
  104d90:	f4078ce3          	beq	a5,zero,104ce8 <harvttp_main+0x2174>
  104d94:	001216b7          	lui	a3,0x121
  104d98:	794d2703          	lw	a4,1940(s10)
  104d9c:	0c800813          	addi	a6,zero,200
  104da0:	00100793          	addi	a5,zero,1
  104da4:	00868693          	addi	a3,a3,8 # 121008 <__global_pointer$+0x19808>
  104da8:	9e9ff06f          	jal	zero,104790 <harvttp_main+0x1c1c>
  104dac:	020e8e93          	addi	t4,t4,32
  104db0:	0ffefe93          	andi	t4,t4,255
  104db4:	dbf662e3          	bltu	a2,t6,104b58 <harvttp_main+0x1fe4>
  104db8:	14c0006f          	jal	zero,104f04 <harvttp_main+0x2390>
  104dbc:	00178793          	addi	a5,a5,1
  104dc0:	d61ff06f          	jal	zero,104b20 <harvttp_main+0x1fac>
  104dc4:	001206b7          	lui	a3,0x120
  104dc8:	00012c83          	lw	s9,0(sp)
  104dcc:	00412b83          	lw	s7,4(sp)
  104dd0:	00812403          	lw	s0,8(sp)
  104dd4:	00c12b03          	lw	s6,12(sp)
  104dd8:	09012703          	lw	a4,144(sp)
  104ddc:	0c800813          	addi	a6,zero,200
  104de0:	00100793          	addi	a5,zero,1
  104de4:	00868693          	addi	a3,a3,8 # 120008 <__global_pointer$+0x18808>
  104de8:	9a9ff06f          	jal	zero,104790 <harvttp_main+0x1c1c>
  104dec:	00268413          	addi	s0,a3,2
  104df0:	00040613          	addi	a2,s0,0
  104df4:	03f00513          	addi	a0,zero,63
  104df8:	03e00593          	addi	a1,zero,62
  104dfc:	00060b13          	addi	s6,a2,0
  104e00:	00160613          	addi	a2,a2,1
  104e04:	16967463          	bgeu	a2,s1,104f6c <harvttp_main+0x23f8>
  104e08:	fff64783          	lbu	a5,-1(a2)
  104e0c:	fea798e3          	bne	a5,a0,104dfc <harvttp_main+0x2288>
  104e10:	00064783          	lbu	a5,0(a2)
  104e14:	feb794e3          	bne	a5,a1,104dfc <harvttp_main+0x2288>
  104e18:	00100b93          	addi	s7,zero,1
  104e1c:	00947863          	bgeu	s0,s1,104e2c <harvttp_main+0x22b8>
  104e20:	0026c583          	lbu	a1,2(a3)
  104e24:	03d00613          	addi	a2,zero,61
  104e28:	0ec58463          	beq	a1,a2,104f10 <harvttp_main+0x239c>
  104e2c:	04012503          	lw	a0,64(sp)
  104e30:	00040613          	addi	a2,s0,0
  104e34:	07000593          	addi	a1,zero,112
  104e38:	03667063          	bgeu	a2,s6,104e58 <harvttp_main+0x22e4>
  104e3c:	00064783          	lbu	a5,0(a2)
  104e40:	00160613          	addi	a2,a2,1
  104e44:	00b79a63          	bne	a5,a1,104e58 <harvttp_main+0x22e4>
  104e48:	00154583          	lbu	a1,1(a0)
  104e4c:	00150513          	addi	a0,a0,1
  104e50:	fe0594e3          	bne	a1,zero,104e38 <harvttp_main+0x22c4>
  104e54:	00568413          	addi	s0,a3,5
  104e58:	00698793          	addi	a5,s3,6
  104e5c:	08f12623          	sw	a5,140(sp)
  104e60:	01646a63          	bltu	s0,s6,104e74 <harvttp_main+0x2300>
  104e64:	14c0006f          	jal	zero,104fb0 <harvttp_main+0x243c>
  104e68:	02070663          	beq	a4,zero,104e94 <harvttp_main+0x2320>
  104e6c:	00140413          	addi	s0,s0,1
  104e70:	148b0063          	beq	s6,s0,104fb0 <harvttp_main+0x243c>
  104e74:	00044783          	lbu	a5,0(s0)
  104e78:	02c12703          	lw	a4,44(sp)
  104e7c:	01700693          	addi	a3,zero,23
  104e80:	ff778793          	addi	a5,a5,-9
  104e84:	0ff7f793          	andi	a5,a5,255
  104e88:	00f75733          	srl	a4,a4,a5
  104e8c:	00177713          	andi	a4,a4,1
  104e90:	fcf6fce3          	bgeu	a3,a5,104e68 <harvttp_main+0x22f4>
  104e94:	11647e63          	bgeu	s0,s6,104fb0 <harvttp_main+0x243c>
  104e98:	03012683          	lw	a3,48(sp)
  104e9c:	00040913          	addi	s2,s0,0
  104ea0:	00040793          	addi	a5,s0,0
  104ea4:	06500713          	addi	a4,zero,101
  104ea8:	10fb0c63          	beq	s6,a5,104fc0 <harvttp_main+0x244c>
  104eac:	0007c603          	lbu	a2,0(a5)
  104eb0:	00178793          	addi	a5,a5,1
  104eb4:	10e61663          	bne	a2,a4,104fc0 <harvttp_main+0x244c>
  104eb8:	0006c703          	lbu	a4,0(a3)
  104ebc:	00168693          	addi	a3,a3,1
  104ec0:	fe0714e3          	bne	a4,zero,104ea8 <harvttp_main+0x2334>
  104ec4:	00440413          	addi	s0,s0,4
  104ec8:	00120637          	lui	a2,0x120
  104ecc:	000b0793          	addi	a5,s6,0
  104ed0:	00040713          	addi	a4,s0,0
  104ed4:	09010693          	addi	a3,sp,144
  104ed8:	00860613          	addi	a2,a2,8 # 120008 <__global_pointer$+0x18808>
  104edc:	09410593          	addi	a1,sp,148
  104ee0:	00098513          	addi	a0,s3,0
  104ee4:	bf8fc0ef          	jal	ra,1012dc <php_eval_expr.constprop.0>
  104ee8:	04050663          	beq	a0,zero,104f34 <harvttp_main+0x23c0>
  104eec:	03b00793          	addi	a5,zero,59
  104ef0:	0d647063          	bgeu	s0,s6,104fb0 <harvttp_main+0x243c>
  104ef4:	00044703          	lbu	a4,0(s0)
  104ef8:	00140413          	addi	s0,s0,1
  104efc:	fef71ae3          	bne	a4,a5,104ef0 <harvttp_main+0x237c>
  104f00:	f61ff06f          	jal	zero,104e60 <harvttp_main+0x22ec>
  104f04:	02058593          	addi	a1,a1,32
  104f08:	0ff5f593          	andi	a1,a1,255
  104f0c:	c4dff06f          	jal	zero,104b58 <harvttp_main+0x1fe4>
  104f10:	00120637          	lui	a2,0x120
  104f14:	00368713          	addi	a4,a3,3
  104f18:	000b0793          	addi	a5,s6,0
  104f1c:	09010693          	addi	a3,sp,144
  104f20:	00860613          	addi	a2,a2,8 # 120008 <__global_pointer$+0x18808>
  104f24:	09410593          	addi	a1,sp,148
  104f28:	00098513          	addi	a0,s3,0
  104f2c:	bb0fc0ef          	jal	ra,1012dc <php_eval_expr.constprop.0>
  104f30:	08051063          	bne	a0,zero,104fb0 <harvttp_main+0x243c>
  104f34:	00012c83          	lw	s9,0(sp)
  104f38:	00412b83          	lw	s7,4(sp)
  104f3c:	00812403          	lw	s0,8(sp)
  104f40:	00c12b03          	lw	s6,12(sp)
  104f44:	00000713          	addi	a4,zero,0
  104f48:	03c12783          	lw	a5,60(sp)
  104f4c:	00170713          	addi	a4,a4,1
  104f50:	00e787b3          	add	a5,a5,a4
  104f54:	0007c783          	lbu	a5,0(a5)
  104f58:	fe0798e3          	bne	a5,zero,104f48 <harvttp_main+0x23d4>
  104f5c:	03c12683          	lw	a3,60(sp)
  104f60:	1f400813          	addi	a6,zero,500
  104f64:	00800793          	addi	a5,zero,8
  104f68:	829ff06f          	jal	zero,104790 <harvttp_main+0x1c1c>
  104f6c:	00000b93          	addi	s7,zero,0
  104f70:	00048b13          	addi	s6,s1,0
  104f74:	ea9ff06f          	jal	zero,104e1c <harvttp_main+0x22a8>
  104f78:	03412703          	lw	a4,52(sp)
  104f7c:	05c12783          	lw	a5,92(sp)
  104f80:	fb2b0ae3          	beq	s6,s2,104f34 <harvttp_main+0x23c0>
  104f84:	00094683          	lbu	a3,0(s2)
  104f88:	00190913          	addi	s2,s2,1
  104f8c:	faf694e3          	bne	a3,a5,104f34 <harvttp_main+0x23c0>
  104f90:	00074783          	lbu	a5,0(a4)
  104f94:	00170713          	addi	a4,a4,1
  104f98:	fe0794e3          	bne	a5,zero,104f80 <harvttp_main+0x240c>
  104f9c:	00a00793          	addi	a5,zero,10
  104fa0:	00044703          	lbu	a4,0(s0)
  104fa4:	eaf70ee3          	beq	a4,a5,104e60 <harvttp_main+0x22ec>
  104fa8:	00140413          	addi	s0,s0,1
  104fac:	fe8b1ae3          	bne	s6,s0,104fa0 <harvttp_main+0x242c>
  104fb0:	da0b82e3          	beq	s7,zero,104d54 <harvttp_main+0x21e0>
  104fb4:	002b0b13          	addi	s6,s6,2
  104fb8:	000b0693          	addi	a3,s6,0
  104fbc:	d4dff06f          	jal	zero,104d08 <harvttp_main+0x2194>
  104fc0:	07012683          	lw	a3,112(sp)
  104fc4:	00040793          	addi	a5,s0,0
  104fc8:	07000713          	addi	a4,zero,112
  104fcc:	00068c93          	addi	s9,a3,0
  104fd0:	14fb0263          	beq	s6,a5,105114 <harvttp_main+0x25a0>
  104fd4:	0007c603          	lbu	a2,0(a5)
  104fd8:	00178793          	addi	a5,a5,1
  104fdc:	12e61c63          	bne	a2,a4,105114 <harvttp_main+0x25a0>
  104fe0:	0006c703          	lbu	a4,0(a3)
  104fe4:	00168693          	addi	a3,a3,1
  104fe8:	fe0714e3          	bne	a4,zero,104fd0 <harvttp_main+0x245c>
  104fec:	00000793          	addi	a5,zero,0
  104ff0:	04412703          	lw	a4,68(sp)
  104ff4:	00078593          	addi	a1,a5,0
  104ff8:	00178793          	addi	a5,a5,1
  104ffc:	00f70733          	add	a4,a4,a5
  105000:	00074703          	lbu	a4,0(a4)
  105004:	fe0716e3          	bne	a4,zero,104ff0 <harvttp_main+0x247c>
  105008:	09012603          	lw	a2,144(sp)
  10500c:	000016b7          	lui	a3,0x1
  105010:	00c78733          	add	a4,a5,a2
  105014:	f2e6e0e3          	bltu	a3,a4,104f34 <harvttp_main+0x23c0>
  105018:	00000793          	addi	a5,zero,0
  10501c:	04412683          	lw	a3,68(sp)
  105020:	00f68533          	add	a0,a3,a5
  105024:	00054803          	lbu	a6,0(a0)
  105028:	015786b3          	add	a3,a5,s5
  10502c:	00c686b3          	add	a3,a3,a2
  105030:	00dd06b3          	add	a3,s10,a3
  105034:	00078513          	addi	a0,a5,0
  105038:	01068023          	sb	a6,0(a3) # 1000 <_start-0xff000>
  10503c:	00178793          	addi	a5,a5,1
  105040:	fcb51ee3          	bne	a0,a1,10501c <harvttp_main+0x24a8>
  105044:	08e12823          	sw	a4,144(sp)
  105048:	00000613          	addi	a2,zero,0
  10504c:	03812783          	lw	a5,56(sp)
  105050:	00060593          	addi	a1,a2,0
  105054:	00160613          	addi	a2,a2,1
  105058:	00c787b3          	add	a5,a5,a2
  10505c:	0007c783          	lbu	a5,0(a5)
  105060:	fe0796e3          	bne	a5,zero,10504c <harvttp_main+0x24d8>
  105064:	00c70633          	add	a2,a4,a2
  105068:	000017b7          	lui	a5,0x1
  10506c:	ecc7e4e3          	bltu	a5,a2,104f34 <harvttp_main+0x23c0>
  105070:	00000793          	addi	a5,zero,0
  105074:	03812683          	lw	a3,56(sp)
  105078:	00f68533          	add	a0,a3,a5
  10507c:	00054803          	lbu	a6,0(a0)
  105080:	015786b3          	add	a3,a5,s5
  105084:	00e686b3          	add	a3,a3,a4
  105088:	00dd06b3          	add	a3,s10,a3
  10508c:	00078513          	addi	a0,a5,0 # 1000 <_start-0xff000>
  105090:	01068023          	sb	a6,0(a3)
  105094:	00178793          	addi	a5,a5,1
  105098:	fca59ee3          	bne	a1,a0,105074 <harvttp_main+0x2500>
  10509c:	08c12823          	sw	a2,144(sp)
  1050a0:	00000693          	addi	a3,zero,0
  1050a4:	04812783          	lw	a5,72(sp)
  1050a8:	00068593          	addi	a1,a3,0
  1050ac:	00168693          	addi	a3,a3,1
  1050b0:	00d787b3          	add	a5,a5,a3
  1050b4:	0007c783          	lbu	a5,0(a5)
  1050b8:	fe0796e3          	bne	a5,zero,1050a4 <harvttp_main+0x2530>
  1050bc:	00d606b3          	add	a3,a2,a3
  1050c0:	000017b7          	lui	a5,0x1
  1050c4:	e6d7e8e3          	bltu	a5,a3,104f34 <harvttp_main+0x23c0>
  1050c8:	00000793          	addi	a5,zero,0
  1050cc:	04812703          	lw	a4,72(sp)
  1050d0:	00f70533          	add	a0,a4,a5
  1050d4:	00054803          	lbu	a6,0(a0)
  1050d8:	01578733          	add	a4,a5,s5
  1050dc:	00c70733          	add	a4,a4,a2
  1050e0:	00ed0733          	add	a4,s10,a4
  1050e4:	00078513          	addi	a0,a5,0 # 1000 <_start-0xff000>
  1050e8:	01070023          	sb	a6,0(a4)
  1050ec:	00178793          	addi	a5,a5,1
  1050f0:	fcb51ee3          	bne	a0,a1,1050cc <harvttp_main+0x2558>
  1050f4:	08d12823          	sw	a3,144(sp)
  1050f8:	00000713          	addi	a4,zero,0
  1050fc:	09410793          	addi	a5,sp,148
  105100:	00e787b3          	add	a5,a5,a4
  105104:	0007c783          	lbu	a5,0(a5)
  105108:	02078c63          	beq	a5,zero,105140 <harvttp_main+0x25cc>
  10510c:	00170713          	addi	a4,a4,1
  105110:	fedff06f          	jal	zero,1050fc <harvttp_main+0x2588>
  105114:	07412683          	lw	a3,116(sp)
  105118:	00040793          	addi	a5,s0,0
  10511c:	06800713          	addi	a4,zero,104
  105120:	e4fb0ce3          	beq	s6,a5,104f78 <harvttp_main+0x2404>
  105124:	0007c603          	lbu	a2,0(a5)
  105128:	00178793          	addi	a5,a5,1
  10512c:	e4e616e3          	bne	a2,a4,104f78 <harvttp_main+0x2404>
  105130:	0006c703          	lbu	a4,0(a3)
  105134:	00168693          	addi	a3,a3,1
  105138:	fe0714e3          	bne	a4,zero,105120 <harvttp_main+0x25ac>
  10513c:	eb1ff06f          	jal	zero,104fec <harvttp_main+0x2478>
  105140:	00e685b3          	add	a1,a3,a4
  105144:	000017b7          	lui	a5,0x1
  105148:	deb7e6e3          	bltu	a5,a1,104f34 <harvttp_main+0x23c0>
  10514c:	00000793          	addi	a5,zero,0
  105150:	09410613          	addi	a2,sp,148
  105154:	00f60533          	add	a0,a2,a5
  105158:	01578633          	add	a2,a5,s5
  10515c:	00d60633          	add	a2,a2,a3
  105160:	00cd0633          	add	a2,s10,a2
  105164:	00f70a63          	beq	a4,a5,105178 <harvttp_main+0x2604>
  105168:	00054503          	lbu	a0,0(a0)
  10516c:	00178793          	addi	a5,a5,1 # 1001 <_start-0xfefff>
  105170:	00a60023          	sb	a0,0(a2)
  105174:	fddff06f          	jal	zero,105150 <harvttp_main+0x25dc>
  105178:	08b12823          	sw	a1,144(sp)
  10517c:	00000793          	addi	a5,zero,0
  105180:	04c12703          	lw	a4,76(sp)
  105184:	00078613          	addi	a2,a5,0
  105188:	00178793          	addi	a5,a5,1
  10518c:	00f70733          	add	a4,a4,a5
  105190:	00074703          	lbu	a4,0(a4)
  105194:	fe0716e3          	bne	a4,zero,105180 <harvttp_main+0x260c>
  105198:	00f587b3          	add	a5,a1,a5
  10519c:	00001737          	lui	a4,0x1
  1051a0:	d8f76ae3          	bltu	a4,a5,104f34 <harvttp_main+0x23c0>
  1051a4:	00000713          	addi	a4,zero,0
  1051a8:	04c12683          	lw	a3,76(sp)
  1051ac:	00e68533          	add	a0,a3,a4
  1051b0:	00054803          	lbu	a6,0(a0)
  1051b4:	015706b3          	add	a3,a4,s5
  1051b8:	00b686b3          	add	a3,a3,a1
  1051bc:	00dd06b3          	add	a3,s10,a3
  1051c0:	00070513          	addi	a0,a4,0 # 1000 <_start-0xff000>
  1051c4:	01068023          	sb	a6,0(a3)
  1051c8:	00170713          	addi	a4,a4,1
  1051cc:	fca61ee3          	bne	a2,a0,1051a8 <harvttp_main+0x2634>
  1051d0:	00107737          	lui	a4,0x107
  1051d4:	04670613          	addi	a2,a4,70 # 107046 <g_ctx+0x46>
  1051d8:	00120737          	lui	a4,0x120
  1051dc:	09010593          	addi	a1,sp,144
  1051e0:	00870513          	addi	a0,a4,8 # 120008 <__global_pointer$+0x18808>
  1051e4:	08f12823          	sw	a5,144(sp)
  1051e8:	820fc0ef          	jal	ra,101208 <php_emit_ip.constprop.0>
  1051ec:	d40504e3          	beq	a0,zero,104f34 <harvttp_main+0x23c0>
  1051f0:	00000793          	addi	a5,zero,0
  1051f4:	05012703          	lw	a4,80(sp)
  1051f8:	00078613          	addi	a2,a5,0
  1051fc:	00178793          	addi	a5,a5,1
  105200:	00f70733          	add	a4,a4,a5
  105204:	00074703          	lbu	a4,0(a4)
  105208:	fe0716e3          	bne	a4,zero,1051f4 <harvttp_main+0x2680>
  10520c:	09012583          	lw	a1,144(sp)
  105210:	00001737          	lui	a4,0x1
  105214:	00b787b3          	add	a5,a5,a1
  105218:	d0f76ee3          	bltu	a4,a5,104f34 <harvttp_main+0x23c0>
  10521c:	00000713          	addi	a4,zero,0
  105220:	05012683          	lw	a3,80(sp)
  105224:	00e68533          	add	a0,a3,a4
  105228:	00054803          	lbu	a6,0(a0)
  10522c:	015706b3          	add	a3,a4,s5
  105230:	00b686b3          	add	a3,a3,a1
  105234:	00dd06b3          	add	a3,s10,a3
  105238:	00070513          	addi	a0,a4,0 # 1000 <_start-0xff000>
  10523c:	01068023          	sb	a6,0(a3)
  105240:	00170713          	addi	a4,a4,1
  105244:	fca61ee3          	bne	a2,a0,105220 <harvttp_main+0x26ac>
  105248:	08c12603          	lw	a2,140(sp)
  10524c:	00120737          	lui	a4,0x120
  105250:	09010593          	addi	a1,sp,144
  105254:	00870513          	addi	a0,a4,8 # 120008 <__global_pointer$+0x18808>
  105258:	08f12823          	sw	a5,144(sp)
  10525c:	fadfb0ef          	jal	ra,101208 <php_emit_ip.constprop.0>
  105260:	cc050ae3          	beq	a0,zero,104f34 <harvttp_main+0x23c0>
  105264:	00000793          	addi	a5,zero,0
  105268:	05412703          	lw	a4,84(sp)
  10526c:	00078613          	addi	a2,a5,0
  105270:	00178793          	addi	a5,a5,1
  105274:	00f70733          	add	a4,a4,a5
  105278:	00074703          	lbu	a4,0(a4)
  10527c:	fe0716e3          	bne	a4,zero,105268 <harvttp_main+0x26f4>
  105280:	09012583          	lw	a1,144(sp)
  105284:	00001737          	lui	a4,0x1
  105288:	00b787b3          	add	a5,a5,a1
  10528c:	caf764e3          	bltu	a4,a5,104f34 <harvttp_main+0x23c0>
  105290:	00000713          	addi	a4,zero,0
  105294:	05412683          	lw	a3,84(sp)
  105298:	00e68533          	add	a0,a3,a4
  10529c:	00054803          	lbu	a6,0(a0)
  1052a0:	015706b3          	add	a3,a4,s5
  1052a4:	00b686b3          	add	a3,a3,a1
  1052a8:	00dd06b3          	add	a3,s10,a3
  1052ac:	00070513          	addi	a0,a4,0 # 1000 <_start-0xff000>
  1052b0:	01068023          	sb	a6,0(a3)
  1052b4:	00170713          	addi	a4,a4,1
  1052b8:	fca61ee3          	bne	a2,a0,105294 <harvttp_main+0x2720>
  1052bc:	08f12823          	sw	a5,144(sp)
  1052c0:	07000793          	addi	a5,zero,112
  1052c4:	05697a63          	bgeu	s2,s6,105318 <harvttp_main+0x27a4>
  1052c8:	00094703          	lbu	a4,0(s2)
  1052cc:	00190913          	addi	s2,s2,1
  1052d0:	04f71463          	bne	a4,a5,105318 <harvttp_main+0x27a4>
  1052d4:	000cc783          	lbu	a5,0(s9)
  1052d8:	001c8c93          	addi	s9,s9,1
  1052dc:	fe0794e3          	bne	a5,zero,1052c4 <harvttp_main+0x2750>
  1052e0:	00900793          	addi	a5,zero,9
  1052e4:	00f40433          	add	s0,s0,a5
  1052e8:	cd6474e3          	bgeu	s0,s6,104fb0 <harvttp_main+0x243c>
  1052ec:	00044783          	lbu	a5,0(s0)
  1052f0:	02c12703          	lw	a4,44(sp)
  1052f4:	01700693          	addi	a3,zero,23
  1052f8:	ff778793          	addi	a5,a5,-9
  1052fc:	0ff7f793          	andi	a5,a5,255
  105300:	00f75733          	srl	a4,a4,a5
  105304:	00177713          	andi	a4,a4,1
  105308:	00f6ee63          	bltu	a3,a5,105324 <harvttp_main+0x27b0>
  10530c:	00070c63          	beq	a4,zero,105324 <harvttp_main+0x27b0>
  105310:	00140413          	addi	s0,s0,1
  105314:	fd5ff06f          	jal	zero,1052e8 <harvttp_main+0x2774>
  105318:	00e00793          	addi	a5,zero,14
  10531c:	00f40433          	add	s0,s0,a5
  105320:	fc9ff06f          	jal	zero,1052e8 <harvttp_main+0x2774>
  105324:	00044703          	lbu	a4,0(s0)
  105328:	03b00793          	addi	a5,zero,59
  10532c:	b2f71ae3          	bne	a4,a5,104e60 <harvttp_main+0x22ec>
  105330:	00140413          	addi	s0,s0,1
  105334:	b2dff06f          	jal	zero,104e60 <harvttp_main+0x22ec>

00105338 <__mulsi3>:
  105338:	00050613          	addi	a2,a0,0
  10533c:	00000513          	addi	a0,zero,0
  105340:	0015f693          	andi	a3,a1,1
  105344:	00068463          	beq	a3,zero,10534c <__mulsi3+0x14>
  105348:	00c50533          	add	a0,a0,a2
  10534c:	0015d593          	srli	a1,a1,0x1
  105350:	00161613          	slli	a2,a2,0x1
  105354:	fe0596e3          	bne	a1,zero,105340 <__mulsi3+0x8>
  105358:	00008067          	jalr	zero,0(ra)
