
=== harvos_elf_runtime.o ===

C:\Users\dennis\Documents\HarvOS\Template_MiSTer-master\build\supervisor\harvos_elf_runtime.o:     file format elf32-littleriscv


Disassembly of section .text:

00000000 <find_vaddr_file_offset>:
   0:	00559593          	slli	a1,a1,0x5
   4:	00b505b3          	add	a1,a0,a1
   8:	00100893          	addi	a7,zero,1
   c:	00d606b3          	add	a3,a2,a3

00000010 <.L2>:
  10:	00a59663          	bne	a1,a0,1c <.L5>
			10: R_RISCV_BRANCH	.L5
  14:	ffa00513          	addi	a0,zero,-6
  18:	00008067          	jalr	zero,0(ra)

0000001c <.L5>:
  1c:	00052783          	lw	a5,0(a0)
  20:	03179a63          	bne	a5,a7,54 <.L3>
			20: R_RISCV_BRANCH	.L3
  24:	00852803          	lw	a6,8(a0)
  28:	03066663          	bltu	a2,a6,54 <.L3>
			28: R_RISCV_BRANCH	.L3
  2c:	02c6e463          	bltu	a3,a2,54 <.L3>
			2c: R_RISCV_BRANCH	.L3
  30:	01052783          	lw	a5,16(a0)
  34:	00f807b3          	add	a5,a6,a5
  38:	00d7ee63          	bltu	a5,a3,54 <.L3>
			38: R_RISCV_BRANCH	.L3
  3c:	00452783          	lw	a5,4(a0)
  40:	00000513          	addi	a0,zero,0
  44:	410787b3          	sub	a5,a5,a6
  48:	00c78633          	add	a2,a5,a2
  4c:	00c72023          	sw	a2,0(a4)
  50:	00008067          	jalr	zero,0(ra)

00000054 <.L3>:
  54:	02050513          	addi	a0,a0,32
  58:	fb9ff06f          	jal	zero,10 <.L2>
			58: R_RISCV_JAL	.L2

0000005c <hvs_elf_load>:
  5c:	c6010113          	addi	sp,sp,-928
  60:	00452783          	lw	a5,4(a0)
  64:	37712e23          	sw	s7,892(sp)
  68:	00058b93          	addi	s7,a1,0
  6c:	38812c23          	sw	s0,920(sp)
  70:	38912a23          	sw	s1,916(sp)
  74:	39412423          	sw	s4,904(sp)
  78:	38112e23          	sw	ra,924(sp)
  7c:	39212823          	sw	s2,912(sp)
  80:	39312623          	sw	s3,908(sp)
  84:	39512223          	sw	s5,900(sp)
  88:	39612023          	sw	s6,896(sp)
  8c:	37812c23          	sw	s8,888(sp)
  90:	37912a23          	sw	s9,884(sp)
  94:	37a12823          	sw	s10,880(sp)
  98:	37b12623          	sw	s11,876(sp)
  9c:	00050493          	addi	s1,a0,0
  a0:	02012223          	sw	zero,36(sp)
  a4:	02010593          	addi	a1,sp,32
  a8:	000b8513          	addi	a0,s7,0
  ac:	00c12623          	sw	a2,12(sp)
  b0:	00068a13          	addi	s4,a3,0
  b4:	000780e7          	jalr	ra,0(a5)
  b8:	00050413          	addi	s0,a0,0
  bc:	00051a63          	bne	a0,zero,d0 <.L6>
			bc: R_RISCV_BRANCH	.L6
  c0:	02012703          	lw	a4,32(sp)
  c4:	03300793          	addi	a5,zero,51
  c8:	04e7e463          	bltu	a5,a4,110 <.L8>
			c8: R_RISCV_BRANCH	.L8

000000cc <.L9>:
  cc:	ffa00413          	addi	s0,zero,-6

000000d0 <.L6>:
  d0:	39c12083          	lw	ra,924(sp)
  d4:	00040513          	addi	a0,s0,0
  d8:	39812403          	lw	s0,920(sp)
  dc:	39412483          	lw	s1,916(sp)
  e0:	39012903          	lw	s2,912(sp)
  e4:	38c12983          	lw	s3,908(sp)
  e8:	38812a03          	lw	s4,904(sp)
  ec:	38412a83          	lw	s5,900(sp)
  f0:	38012b03          	lw	s6,896(sp)
  f4:	37c12b83          	lw	s7,892(sp)
  f8:	37812c03          	lw	s8,888(sp)
  fc:	37412c83          	lw	s9,884(sp)
 100:	37012d03          	lw	s10,880(sp)
 104:	36c12d83          	lw	s11,876(sp)
 108:	3a010113          	addi	sp,sp,928
 10c:	00008067          	jalr	zero,0(ra)

00000110 <.L8>:
 110:	0004a783          	lw	a5,0(s1)
 114:	03400693          	addi	a3,zero,52
 118:	02c10613          	addi	a2,sp,44
 11c:	00000593          	addi	a1,zero,0
 120:	000b8513          	addi	a0,s7,0
 124:	000780e7          	jalr	ra,0(a5)
 128:	00050413          	addi	s0,a0,0
 12c:	fa0512e3          	bne	a0,zero,d0 <.L6>
			12c: R_RISCV_BRANCH	.L6
 130:	02c12703          	lw	a4,44(sp)
 134:	464c47b7          	lui	a5,0x464c4
 138:	57f78793          	addi	a5,a5,1407 # 464c457f <.L51+0x464c3f23>
 13c:	02012903          	lw	s2,32(sp)
 140:	f8f716e3          	bne	a4,a5,cc <.L9>
			140: R_RISCV_BRANCH	.L9
 144:	03015703          	lhu	a4,48(sp)
 148:	10100793          	addi	a5,zero,257
 14c:	ffc00413          	addi	s0,zero,-4
 150:	f8f710e3          	bne	a4,a5,d0 <.L6>
			150: R_RISCV_BRANCH	.L6
 154:	03c15783          	lhu	a5,60(sp)
 158:	00100713          	addi	a4,zero,1
 15c:	ffe78793          	addi	a5,a5,-2
 160:	01079793          	slli	a5,a5,0x10
 164:	0107d793          	srli	a5,a5,0x10
 168:	f6f764e3          	bltu	a4,a5,d0 <.L6>
			168: R_RISCV_BRANCH	.L6
 16c:	03e15683          	lhu	a3,62(sp)
 170:	0f300793          	addi	a5,zero,243
 174:	f4f69ee3          	bne	a3,a5,d0 <.L6>
			174: R_RISCV_BRANCH	.L6
 178:	04012783          	lw	a5,64(sp)
 17c:	f4e798e3          	bne	a5,a4,cc <.L9>
			17c: R_RISCV_BRANCH	.L9
 180:	05412703          	lw	a4,84(sp)
 184:	002007b7          	lui	a5,0x200
 188:	03478793          	addi	a5,a5,52 # 200034 <.L51+0x1ff9d8>
 18c:	f4f710e3          	bne	a4,a5,cc <.L9>
			18c: R_RISCV_BRANCH	.L9
 190:	05815583          	lhu	a1,88(sp)
 194:	00f00713          	addi	a4,zero,15
 198:	fff58793          	addi	a5,a1,-1
 19c:	01079793          	slli	a5,a5,0x10
 1a0:	0107d793          	srli	a5,a5,0x10
 1a4:	f2f764e3          	bltu	a4,a5,cc <.L9>
			1a4: R_RISCV_BRANCH	.L9
 1a8:	05615503          	lhu	a0,86(sp)
 1ac:	04812403          	lw	s0,72(sp)
 1b0:	00000097          	auipc	ra,0x0
			1b0: R_RISCV_CALL	__mulsi3
			1b0: R_RISCV_RELAX	*ABS*
 1b4:	000080e7          	jalr	ra,0(ra) # 1b0 <.L8+0xa0>
 1b8:	00850533          	add	a0,a0,s0
 1bc:	f08568e3          	bltu	a0,s0,cc <.L9>
			1bc: R_RISCV_BRANCH	.L9
 1c0:	f0a966e3          	bltu	s2,a0,cc <.L9>
			1c0: R_RISCV_BRANCH	.L9
 1c4:	04412c83          	lw	s9,68(sp)
 1c8:	003cfc93          	andi	s9,s9,3
 1cc:	f00c90e3          	bne	s9,zero,cc <.L9>
			1cc: R_RISCV_BRANCH	.L9
 1d0:	16010993          	addi	s3,sp,352
 1d4:	00098913          	addi	s2,s3,0
 1d8:	00000c13          	addi	s8,zero,0
 1dc:	00000d13          	addi	s10,zero,0
 1e0:	00000d93          	addi	s11,zero,0
 1e4:	fff00b13          	addi	s6,zero,-1
 1e8:	00000a93          	addi	s5,zero,0

000001ec <.L15>:
 1ec:	05615503          	lhu	a0,86(sp)
 1f0:	000d0593          	addi	a1,s10,0
 1f4:	00000097          	auipc	ra,0x0
			1f4: R_RISCV_CALL	__mulsi3
			1f4: R_RISCV_RELAX	*ABS*
 1f8:	000080e7          	jalr	ra,0(ra) # 1f4 <.L15+0x8>
 1fc:	04812583          	lw	a1,72(sp)
 200:	0004a783          	lw	a5,0(s1)
 204:	02000693          	addi	a3,zero,32
 208:	00b505b3          	add	a1,a0,a1
 20c:	00090613          	addi	a2,s2,0
 210:	000b8513          	addi	a0,s7,0
 214:	000780e7          	jalr	ra,0(a5)
 218:	00050413          	addi	s0,a0,0
 21c:	ea051ae3          	bne	a0,zero,d0 <.L6>
			21c: R_RISCV_BRANCH	.L6
 220:	00092783          	lw	a5,0(s2)
 224:	00100893          	addi	a7,zero,1
 228:	00200313          	addi	t1,zero,2
 22c:	00300e13          	addi	t3,zero,3
 230:	0f179e63          	bne	a5,a7,32c <.L10>
			230: R_RISCV_BRANCH	.L10
 234:	01492783          	lw	a5,20(s2)
 238:	01092703          	lw	a4,16(s2)
 23c:	e8e7e8e3          	bltu	a5,a4,cc <.L9>
			23c: R_RISCV_BRANCH	.L9
 240:	00492683          	lw	a3,4(s2)
 244:	00d70733          	add	a4,a4,a3
 248:	e8d762e3          	bltu	a4,a3,cc <.L9>
			248: R_RISCV_BRANCH	.L9
 24c:	02012683          	lw	a3,32(sp)
 250:	e6e6eee3          	bltu	a3,a4,cc <.L9>
			250: R_RISCV_BRANCH	.L9
 254:	00892703          	lw	a4,8(s2)
 258:	00e787b3          	add	a5,a5,a4
 25c:	e6e7e8e3          	bltu	a5,a4,cc <.L9>
			25c: R_RISCV_BRANCH	.L9
 260:	36010613          	addi	a2,sp,864
 264:	005d1693          	slli	a3,s10,0x5
 268:	00d606b3          	add	a3,a2,a3
 26c:	e186a683          	lw	a3,-488(a3)
 270:	0036f613          	andi	a2,a3,3
 274:	3fc60463          	beq	a2,t3,65c <.L51>
			274: R_RISCV_BRANCH	.L51
 278:	01c92583          	lw	a1,28(s2)
 27c:	00b8f863          	bgeu	a7,a1,28c <.L11>
			27c: R_RISCV_BRANCH	.L11
 280:	fff58613          	addi	a2,a1,-1
 284:	00b67633          	and	a2,a2,a1
 288:	e40612e3          	bne	a2,zero,cc <.L9>
			288: R_RISCV_BRANCH	.L9

0000028c <.L11>:
 28c:	01677463          	bgeu	a4,s6,294 <.L12>
			28c: R_RISCV_BRANCH	.L12
 290:	00070b13          	addi	s6,a4,0

00000294 <.L12>:
 294:	00fc7463          	bgeu	s8,a5,29c <.L13>
			294: R_RISCV_BRANCH	.L13
 298:	00078c13          	addi	s8,a5,0

0000029c <.L13>:
 29c:	0016f693          	andi	a3,a3,1
 2a0:	00068a63          	beq	a3,zero,2b4 <.L14>
			2a0: R_RISCV_BRANCH	.L14
 2a4:	04412683          	lw	a3,68(sp)
 2a8:	00e6e663          	bltu	a3,a4,2b4 <.L14>
			2a8: R_RISCV_BRANCH	.L14
 2ac:	00f6f463          	bgeu	a3,a5,2b4 <.L14>
			2ac: R_RISCV_BRANCH	.L14
 2b0:	00100d93          	addi	s11,zero,1

000002b4 <.L14>:
 2b4:	05815783          	lhu	a5,88(sp)
 2b8:	001d0d13          	addi	s10,s10,1
 2bc:	02090913          	addi	s2,s2,32
 2c0:	f2fd66e3          	bltu	s10,a5,1ec <.L15>
			2c0: R_RISCV_BRANCH	.L15
 2c4:	e18b74e3          	bgeu	s6,s8,cc <.L9>
			2c4: R_RISCV_BRANCH	.L9
 2c8:	e00d82e3          	beq	s11,zero,cc <.L9>
			2c8: R_RISCV_BRANCH	.L9
 2cc:	03c15703          	lhu	a4,60(sp)
 2d0:	00300793          	addi	a5,zero,3
 2d4:	04f71263          	bne	a4,a5,318 <.L16>
			2d4: R_RISCV_BRANCH	.L16
 2d8:	00c4a783          	lw	a5,12(s1)
 2dc:	16078863          	beq	a5,zero,44c <.L52>
			2dc: R_RISCV_BRANCH	.L52
 2e0:	00001537          	lui	a0,0x1
 2e4:	fff50513          	addi	a0,a0,-1 # fff <.L51+0x9a3>
 2e8:	00ac0533          	add	a0,s8,a0
 2ec:	41650533          	sub	a0,a0,s6
 2f0:	fffff937          	lui	s2,0xfffff
 2f4:	02410613          	addi	a2,sp,36
 2f8:	000015b7          	lui	a1,0x1
 2fc:	01257533          	and	a0,a0,s2
 300:	000780e7          	jalr	ra,0(a5)
 304:	32051a63          	bne	a0,zero,638 <.L30>
			304: R_RISCV_BRANCH	.L30
 308:	02412783          	lw	a5,36(sp)
 30c:	012b7933          	and	s2,s6,s2
 310:	41278933          	sub	s2,a5,s2
 314:	03212223          	sw	s2,36(sp)

00000318 <.L16>:
 318:	000017b7          	lui	a5,0x1
 31c:	fff78793          	addi	a5,a5,-1 # fff <.L51+0x9a3>
 320:	00012823          	sw	zero,16(sp)
 324:	00f12c23          	sw	a5,24(sp)
 328:	1080006f          	jal	zero,430 <.L26>
			328: R_RISCV_JAL	.L26

0000032c <.L10>:
 32c:	f86794e3          	bne	a5,t1,2b4 <.L14>
			32c: R_RISCV_BRANCH	.L14
 330:	00090a93          	addi	s5,s2,0 # fffff000 <.L51+0xffffe9a4>
 334:	f81ff06f          	jal	zero,2b4 <.L14>
			334: R_RISCV_JAL	.L14

00000338 <.L27>:
 338:	0009a783          	lw	a5,0(s3)
 33c:	00100713          	addi	a4,zero,1
 340:	0ee79063          	bne	a5,a4,420 <.L25>
			340: R_RISCV_BRANCH	.L25
 344:	0149a783          	lw	a5,20(s3)
 348:	0c078c63          	beq	a5,zero,420 <.L25>
			348: R_RISCV_BRANCH	.L25
 34c:	0089a703          	lw	a4,8(s3)
 350:	fffff6b7          	lui	a3,0xfffff
 354:	02810613          	addi	a2,sp,40
 358:	00ed0733          	add	a4,s10,a4
 35c:	00d77d33          	and	s10,a4,a3
 360:	41a70733          	sub	a4,a4,s10
 364:	00e12a23          	sw	a4,20(sp)
 368:	01812703          	lw	a4,24(sp)
 36c:	000015b7          	lui	a1,0x1
 370:	00e78933          	add	s2,a5,a4
 374:	01412783          	lw	a5,20(sp)
 378:	00f90933          	add	s2,s2,a5
 37c:	0084a783          	lw	a5,8(s1)
 380:	00d97933          	and	s2,s2,a3
 384:	00090513          	addi	a0,s2,0
 388:	000780e7          	jalr	ra,0(a5)
 38c:	2a051663          	bne	a0,zero,638 <.L30>
			38c: R_RISCV_BRANCH	.L30
 390:	0244a783          	lw	a5,36(s1)
 394:	02812503          	lw	a0,40(sp)
 398:	00090593          	addi	a1,s2,0
 39c:	000780e7          	jalr	ra,0(a5)
 3a0:	0189a783          	lw	a5,24(s3)
 3a4:	0104a803          	lw	a6,16(s1)
 3a8:	02812603          	lw	a2,40(sp)
 3ac:	0047f693          	andi	a3,a5,4
 3b0:	05100713          	addi	a4,zero,81
 3b4:	00068463          	beq	a3,zero,3bc <.L19>
			3b4: R_RISCV_BRANCH	.L19
 3b8:	05300713          	addi	a4,zero,83

000003bc <.L19>:
 3bc:	0017f693          	andi	a3,a5,1
 3c0:	00068463          	beq	a3,zero,3c8 <.L20>
			3c0: R_RISCV_BRANCH	.L20
 3c4:	00876713          	ori	a4,a4,8

000003c8 <.L20>:
 3c8:	0027f793          	andi	a5,a5,2
 3cc:	00078463          	beq	a5,zero,3d4 <.L21>
			3cc: R_RISCV_BRANCH	.L21
 3d0:	08476713          	ori	a4,a4,132

000003d4 <.L21>:
 3d4:	00c12503          	lw	a0,12(sp)
 3d8:	00090693          	addi	a3,s2,0
 3dc:	000d0593          	addi	a1,s10,0
 3e0:	000800e7          	jalr	ra,0(a6)
 3e4:	24051a63          	bne	a0,zero,638 <.L30>
			3e4: R_RISCV_BRANCH	.L30
 3e8:	00000d93          	addi	s11,zero,0

000003ec <.L22>:
 3ec:	0109a683          	lw	a3,16(s3)
 3f0:	06dde263          	bltu	s11,a3,454 <.L24>
			3f0: R_RISCV_BRANCH	.L24
 3f4:	0284a783          	lw	a5,40(s1)
 3f8:	02812503          	lw	a0,40(sp)
 3fc:	00090593          	addi	a1,s2,0
 400:	000780e7          	jalr	ra,0(a5)
 404:	0189a783          	lw	a5,24(s3)
 408:	0017f793          	andi	a5,a5,1
 40c:	00078a63          	beq	a5,zero,420 <.L25>
			40c: R_RISCV_BRANCH	.L25
 410:	02c4a783          	lw	a5,44(s1)
 414:	00090593          	addi	a1,s2,0
 418:	000d0513          	addi	a0,s10,0
 41c:	000780e7          	jalr	ra,0(a5)

00000420 <.L25>:
 420:	01012783          	lw	a5,16(sp)
 424:	02098993          	addi	s3,s3,32
 428:	00178793          	addi	a5,a5,1
 42c:	00f12823          	sw	a5,16(sp)

00000430 <.L26>:
 430:	05815d83          	lhu	s11,88(sp)
 434:	01012783          	lw	a5,16(sp)
 438:	02412d03          	lw	s10,36(sp)
 43c:	efb7eee3          	bltu	a5,s11,338 <.L27>
			43c: R_RISCV_BRANCH	.L27
 440:	0e0a8a63          	beq	s5,zero,534 <.L28>
			440: R_RISCV_BRANCH	.L28
 444:	0144a783          	lw	a5,20(s1)
 448:	06079663          	bne	a5,zero,4b4 <.L29>
			448: R_RISCV_BRANCH	.L29

0000044c <.L52>:
 44c:	ffc00413          	addi	s0,zero,-4
 450:	c81ff06f          	jal	zero,d0 <.L6>
			450: R_RISCV_JAL	.L6

00000454 <.L24>:
 454:	41b686b3          	sub	a3,a3,s11
 458:	10000793          	addi	a5,zero,256
 45c:	00d7f463          	bgeu	a5,a3,464 <.L23>
			45c: R_RISCV_BRANCH	.L23
 460:	10000693          	addi	a3,zero,256

00000464 <.L23>:
 464:	0049a583          	lw	a1,4(s3)
 468:	0004a703          	lw	a4,0(s1)
 46c:	06010613          	addi	a2,sp,96
 470:	00bd85b3          	add	a1,s11,a1
 474:	000b8513          	addi	a0,s7,0
 478:	00d12e23          	sw	a3,28(sp)
 47c:	000700e7          	jalr	ra,0(a4)
 480:	1a051c63          	bne	a0,zero,638 <.L30>
			480: R_RISCV_BRANCH	.L30
 484:	02812503          	lw	a0,40(sp)
 488:	01412783          	lw	a5,20(sp)
 48c:	01c12683          	lw	a3,28(sp)
 490:	0204a703          	lw	a4,32(s1)
 494:	00a78533          	add	a0,a5,a0
 498:	00068613          	addi	a2,a3,0 # fffff000 <.L51+0xffffe9a4>
 49c:	01b50533          	add	a0,a0,s11
 4a0:	06010593          	addi	a1,sp,96
 4a4:	000700e7          	jalr	ra,0(a4)
 4a8:	01c12683          	lw	a3,28(sp)
 4ac:	00dd8db3          	add	s11,s11,a3
 4b0:	f3dff06f          	jal	zero,3ec <.L22>
			4b0: R_RISCV_JAL	.L22

000004b4 <.L29>:
 4b4:	010aa683          	lw	a3,16(s5)
 4b8:	008aa603          	lw	a2,8(s5)
 4bc:	02810713          	addi	a4,sp,40
 4c0:	000d8593          	addi	a1,s11,0
 4c4:	16010513          	addi	a0,sp,352
 4c8:	00000097          	auipc	ra,0x0
			4c8: R_RISCV_CALL	find_vaddr_file_offset
			4c8: R_RISCV_RELAX	*ABS*
 4cc:	000080e7          	jalr	ra,0(ra) # 4c8 <.L29+0x14>
 4d0:	16051463          	bne	a0,zero,638 <.L30>
			4d0: R_RISCV_BRANCH	.L30
 4d4:	010aa983          	lw	s3,16(s5)
 4d8:	02812783          	lw	a5,40(sp)
 4dc:	00000913          	addi	s2,zero,0
 4e0:	00c00713          	addi	a4,zero,12
 4e4:	00f989b3          	add	s3,s3,a5

000004e8 <.L31>:
 4e8:	02812583          	lw	a1,40(sp)
 4ec:	00858793          	addi	a5,a1,8 # 1008 <.L51+0x9ac>
 4f0:	06f9fe63          	bgeu	s3,a5,56c <.L38>
			4f0: R_RISCV_BRANCH	.L38

000004f4 <.L37>:
 4f4:	040c8063          	beq	s9,zero,534 <.L28>
			4f4: R_RISCV_BRANCH	.L28
 4f8:	02090e63          	beq	s2,zero,534 <.L28>
			4f8: R_RISCV_BRANCH	.L28
 4fc:	00c00793          	addi	a5,zero,12
 500:	f4f716e3          	bne	a4,a5,44c <.L52>
			500: R_RISCV_BRANCH	.L52
 504:	02810713          	addi	a4,sp,40
 508:	00090693          	addi	a3,s2,0
 50c:	000c8613          	addi	a2,s9,0
 510:	000d8593          	addi	a1,s11,0
 514:	16010513          	addi	a0,sp,352
 518:	00000097          	auipc	ra,0x0
			518: R_RISCV_CALL	find_vaddr_file_offset
			518: R_RISCV_RELAX	*ABS*
 51c:	000080e7          	jalr	ra,0(ra) # 518 <.L37+0x24>
 520:	10051c63          	bne	a0,zero,638 <.L30>
			520: R_RISCV_BRANCH	.L30
 524:	00b00d93          	addi	s11,zero,11
 528:	00300993          	addi	s3,zero,3
 52c:	00100c93          	addi	s9,zero,1

00000530 <.L42>:
 530:	0b2de063          	bltu	s11,s2,5d0 <.L47>
			530: R_RISCV_BRANCH	.L47

00000534 <.L28>:
 534:	02412783          	lw	a5,36(sp)
 538:	04412703          	lw	a4,68(sp)
 53c:	01503ab3          	sltu	s5,zero,s5
 540:	01678b33          	add	s6,a5,s6
 544:	00f70733          	add	a4,a4,a5
 548:	01878c33          	add	s8,a5,s8
 54c:	00fa2623          	sw	a5,12(s4)
 550:	00c12783          	lw	a5,12(sp)
 554:	00ea2023          	sw	a4,0(s4)
 558:	016a2223          	sw	s6,4(s4)
 55c:	018a2423          	sw	s8,8(s4)
 560:	00fa2823          	sw	a5,16(s4)
 564:	015a0a23          	sb	s5,20(s4)
 568:	b69ff06f          	jal	zero,d0 <.L6>
			568: R_RISCV_JAL	.L6

0000056c <.L38>:
 56c:	0004a783          	lw	a5,0(s1)
 570:	00800693          	addi	a3,zero,8
 574:	06010613          	addi	a2,sp,96
 578:	000b8513          	addi	a0,s7,0
 57c:	00e12823          	sw	a4,16(sp)
 580:	000780e7          	jalr	ra,0(a5)
 584:	0a051a63          	bne	a0,zero,638 <.L30>
			584: R_RISCV_BRANCH	.L30
 588:	02812783          	lw	a5,40(sp)
 58c:	01012703          	lw	a4,16(sp)
 590:	00878793          	addi	a5,a5,8
 594:	02f12423          	sw	a5,40(sp)
 598:	06012783          	lw	a5,96(sp)
 59c:	f4078ce3          	beq	a5,zero,4f4 <.L37>
			59c: R_RISCV_BRANCH	.L37
 5a0:	00700893          	addi	a7,zero,7
 5a4:	00900313          	addi	t1,zero,9
 5a8:	01179663          	bne	a5,a7,5b4 <.L34>
			5a8: R_RISCV_BRANCH	.L34
 5ac:	06412c83          	lw	s9,100(sp)
 5b0:	f39ff06f          	jal	zero,4e8 <.L31>
			5b0: R_RISCV_JAL	.L31

000005b4 <.L34>:
 5b4:	00800693          	addi	a3,zero,8
 5b8:	00d79663          	bne	a5,a3,5c4 <.L36>
			5b8: R_RISCV_BRANCH	.L36
 5bc:	06412903          	lw	s2,100(sp)
 5c0:	f29ff06f          	jal	zero,4e8 <.L31>
			5c0: R_RISCV_JAL	.L31

000005c4 <.L36>:
 5c4:	f26792e3          	bne	a5,t1,4e8 <.L31>
			5c4: R_RISCV_BRANCH	.L31
 5c8:	06412703          	lw	a4,100(sp)
 5cc:	f1dff06f          	jal	zero,4e8 <.L31>
			5cc: R_RISCV_JAL	.L31

000005d0 <.L47>:
 5d0:	0004a783          	lw	a5,0(s1)
 5d4:	02812583          	lw	a1,40(sp)
 5d8:	00c00693          	addi	a3,zero,12
 5dc:	06010613          	addi	a2,sp,96
 5e0:	000b8513          	addi	a0,s7,0
 5e4:	000780e7          	jalr	ra,0(a5)
 5e8:	04051863          	bne	a0,zero,638 <.L30>
			5e8: R_RISCV_BRANCH	.L30
 5ec:	06412783          	lw	a5,100(sp)
 5f0:	0ff7f713          	andi	a4,a5,255
 5f4:	00071c63          	bne	a4,zero,60c <.L44>
			5f4: R_RISCV_BRANCH	.L44

000005f8 <.L46>:
 5f8:	02812783          	lw	a5,40(sp)
 5fc:	ff490913          	addi	s2,s2,-12
 600:	00c78793          	addi	a5,a5,12
 604:	02f12423          	sw	a5,40(sp)
 608:	f29ff06f          	jal	zero,530 <.L42>
			608: R_RISCV_JAL	.L42

0000060c <.L44>:
 60c:	0087d793          	srli	a5,a5,0x8
 610:	03371863          	bne	a4,s3,640 <.L45>
			610: R_RISCV_BRANCH	.L45
 614:	04079063          	bne	a5,zero,654 <.L57>
			614: R_RISCV_BRANCH	.L57
 618:	06812603          	lw	a2,104(sp)
 61c:	0144a783          	lw	a5,20(s1)
 620:	00cd0633          	add	a2,s10,a2

00000624 <.L92>:
 624:	06012583          	lw	a1,96(sp)
 628:	00c12503          	lw	a0,12(sp)
 62c:	00bd05b3          	add	a1,s10,a1
 630:	000780e7          	jalr	ra,0(a5)
 634:	fc0502e3          	beq	a0,zero,5f8 <.L46>
			634: R_RISCV_BRANCH	.L46

00000638 <.L30>:
 638:	00050413          	addi	s0,a0,0
 63c:	a95ff06f          	jal	zero,d0 <.L6>
			63c: R_RISCV_JAL	.L6

00000640 <.L45>:
 640:	01971a63          	bne	a4,s9,654 <.L57>
			640: R_RISCV_BRANCH	.L57
 644:	00079863          	bne	a5,zero,654 <.L57>
			644: R_RISCV_BRANCH	.L57
 648:	0144a783          	lw	a5,20(s1)
 64c:	06812603          	lw	a2,104(sp)
 650:	fd5ff06f          	jal	zero,624 <.L92>
			650: R_RISCV_JAL	.L92

00000654 <.L57>:
 654:	ffc00513          	addi	a0,zero,-4
 658:	fe1ff06f          	jal	zero,638 <.L30>
			658: R_RISCV_JAL	.L30

0000065c <.L51>:
 65c:	ff800413          	addi	s0,zero,-8
 660:	a71ff06f          	jal	zero,d0 <.L6>
			660: R_RISCV_JAL	.L6
=== harvos_fs.o ===

C:\Users\dennis\Documents\HarvOS\Template_MiSTer-master\build\supervisor\harvos_fs.o:     file format elf32-littleriscv


Disassembly of section .text:

00000000 <le32>:
       0:	00154783          	lbu	a5,1(a0)
       4:	00054703          	lbu	a4,0(a0)
       8:	00879793          	slli	a5,a5,0x8
       c:	00e7e733          	or	a4,a5,a4
      10:	00254783          	lbu	a5,2(a0)
      14:	00354503          	lbu	a0,3(a0)
      18:	01079793          	slli	a5,a5,0x10
      1c:	00e7e7b3          	or	a5,a5,a4
      20:	01851513          	slli	a0,a0,0x18
      24:	00f56533          	or	a0,a0,a5
      28:	00008067          	jalr	zero,0(ra)

0000002c <zero>:
      2c:	00b505b3          	add	a1,a0,a1

00000030 <.L3>:
      30:	00b51463          	bne	a0,a1,38 <.L4>
			30: R_RISCV_BRANCH	.L4
      34:	00008067          	jalr	zero,0(ra)

00000038 <.L4>:
      38:	00150513          	addi	a0,a0,1
      3c:	fe050fa3          	sb	zero,-1(a0)
      40:	ff1ff06f          	jal	zero,30 <.L3>
			40: R_RISCV_JAL	.L3

00000044 <copy_str.part.0.constprop.0>:
      44:	00000793          	addi	a5,zero,0
      48:	03f00693          	addi	a3,zero,63

0000004c <.L6>:
      4c:	00f58733          	add	a4,a1,a5
      50:	00074703          	lbu	a4,0(a4)
      54:	00070a63          	beq	a4,zero,68 <.L7>
			54: R_RISCV_BRANCH	.L7
      58:	00f50633          	add	a2,a0,a5
      5c:	00e60023          	sb	a4,0(a2)
      60:	00178793          	addi	a5,a5,1
      64:	fed794e3          	bne	a5,a3,4c <.L6>
			64: R_RISCV_BRANCH	.L6

00000068 <.L7>:
      68:	00f50533          	add	a0,a0,a5
      6c:	00050023          	sb	zero,0(a0)
      70:	00008067          	jalr	zero,0(ra)

00000074 <cached_sector>:
      74:	fe010113          	addi	sp,sp,-32
      78:	00812c23          	sw	s0,24(sp)
      7c:	00912a23          	sw	s1,20(sp)
      80:	01212823          	sw	s2,16(sp)
      84:	01312623          	sw	s3,12(sp)
      88:	01412423          	sw	s4,8(sp)
      8c:	00112e23          	sw	ra,28(sp)
      90:	23854783          	lbu	a5,568(a0)
      94:	00050413          	addi	s0,a0,0
      98:	00058913          	addi	s2,a1,0
      9c:	00060493          	addi	s1,a2,0
      a0:	00068993          	addi	s3,a3,0
      a4:	02c50a13          	addi	s4,a0,44
      a8:	00078a63          	beq	a5,zero,bc <.L10>
			a8: R_RISCV_BRANCH	.L10
      ac:	23052783          	lw	a5,560(a0)
      b0:	00b79663          	bne	a5,a1,bc <.L10>
			b0: R_RISCV_BRANCH	.L10
      b4:	23452783          	lw	a5,564(a0)
      b8:	04c78463          	beq	a5,a2,100 <.L11>
			b8: R_RISCV_BRANCH	.L11

000000bc <.L10>:
      bc:	00042783          	lw	a5,0(s0)
      c0:	20000713          	addi	a4,zero,512
      c4:	ffc00513          	addi	a0,zero,-4
      c8:	0007a683          	lw	a3,0(a5)
      cc:	02e69e63          	bne	a3,a4,108 <.L9>
			cc: R_RISCV_BRANCH	.L9
      d0:	0147a803          	lw	a6,20(a5)
      d4:	000a0713          	addi	a4,s4,0
      d8:	00100693          	addi	a3,zero,1
      dc:	00090593          	addi	a1,s2,0
      e0:	00048613          	addi	a2,s1,0
      e4:	00078513          	addi	a0,a5,0
      e8:	000800e7          	jalr	ra,0(a6)
      ec:	00051e63          	bne	a0,zero,108 <.L9>
			ec: R_RISCV_BRANCH	.L9
      f0:	00100793          	addi	a5,zero,1
      f4:	23242823          	sw	s2,560(s0)
      f8:	22942a23          	sw	s1,564(s0)
      fc:	22f40c23          	sb	a5,568(s0)

00000100 <.L11>:
     100:	0149a023          	sw	s4,0(s3)
     104:	00000513          	addi	a0,zero,0

00000108 <.L9>:
     108:	01c12083          	lw	ra,28(sp)
     10c:	01812403          	lw	s0,24(sp)
     110:	01412483          	lw	s1,20(sp)
     114:	01012903          	lw	s2,16(sp)
     118:	00c12983          	lw	s3,12(sp)
     11c:	00812a03          	lw	s4,8(sp)
     120:	02010113          	addi	sp,sp,32
     124:	00008067          	jalr	zero,0(ra)

00000128 <next_cluster>:
     128:	00100813          	addi	a6,zero,1
     12c:	0eb87063          	bgeu	a6,a1,20c <.L24>
			12c: R_RISCV_BRANCH	.L24
     130:	fe010113          	addi	sp,sp,-32
     134:	00852783          	lw	a5,8(a0)
     138:	00912a23          	sw	s1,20(sp)
     13c:	00060493          	addi	s1,a2,0
     140:	01852603          	lw	a2,24(a0)
     144:	01e5d693          	srli	a3,a1,0x1e
     148:	00812c23          	sw	s0,24(sp)
     14c:	00259413          	slli	s0,a1,0x2
     150:	00c52583          	lw	a1,12(a0)
     154:	00f607b3          	add	a5,a2,a5
     158:	00c7b633          	sltu	a2,a5,a2
     15c:	00b60633          	add	a2,a2,a1
     160:	01769693          	slli	a3,a3,0x17
     164:	00945593          	srli	a1,s0,0x9
     168:	00b6e5b3          	or	a1,a3,a1
     16c:	00b785b3          	add	a1,a5,a1
     170:	00f5b7b3          	sltu	a5,a1,a5
     174:	00c78633          	add	a2,a5,a2
     178:	00452783          	lw	a5,4(a0)
     17c:	00112e23          	sw	ra,28(sp)
     180:	00c10693          	addi	a3,sp,12
     184:	05079e63          	bne	a5,a6,1e0 <.L21>
			184: R_RISCV_BRANCH	.L21
     188:	00000097          	auipc	ra,0x0
			188: R_RISCV_CALL	cached_sector
			188: R_RISCV_RELAX	*ABS*
     18c:	000080e7          	jalr	ra,0(ra) # 188 <next_cluster+0x60>
     190:	02051a63          	bne	a0,zero,1c4 <.L19>
			190: R_RISCV_BRANCH	.L19
     194:	00c12503          	lw	a0,12(sp)
     198:	1ff47413          	andi	s0,s0,511
     19c:	00850533          	add	a0,a0,s0
     1a0:	00000097          	auipc	ra,0x0
			1a0: R_RISCV_CALL	le32
			1a0: R_RISCV_RELAX	*ABS*
     1a4:	000080e7          	jalr	ra,0(ra) # 1a0 <next_cluster+0x78>
     1a8:	100007b7          	lui	a5,0x10000
     1ac:	fff78713          	addi	a4,a5,-1 # fffffff <.L215+0xfffef0f>
     1b0:	00e57533          	and	a0,a0,a4
     1b4:	00a4a023          	sw	a0,0(s1)
     1b8:	ff778793          	addi	a5,a5,-9

000001bc <.L30>:
     1bc:	00a7ee63          	bltu	a5,a0,1d8 <.L22>
			1bc: R_RISCV_BRANCH	.L22

000001c0 <.L31>:
     1c0:	00000513          	addi	a0,zero,0

000001c4 <.L19>:
     1c4:	01c12083          	lw	ra,28(sp)
     1c8:	01812403          	lw	s0,24(sp)
     1cc:	01412483          	lw	s1,20(sp)
     1d0:	02010113          	addi	sp,sp,32
     1d4:	00008067          	jalr	zero,0(ra)

000001d8 <.L22>:
     1d8:	0004a023          	sw	zero,0(s1)
     1dc:	fe5ff06f          	jal	zero,1c0 <.L31>
			1dc: R_RISCV_JAL	.L31

000001e0 <.L21>:
     1e0:	00000097          	auipc	ra,0x0
			1e0: R_RISCV_CALL	cached_sector
			1e0: R_RISCV_RELAX	*ABS*
     1e4:	000080e7          	jalr	ra,0(ra) # 1e0 <.L21>
     1e8:	fc051ee3          	bne	a0,zero,1c4 <.L19>
			1e8: R_RISCV_BRANCH	.L19
     1ec:	00c12503          	lw	a0,12(sp)
     1f0:	1ff47413          	andi	s0,s0,511
     1f4:	00850533          	add	a0,a0,s0
     1f8:	00000097          	auipc	ra,0x0
			1f8: R_RISCV_CALL	le32
			1f8: R_RISCV_RELAX	*ABS*
     1fc:	000080e7          	jalr	ra,0(ra) # 1f8 <.L21+0x18>
     200:	00a4a023          	sw	a0,0(s1)
     204:	ff700793          	addi	a5,zero,-9
     208:	fb5ff06f          	jal	zero,1bc <.L30>
			208: R_RISCV_JAL	.L30

0000020c <.L24>:
     20c:	ffa00513          	addi	a0,zero,-6
     210:	00008067          	jalr	zero,0(ra)

00000214 <fat32_read_dir_index>:
     214:	f8010113          	addi	sp,sp,-128
     218:	07412423          	sw	s4,104(sp)
     21c:	07512223          	sw	s5,100(sp)
     220:	00000a37          	lui	s4,0x0
			220: R_RISCV_HI20	.LANCHOR0
			220: R_RISCV_RELAX	*ABS*
     224:	00010ab7          	lui	s5,0x10
     228:	06912a23          	sw	s1,116(sp)
     22c:	07312623          	sw	s3,108(sp)
     230:	07612023          	sw	s6,96(sp)
     234:	05812c23          	sw	s8,88(sp)
     238:	06112e23          	sw	ra,124(sp)
     23c:	06812c23          	sw	s0,120(sp)
     240:	07212823          	sw	s2,112(sp)
     244:	05712e23          	sw	s7,92(sp)
     248:	00050b13          	addi	s6,a0,0
     24c:	00060993          	addi	s3,a2,0
     250:	00068493          	addi	s1,a3,0
     254:	00b12423          	sw	a1,8(sp)
     258:	00010823          	sb	zero,16(sp)
     25c:	00000c13          	addi	s8,zero,0
     260:	000a0a13          	addi	s4,s4,0 # 0 <le32>
			260: R_RISCV_LO12_I	.LANCHOR0
			260: R_RISCV_RELAX	*ABS*
     264:	ffda8a93          	addi	s5,s5,-3 # fffd <.L215+0xef0d>

00000268 <.L33>:
     268:	00812783          	lw	a5,8(sp)
     26c:	2a079063          	bne	a5,zero,50c <.L58>
			26c: R_RISCV_BRANCH	.L58

00000270 <.L62>:
     270:	ffd00913          	addi	s2,zero,-3
     274:	1e00006f          	jal	zero,454 <.L32>
			274: R_RISCV_JAL	.L32

00000278 <.L55>:
     278:	ffe50513          	addi	a0,a0,-2
     27c:	00000097          	auipc	ra,0x0
			27c: R_RISCV_CALL	__mulsi3
			27c: R_RISCV_RELAX	*ABS*
     280:	000080e7          	jalr	ra,0(ra) # 27c <.L55+0x4>
     284:	020b2603          	lw	a2,32(s6)
     288:	008b2783          	lw	a5,8(s6)
     28c:	00c10693          	addi	a3,sp,12
     290:	00c50633          	add	a2,a0,a2
     294:	00cb2503          	lw	a0,12(s6)
     298:	00f607b3          	add	a5,a2,a5
     29c:	00c7b633          	sltu	a2,a5,a2
     2a0:	017785b3          	add	a1,a5,s7
     2a4:	00a60633          	add	a2,a2,a0
     2a8:	00f5b7b3          	sltu	a5,a1,a5
     2ac:	00c78633          	add	a2,a5,a2
     2b0:	000b0513          	addi	a0,s6,0
     2b4:	00000097          	auipc	ra,0x0
			2b4: R_RISCV_CALL	cached_sector
			2b4: R_RISCV_RELAX	*ABS*
     2b8:	000080e7          	jalr	ra,0(ra) # 2b4 <.L55+0x3c>
     2bc:	00050913          	addi	s2,a0,0
     2c0:	18051a63          	bne	a0,zero,454 <.L32>
			2c0: R_RISCV_BRANCH	.L32
     2c4:	00c12403          	lw	s0,12(sp)
     2c8:	0e500513          	addi	a0,zero,229
     2cc:	00f00813          	addi	a6,zero,15
     2d0:	20040593          	addi	a1,s0,512
     2d4:	03f00613          	addi	a2,zero,63
     2d8:	07f00893          	addi	a7,zero,127
     2dc:	00d00313          	addi	t1,zero,13

000002e0 <.L52>:
     2e0:	00044703          	lbu	a4,0(s0)
     2e4:	f80706e3          	beq	a4,zero,270 <.L62>
			2e4: R_RISCV_BRANCH	.L62
     2e8:	00a71663          	bne	a4,a0,2f4 <.L35>
			2e8: R_RISCV_BRANCH	.L35

000002ec <.L61>:
     2ec:	00010823          	sb	zero,16(sp)
     2f0:	0700006f          	jal	zero,360 <.L36>
			2f0: R_RISCV_JAL	.L36

000002f4 <.L35>:
     2f4:	00b44783          	lbu	a5,11(s0)
     2f8:	0d079a63          	bne	a5,a6,3cc <.L37>
			2f8: R_RISCV_BRANCH	.L37
     2fc:	01f77713          	andi	a4,a4,31
     300:	00171793          	slli	a5,a4,0x1
     304:	00e787b3          	add	a5,a5,a4
     308:	00279793          	slli	a5,a5,0x2
     30c:	00e787b3          	add	a5,a5,a4
     310:	ff378713          	addi	a4,a5,-13
     314:	00070f13          	addi	t5,a4,0
     318:	00000793          	addi	a5,zero,0

0000031c <.L38>:
     31c:	000f0e13          	addi	t3,t5,0
     320:	001f0f13          	addi	t5,t5,1
     324:	09e66863          	bltu	a2,t5,3b4 <.L41>
			324: R_RISCV_BRANCH	.L41
     328:	00fa06b3          	add	a3,s4,a5
     32c:	0006ce83          	lbu	t4,0(a3)
     330:	01d40eb3          	add	t4,s0,t4
     334:	001ec683          	lbu	a3,1(t4)
     338:	000ecf83          	lbu	t6,0(t4)
     33c:	00869693          	slli	a3,a3,0x8
     340:	01f6e6b3          	or	a3,a3,t6
     344:	fff68e93          	addi	t4,a3,-1
     348:	010e9e93          	slli	t4,t4,0x10
     34c:	010ede93          	srli	t4,t4,0x10
     350:	05daf463          	bgeu	s5,t4,398 <.L39>
			350: R_RISCV_BRANCH	.L39
     354:	05010793          	addi	a5,sp,80
     358:	01c78e33          	add	t3,a5,t3
     35c:	fc0e0023          	sb	zero,-64(t3)

00000360 <.L36>:
     360:	02040413          	addi	s0,s0,32
     364:	f6859ee3          	bne	a1,s0,2e0 <.L52>
			364: R_RISCV_BRANCH	.L52
     368:	001b8b93          	addi	s7,s7,1

0000036c <.L53>:
     36c:	014b2583          	lw	a1,20(s6)
     370:	00812503          	lw	a0,8(sp)
     374:	f0bbe2e3          	bltu	s7,a1,278 <.L55>
			374: R_RISCV_BRANCH	.L55
     378:	00050593          	addi	a1,a0,0
     37c:	00810613          	addi	a2,sp,8
     380:	000b0513          	addi	a0,s6,0
     384:	00000097          	auipc	ra,0x0
			384: R_RISCV_CALL	next_cluster
			384: R_RISCV_RELAX	*ABS*
     388:	000080e7          	jalr	ra,0(ra) # 384 <.L53+0x18>
     38c:	00050913          	addi	s2,a0,0
     390:	ec050ce3          	beq	a0,zero,268 <.L33>
			390: R_RISCV_BRANCH	.L33
     394:	0c00006f          	jal	zero,454 <.L32>
			394: R_RISCV_JAL	.L32

00000398 <.L39>:
     398:	00d8f463          	bgeu	a7,a3,3a0 <.L40>
			398: R_RISCV_BRANCH	.L40
     39c:	03f00693          	addi	a3,zero,63

000003a0 <.L40>:
     3a0:	01010e93          	addi	t4,sp,16
     3a4:	01ce8e33          	add	t3,t4,t3
     3a8:	00de0023          	sb	a3,0(t3)
     3ac:	00178793          	addi	a5,a5,1
     3b0:	f66796e3          	bne	a5,t1,31c <.L38>
			3b0: R_RISCV_BRANCH	.L38

000003b4 <.L41>:
     3b4:	00e787b3          	add	a5,a5,a4
     3b8:	faf664e3          	bltu	a2,a5,360 <.L36>
			3b8: R_RISCV_BRANCH	.L36
     3bc:	05010713          	addi	a4,sp,80
     3c0:	00f707b3          	add	a5,a4,a5
     3c4:	fc078023          	sb	zero,-64(a5)
     3c8:	f99ff06f          	jal	zero,360 <.L36>
			3c8: R_RISCV_JAL	.L36

000003cc <.L37>:
     3cc:	0087f793          	andi	a5,a5,8
     3d0:	f0079ee3          	bne	a5,zero,2ec <.L61>
			3d0: R_RISCV_BRANCH	.L61
     3d4:	13899863          	bne	s3,s8,504 <.L44>
			3d4: R_RISCV_BRANCH	.L44
     3d8:	05800593          	addi	a1,zero,88
     3dc:	00048513          	addi	a0,s1,0
     3e0:	00000097          	auipc	ra,0x0
			3e0: R_RISCV_CALL	zero
			3e0: R_RISCV_RELAX	*ABS*
     3e4:	000080e7          	jalr	ra,0(ra) # 3e0 <.L37+0x14>
     3e8:	01014783          	lbu	a5,16(sp)
     3ec:	08078e63          	beq	a5,zero,488 <.L57>
			3ec: R_RISCV_BRANCH	.L57
     3f0:	01010593          	addi	a1,sp,16
     3f4:	00048513          	addi	a0,s1,0
     3f8:	00000097          	auipc	ra,0x0
			3f8: R_RISCV_CALL	copy_str.part.0.constprop.0
			3f8: R_RISCV_RELAX	*ABS*
     3fc:	000080e7          	jalr	ra,0(ra) # 3f8 <.L37+0x2c>

00000400 <.L46>:
     400:	00b44783          	lbu	a5,11(s0)
     404:	01c40513          	addi	a0,s0,28
     408:	0047d793          	srli	a5,a5,0x4
     40c:	0017f793          	andi	a5,a5,1
     410:	04f48023          	sb	a5,64(s1)
     414:	00000097          	auipc	ra,0x0
			414: R_RISCV_CALL	le32
			414: R_RISCV_RELAX	*ABS*
     418:	000080e7          	jalr	ra,0(ra) # 414 <.L46+0x14>
     41c:	04a4a423          	sw	a0,72(s1)
     420:	0404a623          	sw	zero,76(s1)
     424:	01544783          	lbu	a5,21(s0)
     428:	01444703          	lbu	a4,20(s0)
     42c:	01a44683          	lbu	a3,26(s0)
     430:	00879793          	slli	a5,a5,0x8
     434:	00e7e7b3          	or	a5,a5,a4
     438:	01b44703          	lbu	a4,27(s0)
     43c:	01079793          	slli	a5,a5,0x10
     440:	04048a23          	sb	zero,84(s1)
     444:	00871713          	slli	a4,a4,0x8
     448:	00d76733          	or	a4,a4,a3
     44c:	00e7e7b3          	or	a5,a5,a4
     450:	04f4a823          	sw	a5,80(s1)

00000454 <.L32>:
     454:	07c12083          	lw	ra,124(sp)
     458:	07812403          	lw	s0,120(sp)
     45c:	07412483          	lw	s1,116(sp)
     460:	06c12983          	lw	s3,108(sp)
     464:	06812a03          	lw	s4,104(sp)
     468:	06412a83          	lw	s5,100(sp)
     46c:	06012b03          	lw	s6,96(sp)
     470:	05c12b83          	lw	s7,92(sp)
     474:	05812c03          	lw	s8,88(sp)
     478:	00090513          	addi	a0,s2,0
     47c:	07012903          	lw	s2,112(sp)
     480:	08010113          	addi	sp,sp,128
     484:	00008067          	jalr	zero,0(ra)

00000488 <.L57>:
     488:	00000793          	addi	a5,zero,0
     48c:	02000693          	addi	a3,zero,32
     490:	00800613          	addi	a2,zero,8

00000494 <.L45>:
     494:	00f40733          	add	a4,s0,a5
     498:	00074703          	lbu	a4,0(a4)
     49c:	00d70a63          	beq	a4,a3,4b0 <.L47>
			49c: R_RISCV_BRANCH	.L47
     4a0:	00f485b3          	add	a1,s1,a5
     4a4:	00e58023          	sb	a4,0(a1)
     4a8:	00178793          	addi	a5,a5,1
     4ac:	fec794e3          	bne	a5,a2,494 <.L45>
			4ac: R_RISCV_BRANCH	.L45

000004b0 <.L47>:
     4b0:	00844683          	lbu	a3,8(s0)
     4b4:	02000713          	addi	a4,zero,32
     4b8:	04e68063          	beq	a3,a4,4f8 <.L49>
			4b8: R_RISCV_BRANCH	.L49
     4bc:	00f48733          	add	a4,s1,a5
     4c0:	02e00693          	addi	a3,zero,46
     4c4:	00d70023          	sb	a3,0(a4)
     4c8:	00178793          	addi	a5,a5,1
     4cc:	00800713          	addi	a4,zero,8
     4d0:	02000613          	addi	a2,zero,32
     4d4:	00b00593          	addi	a1,zero,11

000004d8 <.L50>:
     4d8:	00e406b3          	add	a3,s0,a4
     4dc:	0006c683          	lbu	a3,0(a3)
     4e0:	00c68c63          	beq	a3,a2,4f8 <.L49>
			4e0: R_RISCV_BRANCH	.L49
     4e4:	00178793          	addi	a5,a5,1
     4e8:	00f48533          	add	a0,s1,a5
     4ec:	fed50fa3          	sb	a3,-1(a0)
     4f0:	00170713          	addi	a4,a4,1
     4f4:	feb712e3          	bne	a4,a1,4d8 <.L50>
			4f4: R_RISCV_BRANCH	.L50

000004f8 <.L49>:
     4f8:	00f487b3          	add	a5,s1,a5
     4fc:	00078023          	sb	zero,0(a5)
     500:	f01ff06f          	jal	zero,400 <.L46>
			500: R_RISCV_JAL	.L46

00000504 <.L44>:
     504:	001c0c13          	addi	s8,s8,1
     508:	de5ff06f          	jal	zero,2ec <.L61>
			508: R_RISCV_JAL	.L61

0000050c <.L58>:
     50c:	00000b93          	addi	s7,zero,0
     510:	e5dff06f          	jal	zero,36c <.L53>
			510: R_RISCV_JAL	.L53

00000514 <exfat_read_dir_index>:
     514:	f4010113          	addi	sp,sp,-192
     518:	0a912a23          	sw	s1,180(sp)
     51c:	0b212823          	sw	s2,176(sp)
     520:	0b312623          	sw	s3,172(sp)
     524:	0b412423          	sw	s4,168(sp)
     528:	0b512223          	sw	s5,164(sp)
     52c:	0b612023          	sw	s6,160(sp)
     530:	09712e23          	sw	s7,156(sp)
     534:	09812c23          	sw	s8,152(sp)
     538:	09a12823          	sw	s10,144(sp)
     53c:	0a112e23          	sw	ra,188(sp)
     540:	0a812c23          	sw	s0,184(sp)
     544:	09912a23          	sw	s9,148(sp)
     548:	00050993          	addi	s3,a0,0
     54c:	00060a13          	addi	s4,a2,0
     550:	00068913          	addi	s2,a3,0
     554:	00b12423          	sw	a1,8(sp)
     558:	04010823          	sb	zero,80(sp)
     55c:	00000493          	addi	s1,zero,0
     560:	00000c13          	addi	s8,zero,0
     564:	00000b93          	addi	s7,zero,0
     568:	00000d13          	addi	s10,zero,0
     56c:	03f00a93          	addi	s5,zero,63
     570:	07f00b13          	addi	s6,zero,127

00000574 <.L64>:
     574:	00812783          	lw	a5,8(sp)
     578:	26079863          	bne	a5,zero,7e8 <.L85>
			578: R_RISCV_BRANCH	.L85

0000057c <.L99>:
     57c:	ffd00413          	addi	s0,zero,-3
     580:	1c40006f          	jal	zero,744 <.L63>
			580: R_RISCV_JAL	.L63

00000584 <.L79>:
     584:	ffe50513          	addi	a0,a0,-2
     588:	00000097          	auipc	ra,0x0
			588: R_RISCV_CALL	__mulsi3
			588: R_RISCV_RELAX	*ABS*
     58c:	000080e7          	jalr	ra,0(ra) # 588 <.L79+0x4>
     590:	0209a603          	lw	a2,32(s3)
     594:	00c9a783          	lw	a5,12(s3)
     598:	00c10693          	addi	a3,sp,12
     59c:	00c50533          	add	a0,a0,a2
     5a0:	0089a603          	lw	a2,8(s3)
     5a4:	00c50633          	add	a2,a0,a2
     5a8:	00a63533          	sltu	a0,a2,a0
     5ac:	019605b3          	add	a1,a2,s9
     5b0:	00f50533          	add	a0,a0,a5
     5b4:	00c5b633          	sltu	a2,a1,a2
     5b8:	00a60633          	add	a2,a2,a0
     5bc:	00098513          	addi	a0,s3,0
     5c0:	00000097          	auipc	ra,0x0
			5c0: R_RISCV_CALL	cached_sector
			5c0: R_RISCV_RELAX	*ABS*
     5c4:	000080e7          	jalr	ra,0(ra) # 5c0 <.L79+0x3c>
     5c8:	00050413          	addi	s0,a0,0
     5cc:	16051c63          	bne	a0,zero,744 <.L63>
			5cc: R_RISCV_BRANCH	.L63
     5d0:	00c12783          	lw	a5,12(sp)
     5d4:	08500893          	addi	a7,zero,133
     5d8:	0c000313          	addi	t1,zero,192
     5dc:	20078813          	addi	a6,a5,512
     5e0:	0c100e13          	addi	t3,zero,193
     5e4:	02000513          	addi	a0,zero,32

000005e8 <.L76>:
     5e8:	0007c703          	lbu	a4,0(a5)
     5ec:	f80708e3          	beq	a4,zero,57c <.L99>
			5ec: R_RISCV_BRANCH	.L99
     5f0:	07171663          	bne	a4,a7,65c <.L66>
			5f0: R_RISCV_BRANCH	.L66
     5f4:	00000713          	addi	a4,zero,0

000005f8 <.L67>:
     5f8:	00e78633          	add	a2,a5,a4
     5fc:	00064603          	lbu	a2,0(a2)
     600:	01010693          	addi	a3,sp,16
     604:	00e686b3          	add	a3,a3,a4
     608:	00c68023          	sb	a2,0(a3)
     60c:	00170713          	addi	a4,a4,1
     610:	fea714e3          	bne	a4,a0,5f8 <.L67>
			610: R_RISCV_BRANCH	.L67
     614:	04010823          	sb	zero,80(sp)
     618:	00000493          	addi	s1,zero,0
     61c:	00000c13          	addi	s8,zero,0
     620:	00100b93          	addi	s7,zero,1

00000624 <.L68>:
     624:	02078793          	addi	a5,a5,32
     628:	fcf810e3          	bne	a6,a5,5e8 <.L76>
			628: R_RISCV_BRANCH	.L76
     62c:	001c8c93          	addi	s9,s9,1

00000630 <.L77>:
     630:	0149a583          	lw	a1,20(s3)
     634:	00812503          	lw	a0,8(sp)
     638:	f4bce6e3          	bltu	s9,a1,584 <.L79>
			638: R_RISCV_BRANCH	.L79
     63c:	00050593          	addi	a1,a0,0
     640:	00810613          	addi	a2,sp,8
     644:	00098513          	addi	a0,s3,0
     648:	00000097          	auipc	ra,0x0
			648: R_RISCV_CALL	next_cluster
			648: R_RISCV_RELAX	*ABS*
     64c:	000080e7          	jalr	ra,0(ra) # 648 <.L77+0x18>
     650:	00050413          	addi	s0,a0,0
     654:	f20500e3          	beq	a0,zero,574 <.L64>
			654: R_RISCV_BRANCH	.L64
     658:	0ec0006f          	jal	zero,744 <.L63>
			658: R_RISCV_JAL	.L63

0000065c <.L66>:
     65c:	fc0b84e3          	beq	s7,zero,624 <.L68>
			65c: R_RISCV_BRANCH	.L68
     660:	02671663          	bne	a4,t1,68c <.L69>
			660: R_RISCV_BRANCH	.L69
     664:	00000713          	addi	a4,zero,0

00000668 <.L70>:
     668:	00e786b3          	add	a3,a5,a4
     66c:	0006c603          	lbu	a2,0(a3)
     670:	03010693          	addi	a3,sp,48
     674:	00e686b3          	add	a3,a3,a4
     678:	00c68023          	sb	a2,0(a3)
     67c:	00170713          	addi	a4,a4,1
     680:	fea714e3          	bne	a4,a0,668 <.L70>
			680: R_RISCV_BRANCH	.L70
     684:	000b8c13          	addi	s8,s7,0
     688:	f9dff06f          	jal	zero,624 <.L68>
			688: R_RISCV_JAL	.L68

0000068c <.L69>:
     68c:	f80c0ce3          	beq	s8,zero,624 <.L68>
			68c: R_RISCV_BRANCH	.L68
     690:	000c0b93          	addi	s7,s8,0
     694:	f9c718e3          	bne	a4,t3,624 <.L68>
			694: R_RISCV_BRANCH	.L68
     698:	00f48613          	addi	a2,s1,15
     69c:	00278593          	addi	a1,a5,2
     6a0:	0ff67613          	andi	a2,a2,255

000006a4 <.L71>:
     6a4:	00148693          	addi	a3,s1,1
     6a8:	0cdafc63          	bgeu	s5,a3,780 <.L74>
			6a8: R_RISCV_BRANCH	.L74

000006ac <.L72>:
     6ac:	09010713          	addi	a4,sp,144
     6b0:	00970733          	add	a4,a4,s1
     6b4:	fc070023          	sb	zero,-64(a4)
     6b8:	03314703          	lbu	a4,51(sp)
     6bc:	10e4ee63          	bltu	s1,a4,7d8 <.L83>
			6bc: R_RISCV_BRANCH	.L83
     6c0:	11aa1263          	bne	s4,s10,7c4 <.L75>
			6c0: R_RISCV_BRANCH	.L75
     6c4:	03014703          	lbu	a4,48(sp)
     6c8:	0c000793          	addi	a5,zero,192
     6cc:	10f71a63          	bne	a4,a5,7e0 <.L84>
			6cc: R_RISCV_BRANCH	.L84
     6d0:	05800593          	addi	a1,zero,88
     6d4:	00090513          	addi	a0,s2,0
     6d8:	00000097          	auipc	ra,0x0
			6d8: R_RISCV_CALL	zero
			6d8: R_RISCV_RELAX	*ABS*
     6dc:	000080e7          	jalr	ra,0(ra) # 6d8 <.L72+0x2c>
     6e0:	05010593          	addi	a1,sp,80
     6e4:	00090513          	addi	a0,s2,0
     6e8:	00000097          	auipc	ra,0x0
			6e8: R_RISCV_CALL	copy_str.part.0.constprop.0
			6e8: R_RISCV_RELAX	*ABS*
     6ec:	000080e7          	jalr	ra,0(ra) # 6e8 <.L72+0x3c>
     6f0:	01415783          	lhu	a5,20(sp)
     6f4:	04810513          	addi	a0,sp,72
     6f8:	0047d793          	srli	a5,a5,0x4
     6fc:	0017f793          	andi	a5,a5,1
     700:	04f90023          	sb	a5,64(s2)
     704:	00000097          	auipc	ra,0x0
			704: R_RISCV_CALL	le32
			704: R_RISCV_RELAX	*ABS*
     708:	000080e7          	jalr	ra,0(ra) # 704 <.L72+0x58>
     70c:	00050493          	addi	s1,a0,0
     710:	04c10513          	addi	a0,sp,76
     714:	00000097          	auipc	ra,0x0
			714: R_RISCV_CALL	le32
			714: R_RISCV_RELAX	*ABS*
     718:	000080e7          	jalr	ra,0(ra) # 714 <.L72+0x68>
     71c:	04a92623          	sw	a0,76(s2)
     720:	04992423          	sw	s1,72(s2)
     724:	04410513          	addi	a0,sp,68
     728:	00000097          	auipc	ra,0x0
			728: R_RISCV_CALL	le32
			728: R_RISCV_RELAX	*ABS*
     72c:	000080e7          	jalr	ra,0(ra) # 728 <.L72+0x7c>
     730:	03114783          	lbu	a5,49(sp)
     734:	04a92823          	sw	a0,80(s2)
     738:	0017d793          	srli	a5,a5,0x1
     73c:	0017f793          	andi	a5,a5,1
     740:	04f90a23          	sb	a5,84(s2)

00000744 <.L63>:
     744:	0bc12083          	lw	ra,188(sp)
     748:	00040513          	addi	a0,s0,0
     74c:	0b812403          	lw	s0,184(sp)
     750:	0b412483          	lw	s1,180(sp)
     754:	0b012903          	lw	s2,176(sp)
     758:	0ac12983          	lw	s3,172(sp)
     75c:	0a812a03          	lw	s4,168(sp)
     760:	0a412a83          	lw	s5,164(sp)
     764:	0a012b03          	lw	s6,160(sp)
     768:	09c12b83          	lw	s7,156(sp)
     76c:	09812c03          	lw	s8,152(sp)
     770:	09412c83          	lw	s9,148(sp)
     774:	09012d03          	lw	s10,144(sp)
     778:	0c010113          	addi	sp,sp,192
     77c:	00008067          	jalr	zero,0(ra)

00000780 <.L74>:
     780:	0015c703          	lbu	a4,1(a1)
     784:	0005ce83          	lbu	t4,0(a1)
     788:	00871713          	slli	a4,a4,0x8
     78c:	01d76733          	or	a4,a4,t4
     790:	f0070ee3          	beq	a4,zero,6ac <.L72>
			790: R_RISCV_BRANCH	.L72
     794:	00eb7463          	bgeu	s6,a4,79c <.L73>
			794: R_RISCV_BRANCH	.L73
     798:	03f00713          	addi	a4,zero,63

0000079c <.L73>:
     79c:	09010e93          	addi	t4,sp,144
     7a0:	009e84b3          	add	s1,t4,s1
     7a4:	0ff6f693          	andi	a3,a3,255
     7a8:	fce48023          	sb	a4,-64(s1)
     7ac:	00258593          	addi	a1,a1,2
     7b0:	00c68663          	beq	a3,a2,7bc <.L82>
			7b0: R_RISCV_BRANCH	.L82
     7b4:	00068493          	addi	s1,a3,0
     7b8:	eedff06f          	jal	zero,6a4 <.L71>
			7b8: R_RISCV_JAL	.L71

000007bc <.L82>:
     7bc:	00060493          	addi	s1,a2,0
     7c0:	eedff06f          	jal	zero,6ac <.L72>
			7c0: R_RISCV_JAL	.L72

000007c4 <.L75>:
     7c4:	001d0d13          	addi	s10,s10,1
     7c8:	00000493          	addi	s1,zero,0
     7cc:	00000c13          	addi	s8,zero,0
     7d0:	00000b93          	addi	s7,zero,0
     7d4:	e51ff06f          	jal	zero,624 <.L68>
			7d4: R_RISCV_JAL	.L68

000007d8 <.L83>:
     7d8:	000c0b93          	addi	s7,s8,0
     7dc:	e49ff06f          	jal	zero,624 <.L68>
			7dc: R_RISCV_JAL	.L68

000007e0 <.L84>:
     7e0:	ffa00413          	addi	s0,zero,-6
     7e4:	f61ff06f          	jal	zero,744 <.L63>
			7e4: R_RISCV_JAL	.L63

000007e8 <.L85>:
     7e8:	00000c93          	addi	s9,zero,0
     7ec:	e45ff06f          	jal	zero,630 <.L77>
			7ec: R_RISCV_JAL	.L77

000007f0 <str_eq_ci>:
     7f0:	00050693          	addi	a3,a0,0
     7f4:	00000713          	addi	a4,zero,0
     7f8:	01900813          	addi	a6,zero,25

000007fc <.L101>:
     7fc:	00e687b3          	add	a5,a3,a4
     800:	0007c783          	lbu	a5,0(a5)
     804:	00e58633          	add	a2,a1,a4
     808:	00064503          	lbu	a0,0(a2)
     80c:	00078463          	beq	a5,zero,814 <.L105>
			80c: R_RISCV_BRANCH	.L105
     810:	00051863          	bne	a0,zero,820 <.L106>
			810: R_RISCV_BRANCH	.L106

00000814 <.L105>:
     814:	40a78533          	sub	a0,a5,a0
     818:	00153513          	sltiu	a0,a0,1
     81c:	00008067          	jalr	zero,0(ra)

00000820 <.L106>:
     820:	fbf78613          	addi	a2,a5,-65
     824:	0ff67613          	andi	a2,a2,255
     828:	00c86663          	bltu	a6,a2,834 <.L102>
			828: R_RISCV_BRANCH	.L102
     82c:	02078793          	addi	a5,a5,32
     830:	0ff7f793          	andi	a5,a5,255

00000834 <.L102>:
     834:	fbf50613          	addi	a2,a0,-65
     838:	0ff67613          	andi	a2,a2,255
     83c:	00c86663          	bltu	a6,a2,848 <.L103>
			83c: R_RISCV_BRANCH	.L103
     840:	02050513          	addi	a0,a0,32
     844:	0ff57513          	andi	a0,a0,255

00000848 <.L103>:
     848:	00f51663          	bne	a0,a5,854 <.L107>
			848: R_RISCV_BRANCH	.L107
     84c:	00170713          	addi	a4,a4,1
     850:	fadff06f          	jal	zero,7fc <.L101>
			850: R_RISCV_JAL	.L101

00000854 <.L107>:
     854:	00000513          	addi	a0,zero,0
     858:	00008067          	jalr	zero,0(ra)

0000085c <resolve_path>:
     85c:	f9010113          	addi	sp,sp,-112
     860:	06812423          	sw	s0,104(sp)
     864:	06912223          	sw	s1,100(sp)
     868:	05312e23          	sw	s3,92(sp)
     86c:	06112623          	sw	ra,108(sp)
     870:	07212023          	sw	s2,96(sp)
     874:	05412c23          	sw	s4,88(sp)
     878:	05512a23          	sw	s5,84(sp)
     87c:	05612823          	sw	s6,80(sp)
     880:	05712623          	sw	s7,76(sp)
     884:	0005c703          	lbu	a4,0(a1)
     888:	02f00793          	addi	a5,zero,47
     88c:	02452983          	lw	s3,36(a0)
     890:	00050493          	addi	s1,a0,0
     894:	00060413          	addi	s0,a2,0
     898:	14f71063          	bne	a4,a5,9d8 <.L112>
			898: R_RISCV_BRANCH	.L112
     89c:	0015c783          	lbu	a5,1(a1)
     8a0:	12079c63          	bne	a5,zero,9d8 <.L112>
			8a0: R_RISCV_BRANCH	.L112
     8a4:	00060513          	addi	a0,a2,0
     8a8:	05800593          	addi	a1,zero,88
     8ac:	00000097          	auipc	ra,0x0
			8ac: R_RISCV_CALL	zero
			8ac: R_RISCV_RELAX	*ABS*
     8b0:	000080e7          	jalr	ra,0(ra) # 8ac <resolve_path+0x50>
     8b4:	000005b7          	lui	a1,0x0
			8b4: R_RISCV_HI20	.LC0
			8b4: R_RISCV_RELAX	*ABS*
     8b8:	00058593          	addi	a1,a1,0 # 0 <le32>
			8b8: R_RISCV_LO12_I	.LC0
			8b8: R_RISCV_RELAX	*ABS*
     8bc:	00040513          	addi	a0,s0,0
     8c0:	00000097          	auipc	ra,0x0
			8c0: R_RISCV_CALL	copy_str.part.0.constprop.0
			8c0: R_RISCV_RELAX	*ABS*
     8c4:	000080e7          	jalr	ra,0(ra) # 8c0 <resolve_path+0x64>
     8c8:	00100793          	addi	a5,zero,1
     8cc:	04f40023          	sb	a5,64(s0)
     8d0:	0244a783          	lw	a5,36(s1)
     8d4:	04f42823          	sw	a5,80(s0)

000008d8 <.L128>:
     8d8:	00000513          	addi	a0,zero,0
     8dc:	0900006f          	jal	zero,96c <.L111>
			8dc: R_RISCV_JAL	.L111

000008e0 <.L116>:
     8e0:	00010593          	addi	a1,sp,0
     8e4:	00040513          	addi	a0,s0,0
     8e8:	00000097          	auipc	ra,0x0
			8e8: R_RISCV_CALL	str_eq_ci
			8e8: R_RISCV_RELAX	*ABS*
     8ec:	000080e7          	jalr	ra,0(ra) # 8e8 <.L116+0x8>
     8f0:	04050c63          	beq	a0,zero,948 <.L114>
			8f0: R_RISCV_BRANCH	.L114

000008f4 <.L118>:
     8f4:	000a8593          	addi	a1,s5,0

000008f8 <.L115>:
     8f8:	0005c783          	lbu	a5,0(a1)
     8fc:	0d478a63          	beq	a5,s4,9d0 <.L120>
			8fc: R_RISCV_BRANCH	.L120
     900:	fc078ce3          	beq	a5,zero,8d8 <.L128>
			900: R_RISCV_BRANCH	.L128
     904:	04044783          	lbu	a5,64(s0)
     908:	06078063          	beq	a5,zero,968 <.L117>
			908: R_RISCV_BRANCH	.L117
     90c:	05042983          	lw	s3,80(s0)

00000910 <.L122>:
     910:	0005c783          	lbu	a5,0(a1)
     914:	0d478a63          	beq	a5,s4,9e8 <.L123>
			914: R_RISCV_BRANCH	.L123
     918:	04078863          	beq	a5,zero,968 <.L117>
			918: R_RISCV_BRANCH	.L117
     91c:	00000793          	addi	a5,zero,0

00000920 <.L124>:
     920:	00f58ab3          	add	s5,a1,a5
     924:	000ac703          	lbu	a4,0(s5)
     928:	00070463          	beq	a4,zero,930 <.L125>
			928: R_RISCV_BRANCH	.L125
     92c:	0d471263          	bne	a4,s4,9f0 <.L126>
			92c: R_RISCV_BRANCH	.L126

00000930 <.L125>:
     930:	04010713          	addi	a4,sp,64
     934:	00f707b3          	add	a5,a4,a5
     938:	fc078023          	sb	zero,-64(a5)
     93c:	0044a783          	lw	a5,4(s1)
     940:	00000913          	addi	s2,zero,0
     944:	07779463          	bne	a5,s7,9ac <.L127>
			944: R_RISCV_BRANCH	.L127

00000948 <.L114>:
     948:	00090613          	addi	a2,s2,0
     94c:	00040693          	addi	a3,s0,0
     950:	00098593          	addi	a1,s3,0
     954:	00048513          	addi	a0,s1,0
     958:	00190913          	addi	s2,s2,1
     95c:	00000097          	auipc	ra,0x0
			95c: R_RISCV_CALL	fat32_read_dir_index
			95c: R_RISCV_RELAX	*ABS*
     960:	000080e7          	jalr	ra,0(ra) # 95c <.L114+0x14>
     964:	f6050ee3          	beq	a0,zero,8e0 <.L116>
			964: R_RISCV_BRANCH	.L116

00000968 <.L117>:
     968:	ffd00513          	addi	a0,zero,-3

0000096c <.L111>:
     96c:	06c12083          	lw	ra,108(sp)
     970:	06812403          	lw	s0,104(sp)
     974:	06412483          	lw	s1,100(sp)
     978:	06012903          	lw	s2,96(sp)
     97c:	05c12983          	lw	s3,92(sp)
     980:	05812a03          	lw	s4,88(sp)
     984:	05412a83          	lw	s5,84(sp)
     988:	05012b03          	lw	s6,80(sp)
     98c:	04c12b83          	lw	s7,76(sp)
     990:	07010113          	addi	sp,sp,112
     994:	00008067          	jalr	zero,0(ra)

00000998 <.L119>:
     998:	00010593          	addi	a1,sp,0
     99c:	00040513          	addi	a0,s0,0
     9a0:	00000097          	auipc	ra,0x0
			9a0: R_RISCV_CALL	str_eq_ci
			9a0: R_RISCV_RELAX	*ABS*
     9a4:	000080e7          	jalr	ra,0(ra) # 9a0 <.L119+0x8>
     9a8:	f40516e3          	bne	a0,zero,8f4 <.L118>
			9a8: R_RISCV_BRANCH	.L118

000009ac <.L127>:
     9ac:	00090613          	addi	a2,s2,0
     9b0:	00040693          	addi	a3,s0,0
     9b4:	00098593          	addi	a1,s3,0
     9b8:	00048513          	addi	a0,s1,0
     9bc:	00190913          	addi	s2,s2,1
     9c0:	00000097          	auipc	ra,0x0
			9c0: R_RISCV_CALL	exfat_read_dir_index
			9c0: R_RISCV_RELAX	*ABS*
     9c4:	000080e7          	jalr	ra,0(ra) # 9c0 <.L127+0x14>
     9c8:	fc0508e3          	beq	a0,zero,998 <.L119>
			9c8: R_RISCV_BRANCH	.L119
     9cc:	f9dff06f          	jal	zero,968 <.L117>
			9cc: R_RISCV_JAL	.L117

000009d0 <.L120>:
     9d0:	00158593          	addi	a1,a1,1
     9d4:	f25ff06f          	jal	zero,8f8 <.L115>
			9d4: R_RISCV_JAL	.L115

000009d8 <.L112>:
     9d8:	02f00a13          	addi	s4,zero,47
     9dc:	03f00b13          	addi	s6,zero,63
     9e0:	00100b93          	addi	s7,zero,1
     9e4:	f2dff06f          	jal	zero,910 <.L122>
			9e4: R_RISCV_JAL	.L122

000009e8 <.L123>:
     9e8:	00158593          	addi	a1,a1,1
     9ec:	f25ff06f          	jal	zero,910 <.L122>
			9ec: R_RISCV_JAL	.L122

000009f0 <.L126>:
     9f0:	f7678ce3          	beq	a5,s6,968 <.L117>
			9f0: R_RISCV_BRANCH	.L117
     9f4:	00f106b3          	add	a3,sp,a5
     9f8:	00e68023          	sb	a4,0(a3)
     9fc:	00178793          	addi	a5,a5,1
     a00:	f21ff06f          	jal	zero,920 <.L124>
			a00: R_RISCV_JAL	.L124

00000a04 <mount_at>:
     a04:	fd010113          	addi	sp,sp,-48
     a08:	02912223          	sw	s1,36(sp)
     a0c:	00058493          	addi	s1,a1,0
     a10:	01412c23          	sw	s4,24(sp)
     a14:	24000593          	addi	a1,zero,576
     a18:	00050a13          	addi	s4,a0,0
     a1c:	00048513          	addi	a0,s1,0
     a20:	02812423          	sw	s0,40(sp)
     a24:	03212023          	sw	s2,32(sp)
     a28:	00070413          	addi	s0,a4,0
     a2c:	01312e23          	sw	s3,28(sp)
     a30:	00068913          	addi	s2,a3,0
     a34:	00060993          	addi	s3,a2,0
     a38:	02112623          	sw	ra,44(sp)
     a3c:	01512a23          	sw	s5,20(sp)
     a40:	00000097          	auipc	ra,0x0
			a40: R_RISCV_CALL	zero
			a40: R_RISCV_RELAX	*ABS*
     a44:	000080e7          	jalr	ra,0(ra) # a40 <mount_at+0x3c>
     a48:	20000793          	addi	a5,zero,512
     a4c:	00f4a823          	sw	a5,16(s1)
     a50:	fff00713          	addi	a4,zero,-1
     a54:	fff00793          	addi	a5,zero,-1
     a58:	22f4aa23          	sw	a5,564(s1)
     a5c:	0144a023          	sw	s4,0(s1)
     a60:	0134a423          	sw	s3,8(s1)
     a64:	0124a623          	sw	s2,12(s1)
     a68:	22e4a823          	sw	a4,560(s1)
     a6c:	1fe44703          	lbu	a4,510(s0)
     a70:	05500793          	addi	a5,zero,85
     a74:	1af71063          	bne	a4,a5,c14 <.L143>
			a74: R_RISCV_BRANCH	.L143
     a78:	1ff44703          	lbu	a4,511(s0)
     a7c:	0aa00793          	addi	a5,zero,170
     a80:	18f71a63          	bne	a4,a5,c14 <.L143>
			a80: R_RISCV_BRANCH	.L143
     a84:	05244703          	lbu	a4,82(s0)
     a88:	04600793          	addi	a5,zero,70
     a8c:	0cf71663          	bne	a4,a5,b58 <.L144>
			a8c: R_RISCV_BRANCH	.L144
     a90:	05344703          	lbu	a4,83(s0)
     a94:	04100793          	addi	a5,zero,65
     a98:	0cf71063          	bne	a4,a5,b58 <.L144>
			a98: R_RISCV_BRANCH	.L144
     a9c:	05444703          	lbu	a4,84(s0)
     aa0:	05400793          	addi	a5,zero,84
     aa4:	0af71a63          	bne	a4,a5,b58 <.L144>
			aa4: R_RISCV_BRANCH	.L144
     aa8:	05544703          	lbu	a4,85(s0)
     aac:	03300793          	addi	a5,zero,51
     ab0:	0af71463          	bne	a4,a5,b58 <.L144>
			ab0: R_RISCV_BRANCH	.L144
     ab4:	05644703          	lbu	a4,86(s0)
     ab8:	03200793          	addi	a5,zero,50
     abc:	08f71e63          	bne	a4,a5,b58 <.L144>
			abc: R_RISCV_BRANCH	.L144
     ac0:	00100993          	addi	s3,zero,1
     ac4:	0134a223          	sw	s3,4(s1)
     ac8:	00d44a03          	lbu	s4,13(s0)
     acc:	02440513          	addi	a0,s0,36
     ad0:	0144aa23          	sw	s4,20(s1)
     ad4:	00f44903          	lbu	s2,15(s0)
     ad8:	00e44783          	lbu	a5,14(s0)
     adc:	01044a83          	lbu	s5,16(s0)
     ae0:	00891913          	slli	s2,s2,0x8
     ae4:	00f96933          	or	s2,s2,a5
     ae8:	00000097          	auipc	ra,0x0
			ae8: R_RISCV_CALL	le32
			ae8: R_RISCV_RELAX	*ABS*
     aec:	000080e7          	jalr	ra,0(ra) # ae8 <mount_at+0xe4>
     af0:	00a4ae23          	sw	a0,28(s1)
     af4:	0124ac23          	sw	s2,24(s1)
     af8:	00a12623          	sw	a0,12(sp)
     afc:	02c40513          	addi	a0,s0,44
     b00:	00000097          	auipc	ra,0x0
			b00: R_RISCV_CALL	le32
			b00: R_RISCV_RELAX	*ABS*
     b04:	000080e7          	jalr	ra,0(ra) # b00 <mount_at+0xfc>
     b08:	00c12583          	lw	a1,12(sp)
     b0c:	02a4a223          	sw	a0,36(s1)
     b10:	00050413          	addi	s0,a0,0
     b14:	000a8513          	addi	a0,s5,0
     b18:	00000097          	auipc	ra,0x0
			b18: R_RISCV_CALL	__mulsi3
			b18: R_RISCV_RELAX	*ABS*
     b1c:	000080e7          	jalr	ra,0(ra) # b18 <mount_at+0x114>
     b20:	01250933          	add	s2,a0,s2
     b24:	0324a023          	sw	s2,32(s1)
     b28:	0e0a0663          	beq	s4,zero,c14 <.L143>
			b28: R_RISCV_BRANCH	.L143
     b2c:	0e89f463          	bgeu	s3,s0,c14 <.L143>
			b2c: R_RISCV_BRANCH	.L143

00000b30 <.L146>:
     b30:	00000513          	addi	a0,zero,0

00000b34 <.L142>:
     b34:	02c12083          	lw	ra,44(sp)
     b38:	02812403          	lw	s0,40(sp)
     b3c:	02412483          	lw	s1,36(sp)
     b40:	02012903          	lw	s2,32(sp)
     b44:	01c12983          	lw	s3,28(sp)
     b48:	01812a03          	lw	s4,24(sp)
     b4c:	01412a83          	lw	s5,20(sp)
     b50:	03010113          	addi	sp,sp,48
     b54:	00008067          	jalr	zero,0(ra)

00000b58 <.L144>:
     b58:	00344703          	lbu	a4,3(s0)
     b5c:	04500793          	addi	a5,zero,69
     b60:	0af71a63          	bne	a4,a5,c14 <.L143>
			b60: R_RISCV_BRANCH	.L143
     b64:	00444703          	lbu	a4,4(s0)
     b68:	05800793          	addi	a5,zero,88
     b6c:	0af71463          	bne	a4,a5,c14 <.L143>
			b6c: R_RISCV_BRANCH	.L143
     b70:	00544703          	lbu	a4,5(s0)
     b74:	04600793          	addi	a5,zero,70
     b78:	08f71e63          	bne	a4,a5,c14 <.L143>
			b78: R_RISCV_BRANCH	.L143
     b7c:	00644703          	lbu	a4,6(s0)
     b80:	04100793          	addi	a5,zero,65
     b84:	08f71863          	bne	a4,a5,c14 <.L143>
			b84: R_RISCV_BRANCH	.L143
     b88:	00744703          	lbu	a4,7(s0)
     b8c:	05400793          	addi	a5,zero,84
     b90:	08f71263          	bne	a4,a5,c14 <.L143>
			b90: R_RISCV_BRANCH	.L143
     b94:	06c44703          	lbu	a4,108(s0)
     b98:	00900793          	addi	a5,zero,9
     b9c:	06d44903          	lbu	s2,109(s0)
     ba0:	ffc00513          	addi	a0,zero,-4
     ba4:	f8f718e3          	bne	a4,a5,b34 <.L142>
			ba4: R_RISCV_BRANCH	.L142
     ba8:	00200793          	addi	a5,zero,2
     bac:	00f4a223          	sw	a5,4(s1)
     bb0:	05040513          	addi	a0,s0,80
     bb4:	00000097          	auipc	ra,0x0
			bb4: R_RISCV_CALL	le32
			bb4: R_RISCV_RELAX	*ABS*
     bb8:	000080e7          	jalr	ra,0(ra) # bb4 <.L144+0x5c>
     bbc:	00a4ac23          	sw	a0,24(s1)
     bc0:	05440513          	addi	a0,s0,84
     bc4:	00000097          	auipc	ra,0x0
			bc4: R_RISCV_CALL	le32
			bc4: R_RISCV_RELAX	*ABS*
     bc8:	000080e7          	jalr	ra,0(ra) # bc4 <.L144+0x6c>
     bcc:	00a4ae23          	sw	a0,28(s1)
     bd0:	05840513          	addi	a0,s0,88
     bd4:	00000097          	auipc	ra,0x0
			bd4: R_RISCV_CALL	le32
			bd4: R_RISCV_RELAX	*ABS*
     bd8:	000080e7          	jalr	ra,0(ra) # bd4 <.L144+0x7c>
     bdc:	02a4a023          	sw	a0,32(s1)
     be0:	05c40513          	addi	a0,s0,92
     be4:	00000097          	auipc	ra,0x0
			be4: R_RISCV_CALL	le32
			be4: R_RISCV_RELAX	*ABS*
     be8:	000080e7          	jalr	ra,0(ra) # be4 <.L144+0x8c>
     bec:	02a4a423          	sw	a0,40(s1)
     bf0:	06040513          	addi	a0,s0,96
     bf4:	00000097          	auipc	ra,0x0
			bf4: R_RISCV_CALL	le32
			bf4: R_RISCV_RELAX	*ABS*
     bf8:	000080e7          	jalr	ra,0(ra) # bf4 <.L144+0x9c>
     bfc:	00100713          	addi	a4,zero,1
     c00:	012717b3          	sll	a5,a4,s2
     c04:	02a4a223          	sw	a0,36(s1)
     c08:	00f4aa23          	sw	a5,20(s1)
     c0c:	00078463          	beq	a5,zero,c14 <.L143>
			c0c: R_RISCV_BRANCH	.L143
     c10:	f2a760e3          	bltu	a4,a0,b30 <.L146>
			c10: R_RISCV_BRANCH	.L146

00000c14 <.L143>:
     c14:	ffa00513          	addi	a0,zero,-6
     c18:	f1dff06f          	jal	zero,b34 <.L142>
			c18: R_RISCV_JAL	.L142

00000c1c <hvs_fs_mount>:
     c1c:	00052703          	lw	a4,0(a0)
     c20:	de010113          	addi	sp,sp,-544
     c24:	20912a23          	sw	s1,532(sp)
     c28:	20112e23          	sw	ra,540(sp)
     c2c:	20812c23          	sw	s0,536(sp)
     c30:	21212823          	sw	s2,528(sp)
     c34:	21312623          	sw	s3,524(sp)
     c38:	21412423          	sw	s4,520(sp)
     c3c:	21512223          	sw	s5,516(sp)
     c40:	20000793          	addi	a5,zero,512
     c44:	ffc00493          	addi	s1,zero,-4
     c48:	04f71e63          	bne	a4,a5,ca4 <.L155>
			c48: R_RISCV_BRANCH	.L155
     c4c:	01452783          	lw	a5,20(a0)
     c50:	00058a13          	addi	s4,a1,0
     c54:	00010713          	addi	a4,sp,0
     c58:	00100693          	addi	a3,zero,1
     c5c:	00000593          	addi	a1,zero,0
     c60:	00000613          	addi	a2,zero,0
     c64:	00050413          	addi	s0,a0,0
     c68:	000780e7          	jalr	ra,0(a5)
     c6c:	00050493          	addi	s1,a0,0
     c70:	02051a63          	bne	a0,zero,ca4 <.L155>
			c70: R_RISCV_BRANCH	.L155
     c74:	00010713          	addi	a4,sp,0
     c78:	00000613          	addi	a2,zero,0
     c7c:	00000693          	addi	a3,zero,0
     c80:	000a0593          	addi	a1,s4,0
     c84:	00040513          	addi	a0,s0,0
     c88:	00000097          	auipc	ra,0x0
			c88: R_RISCV_CALL	mount_at
			c88: R_RISCV_RELAX	*ABS*
     c8c:	000080e7          	jalr	ra,0(ra) # c88 <hvs_fs_mount+0x6c>
     c90:	00050a63          	beq	a0,zero,ca4 <.L155>
			c90: R_RISCV_BRANCH	.L155
     c94:	1fe14703          	lbu	a4,510(sp)
     c98:	05500793          	addi	a5,zero,85
     c9c:	02f70863          	beq	a4,a5,ccc <.L158>
			c9c: R_RISCV_BRANCH	.L158

00000ca0 <.L159>:
     ca0:	ffa00493          	addi	s1,zero,-6

00000ca4 <.L155>:
     ca4:	21c12083          	lw	ra,540(sp)
     ca8:	21812403          	lw	s0,536(sp)
     cac:	21012903          	lw	s2,528(sp)
     cb0:	20c12983          	lw	s3,524(sp)
     cb4:	20812a03          	lw	s4,520(sp)
     cb8:	20412a83          	lw	s5,516(sp)
     cbc:	00048513          	addi	a0,s1,0
     cc0:	21412483          	lw	s1,532(sp)
     cc4:	22010113          	addi	sp,sp,544
     cc8:	00008067          	jalr	zero,0(ra)

00000ccc <.L158>:
     ccc:	1ff14703          	lbu	a4,511(sp)
     cd0:	0aa00793          	addi	a5,zero,170
     cd4:	fcf716e3          	bne	a4,a5,ca0 <.L159>
			cd4: R_RISCV_BRANCH	.L159
     cd8:	00010993          	addi	s3,sp,0
     cdc:	04010a93          	addi	s5,sp,64

00000ce0 <.L161>:
     ce0:	1c29c783          	lbu	a5,450(s3)
     ce4:	00079863          	bne	a5,zero,cf4 <.L160>
			ce4: R_RISCV_BRANCH	.L160

00000ce8 <.L162>:
     ce8:	01098993          	addi	s3,s3,16
     cec:	ff3a9ae3          	bne	s5,s3,ce0 <.L161>
			cec: R_RISCV_BRANCH	.L161
     cf0:	fb1ff06f          	jal	zero,ca0 <.L159>
			cf0: R_RISCV_JAL	.L159

00000cf4 <.L160>:
     cf4:	1c698513          	addi	a0,s3,454
     cf8:	00000097          	auipc	ra,0x0
			cf8: R_RISCV_CALL	le32
			cf8: R_RISCV_RELAX	*ABS*
     cfc:	000080e7          	jalr	ra,0(ra) # cf8 <.L160+0x4>
     d00:	00050913          	addi	s2,a0,0
     d04:	fe0502e3          	beq	a0,zero,ce8 <.L162>
			d04: R_RISCV_BRANCH	.L162
     d08:	01442783          	lw	a5,20(s0)
     d0c:	00050593          	addi	a1,a0,0
     d10:	00010713          	addi	a4,sp,0
     d14:	00100693          	addi	a3,zero,1
     d18:	00000613          	addi	a2,zero,0
     d1c:	00040513          	addi	a0,s0,0
     d20:	000780e7          	jalr	ra,0(a5)
     d24:	02051463          	bne	a0,zero,d4c <.L165>
			d24: R_RISCV_BRANCH	.L165
     d28:	00010713          	addi	a4,sp,0
     d2c:	00090613          	addi	a2,s2,0
     d30:	00000693          	addi	a3,zero,0
     d34:	000a0593          	addi	a1,s4,0
     d38:	00040513          	addi	a0,s0,0
     d3c:	00000097          	auipc	ra,0x0
			d3c: R_RISCV_CALL	mount_at
			d3c: R_RISCV_RELAX	*ABS*
     d40:	000080e7          	jalr	ra,0(ra) # d3c <.L160+0x48>
     d44:	fa0512e3          	bne	a0,zero,ce8 <.L162>
			d44: R_RISCV_BRANCH	.L162
     d48:	f5dff06f          	jal	zero,ca4 <.L155>
			d48: R_RISCV_JAL	.L155

00000d4c <.L165>:
     d4c:	00050493          	addi	s1,a0,0
     d50:	f55ff06f          	jal	zero,ca4 <.L155>
			d50: R_RISCV_JAL	.L155

00000d54 <hvs_fs_open>:
     d54:	f9010113          	addi	sp,sp,-112
     d58:	06812423          	sw	s0,104(sp)
     d5c:	00060413          	addi	s0,a2,0
     d60:	00810613          	addi	a2,sp,8
     d64:	06912223          	sw	s1,100(sp)
     d68:	07212023          	sw	s2,96(sp)
     d6c:	06112623          	sw	ra,108(sp)
     d70:	00050913          	addi	s2,a0,0
     d74:	00000097          	auipc	ra,0x0
			d74: R_RISCV_CALL	resolve_path
			d74: R_RISCV_RELAX	*ABS*
     d78:	000080e7          	jalr	ra,0(ra) # d74 <hvs_fs_open+0x20>
     d7c:	00050493          	addi	s1,a0,0
     d80:	04051263          	bne	a0,zero,dc4 <.L174>
			d80: R_RISCV_BRANCH	.L174
     d84:	02000593          	addi	a1,zero,32
     d88:	00040513          	addi	a0,s0,0
     d8c:	00000097          	auipc	ra,0x0
			d8c: R_RISCV_CALL	zero
			d8c: R_RISCV_RELAX	*ABS*
     d90:	000080e7          	jalr	ra,0(ra) # d8c <hvs_fs_open+0x38>
     d94:	05812783          	lw	a5,88(sp)
     d98:	05012703          	lw	a4,80(sp)
     d9c:	01242023          	sw	s2,0(s0)
     da0:	00f42223          	sw	a5,4(s0)
     da4:	00f42423          	sw	a5,8(s0)
     da8:	05412783          	lw	a5,84(sp)
     dac:	00e42823          	sw	a4,16(s0)
     db0:	00f42a23          	sw	a5,20(s0)
     db4:	04814783          	lbu	a5,72(sp)
     db8:	00f40c23          	sb	a5,24(s0)
     dbc:	05c14783          	lbu	a5,92(sp)
     dc0:	00f40ca3          	sb	a5,25(s0)

00000dc4 <.L174>:
     dc4:	06c12083          	lw	ra,108(sp)
     dc8:	06812403          	lw	s0,104(sp)
     dcc:	06012903          	lw	s2,96(sp)
     dd0:	00048513          	addi	a0,s1,0
     dd4:	06412483          	lw	s1,100(sp)
     dd8:	07010113          	addi	sp,sp,112
     ddc:	00008067          	jalr	zero,0(ra)

00000de0 <hvs_fs_exists>:
     de0:	f9010113          	addi	sp,sp,-112
     de4:	00810613          	addi	a2,sp,8
     de8:	06112623          	sw	ra,108(sp)
     dec:	00000097          	auipc	ra,0x0
			dec: R_RISCV_CALL	resolve_path
			dec: R_RISCV_RELAX	*ABS*
     df0:	000080e7          	jalr	ra,0(ra) # dec <hvs_fs_exists+0xc>
     df4:	06c12083          	lw	ra,108(sp)
     df8:	07010113          	addi	sp,sp,112
     dfc:	00008067          	jalr	zero,0(ra)

00000e00 <hvs_fs_is_dir>:
     e00:	f9010113          	addi	sp,sp,-112
     e04:	00810613          	addi	a2,sp,8
     e08:	06112623          	sw	ra,108(sp)
     e0c:	00000097          	auipc	ra,0x0
			e0c: R_RISCV_CALL	resolve_path
			e0c: R_RISCV_RELAX	*ABS*
     e10:	000080e7          	jalr	ra,0(ra) # e0c <hvs_fs_is_dir+0xc>
     e14:	00051863          	bne	a0,zero,e24 <.L179>
			e14: R_RISCV_BRANCH	.L179
     e18:	04814783          	lbu	a5,72(sp)
     e1c:	00079463          	bne	a5,zero,e24 <.L179>
			e1c: R_RISCV_BRANCH	.L179
     e20:	ffd00513          	addi	a0,zero,-3

00000e24 <.L179>:
     e24:	06c12083          	lw	ra,108(sp)
     e28:	07010113          	addi	sp,sp,112
     e2c:	00008067          	jalr	zero,0(ra)

00000e30 <hvs_fs_read>:
     e30:	fb010113          	addi	sp,sp,-80
     e34:	03312e23          	sw	s3,60(sp)
     e38:	00052983          	lw	s3,0(a0)
     e3c:	03412c23          	sw	s4,56(sp)
     e40:	03612823          	sw	s6,48(sp)
     e44:	03a12023          	sw	s10,32(sp)
     e48:	04112623          	sw	ra,76(sp)
     e4c:	04812423          	sw	s0,72(sp)
     e50:	04912223          	sw	s1,68(sp)
     e54:	05212023          	sw	s2,64(sp)
     e58:	03512a23          	sw	s5,52(sp)
     e5c:	03712623          	sw	s7,44(sp)
     e60:	03812423          	sw	s8,40(sp)
     e64:	03912223          	sw	s9,36(sp)
     e68:	01b12e23          	sw	s11,28(sp)
     e6c:	00452d03          	lw	s10,4(a0)
     e70:	0149aa03          	lw	s4,20(s3)
     e74:	0007a023          	sw	zero,0(a5)
     e78:	00078b13          	addi	s6,a5,0
     e7c:	01854783          	lbu	a5,24(a0)
     e80:	01a12423          	sw	s10,8(sp)
     e84:	1e079a63          	bne	a5,zero,1078 <.L200>
			e84: R_RISCV_BRANCH	.L200
     e88:	00070913          	addi	s2,a4,0
     e8c:	01452703          	lw	a4,20(a0)
     e90:	01052783          	lw	a5,16(a0)
     e94:	00050493          	addi	s1,a0,0
     e98:	00058c13          	addi	s8,a1,0
     e9c:	00060413          	addi	s0,a2,0
     ea0:	00068a93          	addi	s5,a3,0
     ea4:	04e66663          	bltu	a2,a4,ef0 <.L184>
			ea4: R_RISCV_BRANCH	.L184
     ea8:	00c71463          	bne	a4,a2,eb0 <.L198>
			ea8: R_RISCV_BRANCH	.L198
     eac:	04f5e263          	bltu	a1,a5,ef0 <.L184>
			eac: R_RISCV_BRANCH	.L184

00000eb0 <.L198>:
     eb0:	00000513          	addi	a0,zero,0

00000eb4 <.L182>:
     eb4:	04c12083          	lw	ra,76(sp)
     eb8:	04812403          	lw	s0,72(sp)
     ebc:	04412483          	lw	s1,68(sp)
     ec0:	04012903          	lw	s2,64(sp)
     ec4:	03c12983          	lw	s3,60(sp)
     ec8:	03812a03          	lw	s4,56(sp)
     ecc:	03412a83          	lw	s5,52(sp)
     ed0:	03012b03          	lw	s6,48(sp)
     ed4:	02c12b83          	lw	s7,44(sp)
     ed8:	02812c03          	lw	s8,40(sp)
     edc:	02412c83          	lw	s9,36(sp)
     ee0:	02012d03          	lw	s10,32(sp)
     ee4:	01c12d83          	lw	s11,28(sp)
     ee8:	05010113          	addi	sp,sp,80
     eec:	00008067          	jalr	zero,0(ra)

00000ef0 <.L184>:
     ef0:	418786b3          	sub	a3,a5,s8
     ef4:	00d7b7b3          	sltu	a5,a5,a3
     ef8:	40870733          	sub	a4,a4,s0
     efc:	00f71663          	bne	a4,a5,f08 <.L186>
			efc: R_RISCV_BRANCH	.L186
     f00:	0126f463          	bgeu	a3,s2,f08 <.L186>
			f00: R_RISCV_BRANCH	.L186
     f04:	00068913          	addi	s2,a3,0

00000f08 <.L186>:
     f08:	009a1a13          	slli	s4,s4,0x9
     f0c:	000a0613          	addi	a2,s4,0
     f10:	00000693          	addi	a3,zero,0
     f14:	00040593          	addi	a1,s0,0
     f18:	000c0513          	addi	a0,s8,0
     f1c:	00000097          	auipc	ra,0x0
			f1c: R_RISCV_CALL	__udivdi3
			f1c: R_RISCV_RELAX	*ABS*
     f20:	000080e7          	jalr	ra,0(ra) # f1c <.L186+0x14>
     f24:	00050d93          	addi	s11,a0,0
     f28:	00058b93          	addi	s7,a1,0
     f2c:	00050c93          	addi	s9,a0,0
     f30:	00040593          	addi	a1,s0,0
     f34:	000a0613          	addi	a2,s4,0
     f38:	00000693          	addi	a3,zero,0
     f3c:	000c0513          	addi	a0,s8,0
     f40:	00000097          	auipc	ra,0x0
			f40: R_RISCV_CALL	__umoddi3
			f40: R_RISCV_RELAX	*ABS*
     f44:	000080e7          	jalr	ra,0(ra) # f40 <.L186+0x38>
     f48:	0194c783          	lbu	a5,25(s1)
     f4c:	00050413          	addi	s0,a0,0
     f50:	0e078e63          	beq	a5,zero,104c <.L188>
			f50: R_RISCV_BRANCH	.L188
     f54:	01bd0d33          	add	s10,s10,s11
     f58:	01a12423          	sw	s10,8(sp)

00000f5c <.L190>:
     f5c:	20000b93          	addi	s7,zero,512

00000f60 <.L189>:
     f60:	f40908e3          	beq	s2,zero,eb0 <.L198>
			f60: R_RISCV_BRANCH	.L198
     f64:	00812503          	lw	a0,8(sp)
     f68:	f40504e3          	beq	a0,zero,eb0 <.L198>
			f68: R_RISCV_BRANCH	.L198
     f6c:	1ff47c93          	andi	s9,s0,511
     f70:	419b87b3          	sub	a5,s7,s9
     f74:	00090c13          	addi	s8,s2,0
     f78:	0127f463          	bgeu	a5,s2,f80 <.L193>
			f78: R_RISCV_BRANCH	.L193
     f7c:	00078c13          	addi	s8,a5,0

00000f80 <.L193>:
     f80:	0149a583          	lw	a1,20(s3)
     f84:	ffe50513          	addi	a0,a0,-2
     f88:	00000097          	auipc	ra,0x0
			f88: R_RISCV_CALL	__mulsi3
			f88: R_RISCV_RELAX	*ABS*
     f8c:	000080e7          	jalr	ra,0(ra) # f88 <.L193+0x8>
     f90:	0209a603          	lw	a2,32(s3)
     f94:	00c9a783          	lw	a5,12(s3)
     f98:	00945593          	srli	a1,s0,0x9
     f9c:	00c50533          	add	a0,a0,a2
     fa0:	0089a603          	lw	a2,8(s3)
     fa4:	00c10693          	addi	a3,sp,12
     fa8:	00c50633          	add	a2,a0,a2
     fac:	00a63533          	sltu	a0,a2,a0
     fb0:	00b605b3          	add	a1,a2,a1
     fb4:	00f50533          	add	a0,a0,a5
     fb8:	00c5b633          	sltu	a2,a1,a2
     fbc:	00a60633          	add	a2,a2,a0
     fc0:	00098513          	addi	a0,s3,0
     fc4:	00000097          	auipc	ra,0x0
			fc4: R_RISCV_CALL	cached_sector
			fc4: R_RISCV_RELAX	*ABS*
     fc8:	000080e7          	jalr	ra,0(ra) # fc4 <.L193+0x44>
     fcc:	ee0514e3          	bne	a0,zero,eb4 <.L182>
			fcc: R_RISCV_BRANCH	.L182
     fd0:	00c12603          	lw	a2,12(sp)
     fd4:	00000793          	addi	a5,zero,0

00000fd8 <.L195>:
     fd8:	00fc8733          	add	a4,s9,a5
     fdc:	00e60733          	add	a4,a2,a4
     fe0:	00074683          	lbu	a3,0(a4)
     fe4:	00fa8733          	add	a4,s5,a5
     fe8:	00178793          	addi	a5,a5,1
     fec:	00d70023          	sb	a3,0(a4)
     ff0:	fefc14e3          	bne	s8,a5,fd8 <.L195>
			ff0: R_RISCV_BRANCH	.L195
     ff4:	000b2783          	lw	a5,0(s6)
     ff8:	01840433          	add	s0,s0,s8
     ffc:	018a8ab3          	add	s5,s5,s8
    1000:	018787b3          	add	a5,a5,s8
    1004:	00fb2023          	sw	a5,0(s6)
    1008:	41890933          	sub	s2,s2,s8
    100c:	f5446ae3          	bltu	s0,s4,f60 <.L189>
			100c: R_RISCV_BRANCH	.L189
    1010:	0194c783          	lbu	a5,25(s1)
    1014:	00812583          	lw	a1,8(sp)
    1018:	04078463          	beq	a5,zero,1060 <.L197>
			1018: R_RISCV_BRANCH	.L197
    101c:	00158593          	addi	a1,a1,1
    1020:	00b12423          	sw	a1,8(sp)

00001024 <.L212>:
    1024:	00000413          	addi	s0,zero,0
    1028:	f39ff06f          	jal	zero,f60 <.L189>
			1028: R_RISCV_JAL	.L189

0000102c <.L192>:
    102c:	00810613          	addi	a2,sp,8
    1030:	00098513          	addi	a0,s3,0
    1034:	00000097          	auipc	ra,0x0
			1034: R_RISCV_CALL	next_cluster
			1034: R_RISCV_RELAX	*ABS*
    1038:	000080e7          	jalr	ra,0(ra) # 1034 <.L192+0x8>
    103c:	001cb793          	sltiu	a5,s9,1
    1040:	40fb8bb3          	sub	s7,s7,a5
    1044:	fffc8c93          	addi	s9,s9,-1
    1048:	e60516e3          	bne	a0,zero,eb4 <.L182>
			1048: R_RISCV_BRANCH	.L182

0000104c <.L188>:
    104c:	017ce7b3          	or	a5,s9,s7
    1050:	f00786e3          	beq	a5,zero,f5c <.L190>
			1050: R_RISCV_BRANCH	.L190
    1054:	00812583          	lw	a1,8(sp)
    1058:	fc059ae3          	bne	a1,zero,102c <.L192>
			1058: R_RISCV_BRANCH	.L192
    105c:	f01ff06f          	jal	zero,f5c <.L190>
			105c: R_RISCV_JAL	.L190

00001060 <.L197>:
    1060:	00810613          	addi	a2,sp,8
    1064:	00098513          	addi	a0,s3,0
    1068:	00000097          	auipc	ra,0x0
			1068: R_RISCV_CALL	next_cluster
			1068: R_RISCV_RELAX	*ABS*
    106c:	000080e7          	jalr	ra,0(ra) # 1068 <.L197+0x8>
    1070:	fa050ae3          	beq	a0,zero,1024 <.L212>
			1070: R_RISCV_BRANCH	.L212
    1074:	e41ff06f          	jal	zero,eb4 <.L182>
			1074: R_RISCV_JAL	.L182

00001078 <.L200>:
    1078:	ff600513          	addi	a0,zero,-10
    107c:	e39ff06f          	jal	zero,eb4 <.L182>
			107c: R_RISCV_JAL	.L182

00001080 <hvs_fs_read_dir>:
    1080:	f8010113          	addi	sp,sp,-128
    1084:	06912a23          	sw	s1,116(sp)
    1088:	00060493          	addi	s1,a2,0
    108c:	01810613          	addi	a2,sp,24
    1090:	06812c23          	sw	s0,120(sp)
    1094:	06112e23          	sw	ra,124(sp)
    1098:	00050413          	addi	s0,a0,0
    109c:	00d12623          	sw	a3,12(sp)
    10a0:	00000097          	auipc	ra,0x0
			10a0: R_RISCV_CALL	resolve_path
			10a0: R_RISCV_RELAX	*ABS*
    10a4:	000080e7          	jalr	ra,0(ra) # 10a0 <hvs_fs_read_dir+0x20>
    10a8:	02051a63          	bne	a0,zero,10dc <.L213>
			10a8: R_RISCV_BRANCH	.L213
    10ac:	05814783          	lbu	a5,88(sp)
    10b0:	ff600513          	addi	a0,zero,-10
    10b4:	02078463          	beq	a5,zero,10dc <.L213>
			10b4: R_RISCV_BRANCH	.L213
    10b8:	00442703          	lw	a4,4(s0)
    10bc:	00100793          	addi	a5,zero,1
    10c0:	06812583          	lw	a1,104(sp)
    10c4:	00c12683          	lw	a3,12(sp)
    10c8:	00048613          	addi	a2,s1,0
    10cc:	00040513          	addi	a0,s0,0
    10d0:	02f71063          	bne	a4,a5,10f0 <.L215>
			10d0: R_RISCV_BRANCH	.L215
    10d4:	00000097          	auipc	ra,0x0
			10d4: R_RISCV_CALL	fat32_read_dir_index
			10d4: R_RISCV_RELAX	*ABS*
    10d8:	000080e7          	jalr	ra,0(ra) # 10d4 <hvs_fs_read_dir+0x54>

000010dc <.L213>:
    10dc:	07c12083          	lw	ra,124(sp)
    10e0:	07812403          	lw	s0,120(sp)
    10e4:	07412483          	lw	s1,116(sp)
    10e8:	08010113          	addi	sp,sp,128
    10ec:	00008067          	jalr	zero,0(ra)

000010f0 <.L215>:
    10f0:	00000097          	auipc	ra,0x0
			10f0: R_RISCV_CALL	exfat_read_dir_index
			10f0: R_RISCV_RELAX	*ABS*
    10f4:	000080e7          	jalr	ra,0(ra) # 10f0 <.L215>
    10f8:	fe5ff06f          	jal	zero,10dc <.L213>
			10f8: R_RISCV_JAL	.L213
=== harvos_mister_hps_block.o ===

C:\Users\dennis\Documents\HarvOS\Template_MiSTer-master\build\supervisor\harvos_mister_hps_block.o:     file format elf32-littleriscv


Disassembly of section .text:

00000000 <start_io>:
   0:	00050813          	addi	a6,a0,0
   4:	00100513          	addi	a0,zero,1
   8:	06b56a63          	bltu	a0,a1,7c <.L6>
			8: R_RISCV_BRANCH	.L6
   c:	fff70893          	addi	a7,a4,-1
  10:	03f00313          	addi	t1,zero,63
  14:	ff600513          	addi	a0,zero,-10
  18:	07136c63          	bltu	t1,a7,90 <.L1>
			18: R_RISCV_BRANCH	.L1
  1c:	06069a63          	bne	a3,zero,90 <.L1>
			1c: R_RISCV_BRANCH	.L1
  20:	00082683          	lw	a3,0(a6)
  24:	00400513          	addi	a0,zero,4
  28:	00a6a223          	sw	a0,4(a3)
  2c:	00b6a623          	sw	a1,12(a3)
  30:	00c6a823          	sw	a2,16(a3)
  34:	0006aa23          	sw	zero,20(a3)
  38:	00e6ac23          	sw	a4,24(a3)
  3c:	00300713          	addi	a4,zero,3
  40:	00079463          	bne	a5,zero,48 <.L3>
			40: R_RISCV_BRANCH	.L3
  44:	00100713          	addi	a4,zero,1

00000048 <.L3>:
  48:	00e6a223          	sw	a4,4(a3)
  4c:	00482603          	lw	a2,4(a6)
  50:	00000713          	addi	a4,zero,0

00000054 <.L4>:
  54:	00c71663          	bne	a4,a2,60 <.L5>
			54: R_RISCV_BRANCH	.L5
  58:	ffe00513          	addi	a0,zero,-2
  5c:	00008067          	jalr	zero,0(ra)

00000060 <.L5>:
  60:	0086a783          	lw	a5,8(a3)
  64:	4007f593          	andi	a1,a5,1024
  68:	00059e63          	bne	a1,zero,84 <.L10>
			68: R_RISCV_BRANCH	.L10
  6c:	2007f793          	andi	a5,a5,512
  70:	00079e63          	bne	a5,zero,8c <.L11>
			70: R_RISCV_BRANCH	.L11
  74:	00170713          	addi	a4,a4,1
  78:	fddff06f          	jal	zero,54 <.L4>
			78: R_RISCV_JAL	.L4

0000007c <.L6>:
  7c:	ff600513          	addi	a0,zero,-10
  80:	00008067          	jalr	zero,0(ra)

00000084 <.L10>:
  84:	fff00513          	addi	a0,zero,-1
  88:	00008067          	jalr	zero,0(ra)

0000008c <.L11>:
  8c:	00000513          	addi	a0,zero,0

00000090 <.L1>:
  90:	00008067          	jalr	zero,0(ra)

00000094 <hps_write_blocks>:
  94:	01052303          	lw	t1,16(a0)
  98:	00060893          	addi	a7,a2,0
  9c:	00869e13          	slli	t3,a3,0x8
  a0:	00032503          	lw	a0,0(t1)
  a4:	00058613          	addi	a2,a1,0
  a8:	00000813          	addi	a6,zero,0
  ac:	00052e83          	lw	t4,0(a0)
  b0:	000eae23          	sw	zero,28(t4)

000000b4 <.L13>:
  b4:	01c86e63          	bltu	a6,t3,d0 <.L15>
			b4: R_RISCV_BRANCH	.L15
  b8:	00432583          	lw	a1,4(t1)
  bc:	00068713          	addi	a4,a3,0
  c0:	00100793          	addi	a5,zero,1
  c4:	00088693          	addi	a3,a7,0
  c8:	00000317          	auipc	t1,0x0
			c8: R_RISCV_CALL	start_io
			c8: R_RISCV_RELAX	*ABS*
  cc:	00030067          	jalr	zero,0(t1) # c8 <.L13+0x14>

000000d0 <.L15>:
  d0:	00180593          	addi	a1,a6,1
  d4:	00075f03          	lhu	t5,0(a4)
  d8:	00000793          	addi	a5,zero,0
  dc:	01c5f463          	bgeu	a1,t3,e4 <.L14>
			dc: R_RISCV_BRANCH	.L14
  e0:	00275783          	lhu	a5,2(a4)

000000e4 <.L14>:
  e4:	01079793          	slli	a5,a5,0x10
  e8:	01e7e7b3          	or	a5,a5,t5
  ec:	02fea023          	sw	a5,32(t4)
  f0:	00280813          	addi	a6,a6,2
  f4:	00470713          	addi	a4,a4,4
  f8:	fbdff06f          	jal	zero,b4 <.L13>
			f8: R_RISCV_JAL	.L13

000000fc <hps_read_blocks>:
  fc:	ff010113          	addi	sp,sp,-16
 100:	01212023          	sw	s2,0(sp)
 104:	01052903          	lw	s2,16(a0)
 108:	00812423          	sw	s0,8(sp)
 10c:	00912223          	sw	s1,4(sp)
 110:	00070413          	addi	s0,a4,0
 114:	00068493          	addi	s1,a3,0
 118:	00068713          	addi	a4,a3,0
 11c:	00092503          	lw	a0,0(s2)
 120:	00060693          	addi	a3,a2,0
 124:	00058613          	addi	a2,a1,0
 128:	00492583          	lw	a1,4(s2)
 12c:	00000793          	addi	a5,zero,0
 130:	00112623          	sw	ra,12(sp)
 134:	00000097          	auipc	ra,0x0
			134: R_RISCV_CALL	start_io
			134: R_RISCV_RELAX	*ABS*
 138:	000080e7          	jalr	ra,0(ra) # 134 <hps_read_blocks+0x38>
 13c:	02051063          	bne	a0,zero,15c <.L17>
			13c: R_RISCV_BRANCH	.L17
 140:	00092783          	lw	a5,0(s2)
 144:	00849493          	slli	s1,s1,0x8
 148:	00040713          	addi	a4,s0,0
 14c:	0007a603          	lw	a2,0(a5)
 150:	00000793          	addi	a5,zero,0
 154:	00062e23          	sw	zero,28(a2)

00000158 <.L19>:
 158:	0097ee63          	bltu	a5,s1,174 <.L21>
			158: R_RISCV_BRANCH	.L21

0000015c <.L17>:
 15c:	00c12083          	lw	ra,12(sp)
 160:	00812403          	lw	s0,8(sp)
 164:	00412483          	lw	s1,4(sp)
 168:	00012903          	lw	s2,0(sp)
 16c:	01010113          	addi	sp,sp,16
 170:	00008067          	jalr	zero,0(ra)

00000174 <.L21>:
 174:	02062683          	lw	a3,32(a2)
 178:	00178593          	addi	a1,a5,1
 17c:	00d71023          	sh	a3,0(a4)
 180:	0095f663          	bgeu	a1,s1,18c <.L20>
			180: R_RISCV_BRANCH	.L20
 184:	0106d693          	srli	a3,a3,0x10
 188:	00d71123          	sh	a3,2(a4)

0000018c <.L20>:
 18c:	00278793          	addi	a5,a5,2
 190:	00470713          	addi	a4,a4,4
 194:	fc5ff06f          	jal	zero,158 <.L19>
			194: R_RISCV_JAL	.L19

00000198 <hvs_mister_hps_block_init>:
 198:	009897b7          	lui	a5,0x989
 19c:	68078793          	addi	a5,a5,1664 # 989680 <.L25+0x989464>
 1a0:	00000737          	lui	a4,0x0
			1a0: R_RISCV_HI20	.LANCHOR0
			1a0: R_RISCV_RELAX	*ABS*
 1a4:	00000337          	lui	t1,0x0
			1a4: R_RISCV_HI20	hps_read_blocks
			1a4: R_RISCV_RELAX	*ABS*
 1a8:	000008b7          	lui	a7,0x0
			1a8: R_RISCV_HI20	hps_write_blocks
			1a8: R_RISCV_RELAX	*ABS*
 1ac:	00f52223          	sw	a5,4(a0)
 1b0:	00b52023          	sw	a1,0(a0)
 1b4:	00070713          	addi	a4,a4,0 # 0 <start_io>
			1b4: R_RISCV_LO12_I	.LANCHOR0
			1b4: R_RISCV_RELAX	*ABS*
 1b8:	00850793          	addi	a5,a0,8
 1bc:	00000613          	addi	a2,zero,0
 1c0:	20000f13          	addi	t5,zero,512
 1c4:	00030313          	addi	t1,t1,0 # 0 <start_io>
			1c4: R_RISCV_LO12_I	hps_read_blocks
			1c4: R_RISCV_RELAX	*ABS*
 1c8:	00088893          	addi	a7,a7,0 # 0 <start_io>
			1c8: R_RISCV_LO12_I	hps_write_blocks
			1c8: R_RISCV_RELAX	*ABS*
 1cc:	00100e13          	addi	t3,zero,1

000001d0 <.L24>:
 1d0:	00c72223          	sw	a2,4(a4)
 1d4:	00a72023          	sw	a0,0(a4)
 1d8:	00c5a623          	sw	a2,12(a1)
 1dc:	0245a683          	lw	a3,36(a1)
 1e0:	0285a803          	lw	a6,40(a1)
 1e4:	00e7a823          	sw	a4,16(a5)
 1e8:	0096d693          	srli	a3,a3,0x9
 1ec:	01781e93          	slli	t4,a6,0x17
 1f0:	01d6e6b3          	or	a3,a3,t4
 1f4:	00985813          	srli	a6,a6,0x9
 1f8:	01e7a023          	sw	t5,0(a5)
 1fc:	00d7a423          	sw	a3,8(a5)
 200:	0107a623          	sw	a6,12(a5)
 204:	0067aa23          	sw	t1,20(a5)
 208:	0117ac23          	sw	a7,24(a5)
 20c:	00870713          	addi	a4,a4,8
 210:	02078793          	addi	a5,a5,32
 214:	01c61463          	bne	a2,t3,21c <.L25>
			214: R_RISCV_BRANCH	.L25
 218:	00008067          	jalr	zero,0(ra)

0000021c <.L25>:
 21c:	00100613          	addi	a2,zero,1
 220:	fb1ff06f          	jal	zero,1d0 <.L24>
			220: R_RISCV_JAL	.L24
=== harvos_net_mmio.o ===

C:\Users\dennis\Documents\HarvOS\Template_MiSTer-master\build\supervisor\harvos_net_mmio.o:     file format elf32-littleriscv


Disassembly of section .text:

00000000 <copy_bytes>:
   0:	00000793          	addi	a5,zero,0

00000004 <.L2>:
   4:	00c79463          	bne	a5,a2,c <.L3>
			4: R_RISCV_BRANCH	.L3
   8:	00008067          	jalr	zero,0(ra)

0000000c <.L3>:
   c:	00f58733          	add	a4,a1,a5
  10:	00074683          	lbu	a3,0(a4)
  14:	00f50733          	add	a4,a0,a5
  18:	00178793          	addi	a5,a5,1
  1c:	00d70023          	sb	a3,0(a4)
  20:	fe5ff06f          	jal	zero,4 <.L2>
			20: R_RISCV_JAL	.L2

00000024 <wait_done>:
  24:	01052603          	lw	a2,16(a0)
  28:	00000693          	addi	a3,zero,0
  2c:	00000713          	addi	a4,zero,0

00000030 <.L5>:
  30:	00e61663          	bne	a2,a4,3c <.L9>
			30: R_RISCV_BRANCH	.L9
  34:	ffe00513          	addi	a0,zero,-2
  38:	00008067          	jalr	zero,0(ra)

0000003c <.L9>:
  3c:	00052783          	lw	a5,0(a0)
  40:	0087a783          	lw	a5,8(a5)
  44:	4007f593          	andi	a1,a5,1024
  48:	02059263          	bne	a1,zero,6c <.L10>
			48: R_RISCV_BRANCH	.L10
  4c:	1007f593          	andi	a1,a5,256
  50:	00058463          	beq	a1,zero,58 <.L7>
			50: R_RISCV_BRANCH	.L7
  54:	00100693          	addi	a3,zero,1

00000058 <.L7>:
  58:	2007f793          	andi	a5,a5,512
  5c:	00078463          	beq	a5,zero,64 <.L8>
			5c: R_RISCV_BRANCH	.L8
  60:	00069a63          	bne	a3,zero,74 <.L11>
			60: R_RISCV_BRANCH	.L11

00000064 <.L8>:
  64:	00170713          	addi	a4,a4,1
  68:	fc9ff06f          	jal	zero,30 <.L5>
			68: R_RISCV_JAL	.L5

0000006c <.L10>:
  6c:	fff00513          	addi	a0,zero,-1
  70:	00008067          	jalr	zero,0(ra)

00000074 <.L11>:
  74:	00000513          	addi	a0,zero,0
  78:	00008067          	jalr	zero,0(ra)

0000007c <wait_idle>:
  7c:	01052683          	lw	a3,16(a0)
  80:	00000713          	addi	a4,zero,0

00000084 <.L19>:
  84:	00e69663          	bne	a3,a4,90 <.L21>
			84: R_RISCV_BRANCH	.L21
  88:	ffe00513          	addi	a0,zero,-2
  8c:	00008067          	jalr	zero,0(ra)

00000090 <.L21>:
  90:	00052783          	lw	a5,0(a0)
  94:	0087a783          	lw	a5,8(a5)
  98:	4007f613          	andi	a2,a5,1024
  9c:	00061a63          	bne	a2,zero,b0 <.L22>
			9c: R_RISCV_BRANCH	.L22
  a0:	1007f793          	andi	a5,a5,256
  a4:	00078a63          	beq	a5,zero,b8 <.L23>
			a4: R_RISCV_BRANCH	.L23
  a8:	00170713          	addi	a4,a4,1
  ac:	fd9ff06f          	jal	zero,84 <.L19>
			ac: R_RISCV_JAL	.L19

000000b0 <.L22>:
  b0:	fff00513          	addi	a0,zero,-1
  b4:	00008067          	jalr	zero,0(ra)

000000b8 <.L23>:
  b8:	00000513          	addi	a0,zero,0
  bc:	00008067          	jalr	zero,0(ra)

000000c0 <hvs_net_mmio_init>:
  c0:	000187b7          	lui	a5,0x18
  c4:	6a078793          	addi	a5,a5,1696 # 186a0 <.L105+0x17ed8>
  c8:	00f52823          	sw	a5,16(a0)
  cc:	00b52023          	sw	a1,0(a0)
  d0:	00c52223          	sw	a2,4(a0)
  d4:	00d52423          	sw	a3,8(a0)
  d8:	00e52623          	sw	a4,12(a0)
  dc:	06500793          	addi	a5,zero,101
  e0:	00f5a223          	sw	a5,4(a1)
  e4:	01f00793          	addi	a5,zero,31
  e8:	00f5a623          	sw	a5,12(a1)
  ec:	00c5aa23          	sw	a2,20(a1)
  f0:	02c5a023          	sw	a2,32(a1)
  f4:	00008067          	jalr	zero,0(ra)

000000f8 <hvs_net_mmio_send_frame>:
  f8:	fe010113          	addi	sp,sp,-32
  fc:	00112e23          	sw	ra,28(sp)
 100:	00812c23          	sw	s0,24(sp)
 104:	00912a23          	sw	s1,20(sp)
 108:	01212823          	sw	s2,16(sp)
 10c:	00b12623          	sw	a1,12(sp)
 110:	0a058463          	beq	a1,zero,1b8 <.L31>
			110: R_RISCV_BRANCH	.L31
 114:	00060493          	addi	s1,a2,0
 118:	0a060063          	beq	a2,zero,1b8 <.L31>
			118: R_RISCV_BRANCH	.L31
 11c:	00c52783          	lw	a5,12(a0)
 120:	00360913          	addi	s2,a2,3
 124:	ffc97913          	andi	s2,s2,-4
 128:	00050413          	addi	s0,a0,0
 12c:	0927e663          	bltu	a5,s2,1b8 <.L31>
			12c: R_RISCV_BRANCH	.L31
 130:	00000097          	auipc	ra,0x0
			130: R_RISCV_CALL	wait_idle
			130: R_RISCV_RELAX	*ABS*
 134:	000080e7          	jalr	ra,0(ra) # 130 <hvs_net_mmio_send_frame+0x38>
 138:	08051e63          	bne	a0,zero,1d4 <.L32>
			138: R_RISCV_BRANCH	.L32
 13c:	00042783          	lw	a5,0(s0)
 140:	00002737          	lui	a4,0x2
 144:	0087a783          	lw	a5,8(a5)
 148:	00e7f7b3          	and	a5,a5,a4
 14c:	08078863          	beq	a5,zero,1dc <.L33>
			14c: R_RISCV_BRANCH	.L33
 150:	00c12583          	lw	a1,12(sp)
 154:	00842503          	lw	a0,8(s0)
 158:	00048613          	addi	a2,s1,0
 15c:	00000097          	auipc	ra,0x0
			15c: R_RISCV_CALL	copy_bytes
			15c: R_RISCV_RELAX	*ABS*
 160:	000080e7          	jalr	ra,0(ra) # 15c <hvs_net_mmio_send_frame+0x64>
 164:	00842703          	lw	a4,8(s0)
 168:	00048793          	addi	a5,s1,0

0000016c <.L27>:
 16c:	0327ee63          	bltu	a5,s2,1a8 <.L28>
			16c: R_RISCV_BRANCH	.L28
 170:	00442703          	lw	a4,4(s0)
 174:	00042783          	lw	a5,0(s0)
 178:	00040513          	addi	a0,s0,0
 17c:	01812403          	lw	s0,24(sp)
 180:	02e7a023          	sw	a4,32(a5)
 184:	0297a223          	sw	s1,36(a5)
 188:	01c12083          	lw	ra,28(sp)
 18c:	01412483          	lw	s1,20(sp)
 190:	01012903          	lw	s2,16(sp)
 194:	00100713          	addi	a4,zero,1
 198:	00e7ae23          	sw	a4,28(a5)
 19c:	02010113          	addi	sp,sp,32
 1a0:	00000317          	auipc	t1,0x0
			1a0: R_RISCV_CALL	wait_done
			1a0: R_RISCV_RELAX	*ABS*
 1a4:	00030067          	jalr	zero,0(t1) # 1a0 <.L27+0x34>

000001a8 <.L28>:
 1a8:	00f706b3          	add	a3,a4,a5
 1ac:	00068023          	sb	zero,0(a3)
 1b0:	00178793          	addi	a5,a5,1
 1b4:	fb9ff06f          	jal	zero,16c <.L27>
			1b4: R_RISCV_JAL	.L27

000001b8 <.L31>:
 1b8:	ff600513          	addi	a0,zero,-10

000001bc <.L25>:
 1bc:	01c12083          	lw	ra,28(sp)
 1c0:	01812403          	lw	s0,24(sp)
 1c4:	01412483          	lw	s1,20(sp)
 1c8:	01012903          	lw	s2,16(sp)
 1cc:	02010113          	addi	sp,sp,32
 1d0:	00008067          	jalr	zero,0(ra)

000001d4 <.L32>:
 1d4:	ffe00513          	addi	a0,zero,-2
 1d8:	fe5ff06f          	jal	zero,1bc <.L25>
			1d8: R_RISCV_JAL	.L25

000001dc <.L33>:
 1dc:	ff900513          	addi	a0,zero,-7
 1e0:	fddff06f          	jal	zero,1bc <.L25>
			1e0: R_RISCV_JAL	.L25

000001e4 <hvs_net_mmio_recv_frame>:
 1e4:	fe010113          	addi	sp,sp,-32
 1e8:	00812c23          	sw	s0,24(sp)
 1ec:	00112e23          	sw	ra,28(sp)
 1f0:	00912a23          	sw	s1,20(sp)
 1f4:	01212823          	sw	s2,16(sp)
 1f8:	01312623          	sw	s3,12(sp)
 1fc:	01412423          	sw	s4,8(sp)
 200:	ff600413          	addi	s0,zero,-10
 204:	08058a63          	beq	a1,zero,298 <.L35>
			204: R_RISCV_BRANCH	.L35
 208:	00060493          	addi	s1,a2,0
 20c:	ff600413          	addi	s0,zero,-10
 210:	08060463          	beq	a2,zero,298 <.L35>
			210: R_RISCV_BRANCH	.L35
 214:	00c52703          	lw	a4,12(a0)
 218:	00360793          	addi	a5,a2,3
 21c:	ffc7f793          	andi	a5,a5,-4
 220:	00050913          	addi	s2,a0,0
 224:	06f76a63          	bltu	a4,a5,298 <.L35>
			224: R_RISCV_BRANCH	.L35
 228:	00058a13          	addi	s4,a1,0
 22c:	00068993          	addi	s3,a3,0
 230:	00000097          	auipc	ra,0x0
			230: R_RISCV_CALL	wait_idle
			230: R_RISCV_RELAX	*ABS*
 234:	000080e7          	jalr	ra,0(ra) # 230 <hvs_net_mmio_recv_frame+0x4c>
 238:	00050413          	addi	s0,a0,0
 23c:	04051e63          	bne	a0,zero,298 <.L35>
			23c: R_RISCV_BRANCH	.L35
 240:	00492703          	lw	a4,4(s2)
 244:	00092783          	lw	a5,0(s2)
 248:	00090513          	addi	a0,s2,0
 24c:	00e7aa23          	sw	a4,20(a5)
 250:	0097ac23          	sw	s1,24(a5)
 254:	00200713          	addi	a4,zero,2
 258:	00e7ae23          	sw	a4,28(a5)
 25c:	00000097          	auipc	ra,0x0
			25c: R_RISCV_CALL	wait_done
			25c: R_RISCV_RELAX	*ABS*
 260:	000080e7          	jalr	ra,0(ra) # 25c <hvs_net_mmio_recv_frame+0x78>
 264:	00050413          	addi	s0,a0,0
 268:	02051863          	bne	a0,zero,298 <.L35>
			268: R_RISCV_BRANCH	.L35
 26c:	00092783          	lw	a5,0(s2)
 270:	0307a783          	lw	a5,48(a5)
 274:	0097f463          	bgeu	a5,s1,27c <.L37>
			274: R_RISCV_BRANCH	.L37
 278:	00078493          	addi	s1,a5,0

0000027c <.L37>:
 27c:	00892583          	lw	a1,8(s2)
 280:	00048613          	addi	a2,s1,0
 284:	000a0513          	addi	a0,s4,0
 288:	00000097          	auipc	ra,0x0
			288: R_RISCV_CALL	copy_bytes
			288: R_RISCV_RELAX	*ABS*
 28c:	000080e7          	jalr	ra,0(ra) # 288 <.L37+0xc>
 290:	00098463          	beq	s3,zero,298 <.L35>
			290: R_RISCV_BRANCH	.L35
 294:	0099a023          	sw	s1,0(s3)

00000298 <.L35>:
 298:	01c12083          	lw	ra,28(sp)
 29c:	00040513          	addi	a0,s0,0
 2a0:	01812403          	lw	s0,24(sp)
 2a4:	01412483          	lw	s1,20(sp)
 2a8:	01012903          	lw	s2,16(sp)
 2ac:	00c12983          	lw	s3,12(sp)
 2b0:	00812a03          	lw	s4,8(sp)
 2b4:	02010113          	addi	sp,sp,32
 2b8:	00008067          	jalr	zero,0(ra)

000002bc <hvs_net_mmio_status>:
 2bc:	00052783          	lw	a5,0(a0)
 2c0:	0087a503          	lw	a0,8(a5)
 2c4:	00008067          	jalr	zero,0(ra)

000002c8 <hvs_net_mmio_rx_pending>:
 2c8:	00052783          	lw	a5,0(a0)
 2cc:	03c7a503          	lw	a0,60(a5)
 2d0:	01051513          	slli	a0,a0,0x10
 2d4:	01055513          	srli	a0,a0,0x10
 2d8:	00008067          	jalr	zero,0(ra)

000002dc <hvs_net_driver_init>:
 2dc:	02050263          	beq	a0,zero,300 <.L47>
			2dc: R_RISCV_BRANCH	.L47
 2e0:	0000c737          	lui	a4,0xc
 2e4:	00000793          	addi	a5,zero,0
 2e8:	e7070713          	addi	a4,a4,-400 # be70 <.L105+0xb6a8>

000002ec <.L49>:
 2ec:	00f506b3          	add	a3,a0,a5
 2f0:	00068023          	sb	zero,0(a3)
 2f4:	00178793          	addi	a5,a5,1
 2f8:	fee79ae3          	bne	a5,a4,2ec <.L49>
			2f8: R_RISCV_BRANCH	.L49
 2fc:	00b52023          	sw	a1,0(a0)

00000300 <.L47>:
 300:	00008067          	jalr	zero,0(ra)

00000304 <hvs_net_driver_rx_available>:
 304:	00050a63          	beq	a0,zero,318 <.L56>
			304: R_RISCV_BRANCH	.L56
 308:	0000c7b7          	lui	a5,0xc
 30c:	00f50533          	add	a0,a0,a5
 310:	e4c52503          	lw	a0,-436(a0)
 314:	00008067          	jalr	zero,0(ra)

00000318 <.L56>:
 318:	00000513          	addi	a0,zero,0
 31c:	00008067          	jalr	zero,0(ra)

00000320 <hvs_net_driver_tx_space>:
 320:	00050e63          	beq	a0,zero,33c <.L59>
			320: R_RISCV_BRANCH	.L59
 324:	0000c7b7          	lui	a5,0xc
 328:	00f50533          	add	a0,a0,a5
 32c:	e5852783          	lw	a5,-424(a0)
 330:	01000513          	addi	a0,zero,16
 334:	40f50533          	sub	a0,a0,a5
 338:	00008067          	jalr	zero,0(ra)

0000033c <.L59>:
 33c:	00000513          	addi	a0,zero,0
 340:	00008067          	jalr	zero,0(ra)

00000344 <hvs_net_driver_enqueue_tx>:
 344:	10050e63          	beq	a0,zero,460 <.L64>
			344: R_RISCV_BRANCH	.L64
 348:	00052783          	lw	a5,0(a0)
 34c:	fe010113          	addi	sp,sp,-32
 350:	00812c23          	sw	s0,24(sp)
 354:	00112e23          	sw	ra,28(sp)
 358:	00912a23          	sw	s1,20(sp)
 35c:	01212823          	sw	s2,16(sp)
 360:	01312623          	sw	s3,12(sp)
 364:	01412423          	sw	s4,8(sp)
 368:	01512223          	sw	s5,4(sp)
 36c:	00050413          	addi	s0,a0,0
 370:	ff600513          	addi	a0,zero,-10
 374:	04078063          	beq	a5,zero,3b4 <.L60>
			374: R_RISCV_BRANCH	.L60
 378:	00058993          	addi	s3,a1,0
 37c:	02058c63          	beq	a1,zero,3b4 <.L60>
			37c: R_RISCV_BRANCH	.L60
 380:	fff60793          	addi	a5,a2,-1
 384:	5ed00713          	addi	a4,zero,1517
 388:	00060913          	addi	s2,a2,0
 38c:	02f76463          	bltu	a4,a5,3b4 <.L60>
			38c: R_RISCV_BRANCH	.L60
 390:	0000c4b7          	lui	s1,0xc
 394:	009404b3          	add	s1,s0,s1
 398:	e584a703          	lw	a4,-424(s1) # be58 <.L105+0xb690>
 39c:	00f00793          	addi	a5,zero,15
 3a0:	02e7fc63          	bgeu	a5,a4,3d8 <.L62>
			3a0: R_RISCV_BRANCH	.L62
 3a4:	e684a783          	lw	a5,-408(s1)
 3a8:	ff900513          	addi	a0,zero,-7
 3ac:	00178793          	addi	a5,a5,1 # c001 <.L105+0xb839>
 3b0:	e6f4a423          	sw	a5,-408(s1)

000003b4 <.L60>:
 3b4:	01c12083          	lw	ra,28(sp)
 3b8:	01812403          	lw	s0,24(sp)
 3bc:	01412483          	lw	s1,20(sp)
 3c0:	01012903          	lw	s2,16(sp)
 3c4:	00c12983          	lw	s3,12(sp)
 3c8:	00812a03          	lw	s4,8(sp)
 3cc:	00412a83          	lw	s5,4(sp)
 3d0:	02010113          	addi	sp,sp,32
 3d4:	00008067          	jalr	zero,0(ra)

000003d8 <.L62>:
 3d8:	e544aa83          	lw	s5,-428(s1)
 3dc:	5f200593          	addi	a1,zero,1522
 3e0:	00006a37          	lui	s4,0x6
 3e4:	000a8513          	addi	a0,s5,0
 3e8:	00000097          	auipc	ra,0x0
			3e8: R_RISCV_CALL	__mulsi3
			3e8: R_RISCV_RELAX	*ABS*
 3ec:	000080e7          	jalr	ra,0(ra) # 3e8 <.L62+0x10>
 3f0:	00a40533          	add	a0,s0,a0
 3f4:	00aa0533          	add	a0,s4,a0
 3f8:	f3251223          	sh	s2,-220(a0)
 3fc:	f2051323          	sh	zero,-218(a0)
 400:	5f200593          	addi	a1,zero,1522
 404:	000a8513          	addi	a0,s5,0
 408:	00000097          	auipc	ra,0x0
			408: R_RISCV_CALL	__mulsi3
			408: R_RISCV_RELAX	*ABS*
 40c:	000080e7          	jalr	ra,0(ra) # 408 <.L62+0x30>
 410:	f28a0a13          	addi	s4,s4,-216 # 5f28 <.L105+0x5760>
 414:	01450533          	add	a0,a0,s4
 418:	00090613          	addi	a2,s2,0
 41c:	00098593          	addi	a1,s3,0
 420:	00a40533          	add	a0,s0,a0
 424:	00000097          	auipc	ra,0x0
			424: R_RISCV_CALL	copy_bytes
			424: R_RISCV_RELAX	*ABS*
 428:	000080e7          	jalr	ra,0(ra) # 424 <.L62+0x4c>
 42c:	e544a783          	lw	a5,-428(s1)
 430:	01000713          	addi	a4,zero,16
 434:	00178793          	addi	a5,a5,1
 438:	00e79463          	bne	a5,a4,440 <.L63>
			438: R_RISCV_BRANCH	.L63
 43c:	00000793          	addi	a5,zero,0

00000440 <.L63>:
 440:	0000c537          	lui	a0,0xc
 444:	00a40433          	add	s0,s0,a0
 448:	e4f42a23          	sw	a5,-428(s0)
 44c:	e5842783          	lw	a5,-424(s0)
 450:	00000513          	addi	a0,zero,0
 454:	00178793          	addi	a5,a5,1
 458:	e4f42c23          	sw	a5,-424(s0)
 45c:	f59ff06f          	jal	zero,3b4 <.L60>
			45c: R_RISCV_JAL	.L60

00000460 <.L64>:
 460:	ff600513          	addi	a0,zero,-10
 464:	00008067          	jalr	zero,0(ra)

00000468 <hvs_net_driver_dequeue_rx>:
 468:	10050263          	beq	a0,zero,56c <.L76>
			468: R_RISCV_BRANCH	.L76
 46c:	fe010113          	addi	sp,sp,-32
 470:	00812c23          	sw	s0,24(sp)
 474:	01212823          	sw	s2,16(sp)
 478:	00112e23          	sw	ra,28(sp)
 47c:	00912a23          	sw	s1,20(sp)
 480:	01312623          	sw	s3,12(sp)
 484:	01412423          	sw	s4,8(sp)
 488:	01512223          	sw	s5,4(sp)
 48c:	00050413          	addi	s0,a0,0 # c000 <.L105+0xb838>
 490:	00058913          	addi	s2,a1,0
 494:	ff600513          	addi	a0,zero,-10
 498:	0a058863          	beq	a1,zero,548 <.L72>
			498: R_RISCV_BRANCH	.L72
 49c:	00060993          	addi	s3,a2,0
 4a0:	0a060463          	beq	a2,zero,548 <.L72>
			4a0: R_RISCV_BRANCH	.L72
 4a4:	0000c7b7          	lui	a5,0xc
 4a8:	00f407b3          	add	a5,s0,a5
 4ac:	e4c7a703          	lw	a4,-436(a5) # be4c <.L105+0xb684>
 4b0:	ffd00513          	addi	a0,zero,-3
 4b4:	08070a63          	beq	a4,zero,548 <.L72>
			4b4: R_RISCV_BRANCH	.L72
 4b8:	e447aa83          	lw	s5,-444(a5)
 4bc:	5f200593          	addi	a1,zero,1522
 4c0:	00068493          	addi	s1,a3,0
 4c4:	000a8513          	addi	a0,s5,0
 4c8:	00000097          	auipc	ra,0x0
			4c8: R_RISCV_CALL	__mulsi3
			4c8: R_RISCV_RELAX	*ABS*
 4cc:	000080e7          	jalr	ra,0(ra) # 4c8 <hvs_net_driver_dequeue_rx+0x60>
 4d0:	00a40533          	add	a0,s0,a0
 4d4:	00455a03          	lhu	s4,4(a0)
 4d8:	ff600513          	addi	a0,zero,-10
 4dc:	0749e663          	bltu	s3,s4,548 <.L72>
			4dc: R_RISCV_BRANCH	.L72
 4e0:	5f200593          	addi	a1,zero,1522
 4e4:	000a8513          	addi	a0,s5,0
 4e8:	00000097          	auipc	ra,0x0
			4e8: R_RISCV_CALL	__mulsi3
			4e8: R_RISCV_RELAX	*ABS*
 4ec:	000080e7          	jalr	ra,0(ra) # 4e8 <hvs_net_driver_dequeue_rx+0x80>
 4f0:	00850593          	addi	a1,a0,8
 4f4:	000a0613          	addi	a2,s4,0
 4f8:	00b405b3          	add	a1,s0,a1
 4fc:	00090513          	addi	a0,s2,0
 500:	00000097          	auipc	ra,0x0
			500: R_RISCV_CALL	copy_bytes
			500: R_RISCV_RELAX	*ABS*
 504:	000080e7          	jalr	ra,0(ra) # 500 <hvs_net_driver_dequeue_rx+0x98>
 508:	00048463          	beq	s1,zero,510 <.L74>
			508: R_RISCV_BRANCH	.L74
 50c:	0144a023          	sw	s4,0(s1)

00000510 <.L74>:
 510:	0000c7b7          	lui	a5,0xc
 514:	00f407b3          	add	a5,s0,a5
 518:	e447a783          	lw	a5,-444(a5) # be44 <.L105+0xb67c>
 51c:	01000713          	addi	a4,zero,16
 520:	00178793          	addi	a5,a5,1
 524:	00e79463          	bne	a5,a4,52c <.L75>
			524: R_RISCV_BRANCH	.L75
 528:	00000793          	addi	a5,zero,0

0000052c <.L75>:
 52c:	0000c537          	lui	a0,0xc
 530:	00a40433          	add	s0,s0,a0
 534:	e4f42223          	sw	a5,-444(s0)
 538:	e4c42783          	lw	a5,-436(s0)
 53c:	00000513          	addi	a0,zero,0
 540:	fff78793          	addi	a5,a5,-1
 544:	e4f42623          	sw	a5,-436(s0)

00000548 <.L72>:
 548:	01c12083          	lw	ra,28(sp)
 54c:	01812403          	lw	s0,24(sp)
 550:	01412483          	lw	s1,20(sp)
 554:	01012903          	lw	s2,16(sp)
 558:	00c12983          	lw	s3,12(sp)
 55c:	00812a03          	lw	s4,8(sp)
 560:	00412a83          	lw	s5,4(sp)
 564:	02010113          	addi	sp,sp,32
 568:	00008067          	jalr	zero,0(ra)

0000056c <.L76>:
 56c:	ff600513          	addi	a0,zero,-10
 570:	00008067          	jalr	zero,0(ra)

00000574 <hvs_net_driver_poll>:
 574:	24050a63          	beq	a0,zero,7c8 <.L105>
			574: R_RISCV_BRANCH	.L105
 578:	00052783          	lw	a5,0(a0) # c000 <.L105+0xb838>
 57c:	fb010113          	addi	sp,sp,-80
 580:	04812423          	sw	s0,72(sp)
 584:	04112623          	sw	ra,76(sp)
 588:	04912223          	sw	s1,68(sp)
 58c:	05212023          	sw	s2,64(sp)
 590:	03312e23          	sw	s3,60(sp)
 594:	03412c23          	sw	s4,56(sp)
 598:	03512a23          	sw	s5,52(sp)
 59c:	03612823          	sw	s6,48(sp)
 5a0:	03712623          	sw	s7,44(sp)
 5a4:	03812423          	sw	s8,40(sp)
 5a8:	03912223          	sw	s9,36(sp)
 5ac:	00050413          	addi	s0,a0,0
 5b0:	ff600513          	addi	a0,zero,-10
 5b4:	10078663          	beq	a5,zero,6c0 <.L88>
			5b4: R_RISCV_BRANCH	.L88
 5b8:	0000c4b7          	lui	s1,0xc
 5bc:	00006937          	lui	s2,0x6
 5c0:	00058a13          	addi	s4,a1,0
 5c4:	00060b13          	addi	s6,a2,0
 5c8:	00000a93          	addi	s5,zero,0
 5cc:	009404b3          	add	s1,s0,s1
 5d0:	f2890993          	addi	s3,s2,-216 # 5f28 <.L105+0x5760>
 5d4:	01000c93          	addi	s9,zero,16

000005d8 <.L90>:
 5d8:	00042b83          	lw	s7,0(s0)
 5dc:	016a8663          	beq	s5,s6,5e8 <.L93>
			5dc: R_RISCV_BRANCH	.L93
 5e0:	e584a783          	lw	a5,-424(s1) # be58 <.L105+0xb690>
 5e4:	08079063          	bne	a5,zero,664 <.L94>
			5e4: R_RISCV_BRANCH	.L94

000005e8 <.L93>:
 5e8:	000b8513          	addi	a0,s7,0
 5ec:	00000097          	auipc	ra,0x0
			5ec: R_RISCV_CALL	hvs_net_mmio_rx_pending
			5ec: R_RISCV_RELAX	*ABS*
 5f0:	000080e7          	jalr	ra,0(ra) # 5ec <.L93+0x4>
 5f4:	0000c4b7          	lui	s1,0xc
 5f8:	00050913          	addi	s2,a0,0
 5fc:	00000c13          	addi	s8,zero,0
 600:	00004ab7          	lui	s5,0x4
 604:	009404b3          	add	s1,s0,s1
 608:	00f00b13          	addi	s6,zero,15
 60c:	01000b93          	addi	s7,zero,16

00000610 <.L95>:
 610:	034c0c63          	beq	s8,s4,648 <.L103>
			610: R_RISCV_BRANCH	.L103
 614:	00012e23          	sw	zero,28(sp)
 618:	00091e63          	bne	s2,zero,634 <.L96>
			618: R_RISCV_BRANCH	.L96
 61c:	00042783          	lw	a5,0(s0)
 620:	0007a783          	lw	a5,0(a5)
 624:	0087a783          	lw	a5,8(a5)
 628:	0157f7b3          	and	a5,a5,s5
 62c:	00078e63          	beq	a5,zero,648 <.L103>
			62c: R_RISCV_BRANCH	.L103
 630:	00100913          	addi	s2,zero,1

00000634 <.L96>:
 634:	e4c4a783          	lw	a5,-436(s1) # be4c <.L105+0xb684>
 638:	0efb7863          	bgeu	s6,a5,728 <.L98>
			638: R_RISCV_BRANCH	.L98
 63c:	e644a783          	lw	a5,-412(s1)
 640:	00178793          	addi	a5,a5,1
 644:	e6f4a223          	sw	a5,-412(s1)

00000648 <.L103>:
 648:	00000513          	addi	a0,zero,0
 64c:	060c0a63          	beq	s8,zero,6c0 <.L88>
			64c: R_RISCV_BRANCH	.L88
 650:	00042783          	lw	a5,0(s0)
 654:	01100713          	addi	a4,zero,17
 658:	0007a783          	lw	a5,0(a5)
 65c:	00e7a823          	sw	a4,16(a5)
 660:	0600006f          	jal	zero,6c0 <.L88>
			660: R_RISCV_JAL	.L88

00000664 <.L94>:
 664:	e504ac03          	lw	s8,-432(s1)
 668:	5f200593          	addi	a1,zero,1522
 66c:	000c0513          	addi	a0,s8,0
 670:	00000097          	auipc	ra,0x0
			670: R_RISCV_CALL	__mulsi3
			670: R_RISCV_RELAX	*ABS*
 674:	000080e7          	jalr	ra,0(ra) # 670 <.L94+0xc>
 678:	00a40533          	add	a0,s0,a0
 67c:	00a90533          	add	a0,s2,a0
 680:	f2455603          	lhu	a2,-220(a0)
 684:	5f200593          	addi	a1,zero,1522
 688:	000c0513          	addi	a0,s8,0
 68c:	00c12623          	sw	a2,12(sp)
 690:	00000097          	auipc	ra,0x0
			690: R_RISCV_CALL	__mulsi3
			690: R_RISCV_RELAX	*ABS*
 694:	000080e7          	jalr	ra,0(ra) # 690 <.L94+0x2c>
 698:	00c12603          	lw	a2,12(sp)
 69c:	013505b3          	add	a1,a0,s3
 6a0:	00b405b3          	add	a1,s0,a1
 6a4:	000b8513          	addi	a0,s7,0
 6a8:	00000097          	auipc	ra,0x0
			6a8: R_RISCV_CALL	hvs_net_mmio_send_frame
			6a8: R_RISCV_RELAX	*ABS*
 6ac:	000080e7          	jalr	ra,0(ra) # 6a8 <.L94+0x44>
 6b0:	04050263          	beq	a0,zero,6f4 <.L91>
			6b0: R_RISCV_BRANCH	.L91

000006b4 <.L116>:
 6b4:	e6c4a783          	lw	a5,-404(s1)
 6b8:	00178793          	addi	a5,a5,1
 6bc:	e6f4a623          	sw	a5,-404(s1)

000006c0 <.L88>:
 6c0:	04c12083          	lw	ra,76(sp)
 6c4:	04812403          	lw	s0,72(sp)
 6c8:	04412483          	lw	s1,68(sp)
 6cc:	04012903          	lw	s2,64(sp)
 6d0:	03c12983          	lw	s3,60(sp)
 6d4:	03812a03          	lw	s4,56(sp)
 6d8:	03412a83          	lw	s5,52(sp)
 6dc:	03012b03          	lw	s6,48(sp)
 6e0:	02c12b83          	lw	s7,44(sp)
 6e4:	02812c03          	lw	s8,40(sp)
 6e8:	02412c83          	lw	s9,36(sp)
 6ec:	05010113          	addi	sp,sp,80
 6f0:	00008067          	jalr	zero,0(ra)

000006f4 <.L91>:
 6f4:	e504a783          	lw	a5,-432(s1)
 6f8:	00178793          	addi	a5,a5,1
 6fc:	01979463          	bne	a5,s9,704 <.L92>
			6fc: R_RISCV_BRANCH	.L92
 700:	00000793          	addi	a5,zero,0

00000704 <.L92>:
 704:	e4f4a823          	sw	a5,-432(s1)
 708:	e584a783          	lw	a5,-424(s1)
 70c:	001a8a93          	addi	s5,s5,1 # 4001 <.L105+0x3839>
 710:	fff78793          	addi	a5,a5,-1
 714:	e4f4ac23          	sw	a5,-424(s1)
 718:	e604a783          	lw	a5,-416(s1)
 71c:	00178793          	addi	a5,a5,1
 720:	e6f4a023          	sw	a5,-416(s1)
 724:	eb5ff06f          	jal	zero,5d8 <.L90>
			724: R_RISCV_JAL	.L90

00000728 <.L98>:
 728:	e484a503          	lw	a0,-440(s1)
 72c:	5f200593          	addi	a1,zero,1522
 730:	00000097          	auipc	ra,0x0
			730: R_RISCV_CALL	__mulsi3
			730: R_RISCV_RELAX	*ABS*
 734:	000080e7          	jalr	ra,0(ra) # 730 <.L98+0x8>
 738:	00850593          	addi	a1,a0,8
 73c:	00050993          	addi	s3,a0,0
 740:	00042503          	lw	a0,0(s0)
 744:	01c10693          	addi	a3,sp,28
 748:	5ee00613          	addi	a2,zero,1518
 74c:	00b405b3          	add	a1,s0,a1
 750:	00000097          	auipc	ra,0x0
			750: R_RISCV_CALL	hvs_net_mmio_recv_frame
			750: R_RISCV_RELAX	*ABS*
 754:	000080e7          	jalr	ra,0(ra) # 750 <.L98+0x28>
 758:	f4051ee3          	bne	a0,zero,6b4 <.L116>
			758: R_RISCV_BRANCH	.L116
 75c:	01c12703          	lw	a4,28(sp)
 760:	5ee00793          	addi	a5,zero,1518
 764:	00e7f463          	bgeu	a5,a4,76c <.L100>
			764: R_RISCV_BRANCH	.L100
 768:	00f12e23          	sw	a5,28(sp)

0000076c <.L100>:
 76c:	01c12783          	lw	a5,28(sp)
 770:	013409b3          	add	s3,s0,s3
 774:	00099323          	sh	zero,6(s3)
 778:	00f99223          	sh	a5,4(s3)
 77c:	e484a783          	lw	a5,-440(s1)
 780:	00178793          	addi	a5,a5,1
 784:	01779463          	bne	a5,s7,78c <.L101>
			784: R_RISCV_BRANCH	.L101
 788:	00000793          	addi	a5,zero,0

0000078c <.L101>:
 78c:	e4f4a423          	sw	a5,-440(s1)
 790:	e4c4a783          	lw	a5,-436(s1)
 794:	fff90913          	addi	s2,s2,-1
 798:	00178793          	addi	a5,a5,1
 79c:	e4f4a623          	sw	a5,-436(s1)
 7a0:	e5c4a783          	lw	a5,-420(s1)
 7a4:	00178793          	addi	a5,a5,1
 7a8:	e4f4ae23          	sw	a5,-420(s1)
 7ac:	00091a63          	bne	s2,zero,7c0 <.L102>
			7ac: R_RISCV_BRANCH	.L102
 7b0:	00042503          	lw	a0,0(s0)
 7b4:	00000097          	auipc	ra,0x0
			7b4: R_RISCV_CALL	hvs_net_mmio_rx_pending
			7b4: R_RISCV_RELAX	*ABS*
 7b8:	000080e7          	jalr	ra,0(ra) # 7b4 <.L101+0x28>
 7bc:	00050913          	addi	s2,a0,0

000007c0 <.L102>:
 7c0:	001c0c13          	addi	s8,s8,1
 7c4:	e4dff06f          	jal	zero,610 <.L95>
			7c4: R_RISCV_JAL	.L95

000007c8 <.L105>:
 7c8:	ff600513          	addi	a0,zero,-10
 7cc:	00008067          	jalr	zero,0(ra)
=== harvos_pagetable.o ===

C:\Users\dennis\Documents\HarvOS\Template_MiSTer-master\build\supervisor\harvos_pagetable.o:     file format elf32-littleriscv


Disassembly of section .text:

00000000 <validate_ops>:
   0:	00050793          	addi	a5,a0,0
   4:	02050863          	beq	a0,zero,34 <.L3>
			4: R_RISCV_BRANCH	.L3
   8:	00052703          	lw	a4,0(a0)
   c:	ff600513          	addi	a0,zero,-10
  10:	02070463          	beq	a4,zero,38 <.L1>
			10: R_RISCV_BRANCH	.L1
  14:	0047a703          	lw	a4,4(a5)
  18:	02070063          	beq	a4,zero,38 <.L1>
			18: R_RISCV_BRANCH	.L1
  1c:	0087a703          	lw	a4,8(a5)
  20:	00070c63          	beq	a4,zero,38 <.L1>
			20: R_RISCV_BRANCH	.L1
  24:	00c7a783          	lw	a5,12(a5)
  28:	00078863          	beq	a5,zero,38 <.L1>
			28: R_RISCV_BRANCH	.L1
  2c:	00000513          	addi	a0,zero,0
  30:	00008067          	jalr	zero,0(ra)

00000034 <.L3>:
  34:	ff600513          	addi	a0,zero,-10

00000038 <.L1>:
  38:	00008067          	jalr	zero,0(ra)

0000003c <read_pte>:
  3c:	00050793          	addi	a5,a0,0
  40:	00058513          	addi	a0,a1,0
  44:	00357713          	andi	a4,a0,3
  48:	00060593          	addi	a1,a2,0
  4c:	00071663          	bne	a4,zero,58 <.L9>
			4c: R_RISCV_BRANCH	.L9
  50:	0047a783          	lw	a5,4(a5)
  54:	00078067          	jalr	zero,0(a5)

00000058 <.L9>:
  58:	ff600513          	addi	a0,zero,-10
  5c:	00008067          	jalr	zero,0(ra)

00000060 <ensure_l0_table>:
  60:	fe010113          	addi	sp,sp,-32
  64:	00812c23          	sw	s0,24(sp)
  68:	01665413          	srli	s0,a2,0x16
  6c:	00241413          	slli	s0,s0,0x2
  70:	00b40433          	add	s0,s0,a1
  74:	00810613          	addi	a2,sp,8
  78:	00040593          	addi	a1,s0,0
  7c:	00912a23          	sw	s1,20(sp)
  80:	01212823          	sw	s2,16(sp)
  84:	00112e23          	sw	ra,28(sp)
  88:	00050493          	addi	s1,a0,0
  8c:	00068913          	addi	s2,a3,0
  90:	00000097          	auipc	ra,0x0
			90: R_RISCV_CALL	read_pte
			90: R_RISCV_RELAX	*ABS*
  94:	000080e7          	jalr	ra,0(ra) # 90 <ensure_l0_table+0x30>
  98:	02051263          	bne	a0,zero,bc <.L10>
			98: R_RISCV_BRANCH	.L10
  9c:	00812783          	lw	a5,8(sp)
  a0:	0017f713          	andi	a4,a5,1
  a4:	02070863          	beq	a4,zero,d4 <.L12>
			a4: R_RISCV_BRANCH	.L12
  a8:	00e7f713          	andi	a4,a5,14
  ac:	06071e63          	bne	a4,zero,128 <.L13>
			ac: R_RISCV_BRANCH	.L13
  b0:	fffff737          	lui	a4,0xfffff
  b4:	00e7f7b3          	and	a5,a5,a4

000000b8 <.L16>:
  b8:	00f92023          	sw	a5,0(s2)

000000bc <.L10>:
  bc:	01c12083          	lw	ra,28(sp)
  c0:	01812403          	lw	s0,24(sp)
  c4:	01412483          	lw	s1,20(sp)
  c8:	01012903          	lw	s2,16(sp)
  cc:	02010113          	addi	sp,sp,32
  d0:	00008067          	jalr	zero,0(ra)

000000d4 <.L12>:
  d4:	0004a783          	lw	a5,0(s1)
  d8:	00c10513          	addi	a0,sp,12
  dc:	000780e7          	jalr	ra,0(a5)
  e0:	fc051ee3          	bne	a0,zero,bc <.L10>
			e0: R_RISCV_BRANCH	.L10
  e4:	00c12783          	lw	a5,12(sp)
  e8:	ff600513          	addi	a0,zero,-10
  ec:	01479713          	slli	a4,a5,0x14
  f0:	fc0716e3          	bne	a4,zero,bc <.L10>
			f0: R_RISCV_BRANCH	.L10
  f4:	00c4a703          	lw	a4,12(s1)
  f8:	00078513          	addi	a0,a5,0
  fc:	000700e7          	jalr	ra,0(a4) # fffff000 <.L38+0xffffec14>
 100:	00c12783          	lw	a5,12(sp)
 104:	fffff5b7          	lui	a1,0xfffff
 108:	00040513          	addi	a0,s0,0
 10c:	00f5f5b3          	and	a1,a1,a5
 110:	0084a783          	lw	a5,8(s1)
 114:	0015e593          	ori	a1,a1,1
 118:	000780e7          	jalr	ra,0(a5)
 11c:	fa0510e3          	bne	a0,zero,bc <.L10>
			11c: R_RISCV_BRANCH	.L10
 120:	00c12783          	lw	a5,12(sp)
 124:	f95ff06f          	jal	zero,b8 <.L16>
			124: R_RISCV_JAL	.L16

00000128 <.L13>:
 128:	ff800513          	addi	a0,zero,-8
 12c:	f91ff06f          	jal	zero,bc <.L10>
			12c: R_RISCV_JAL	.L10

00000130 <hvs_pagetable_map_pages>:
 130:	fc010113          	addi	sp,sp,-64
 134:	02812c23          	sw	s0,56(sp)
 138:	02912a23          	sw	s1,52(sp)
 13c:	03212823          	sw	s2,48(sp)
 140:	03312623          	sw	s3,44(sp)
 144:	03412423          	sw	s4,40(sp)
 148:	03512223          	sw	s5,36(sp)
 14c:	02112e23          	sw	ra,60(sp)
 150:	03612023          	sw	s6,32(sp)
 154:	01712e23          	sw	s7,28(sp)
 158:	01812c23          	sw	s8,24(sp)
 15c:	01912a23          	sw	s9,20(sp)
 160:	00050993          	addi	s3,a0,0
 164:	00058a13          	addi	s4,a1,0 # fffff000 <.L38+0xffffec14>
 168:	00060493          	addi	s1,a2,0
 16c:	00068913          	addi	s2,a3,0
 170:	00070413          	addi	s0,a4,0
 174:	00078a93          	addi	s5,a5,0
 178:	00000097          	auipc	ra,0x0
			178: R_RISCV_CALL	validate_ops
			178: R_RISCV_RELAX	*ABS*
 17c:	000080e7          	jalr	ra,0(ra) # 178 <hvs_pagetable_map_pages+0x48>
 180:	0c051e63          	bne	a0,zero,25c <.L17>
			180: R_RISCV_BRANCH	.L17
 184:	ff600513          	addi	a0,zero,-10
 188:	0c040a63          	beq	s0,zero,25c <.L17>
			188: R_RISCV_BRANCH	.L17
 18c:	00896733          	or	a4,s2,s0
 190:	00976733          	or	a4,a4,s1
 194:	01476733          	or	a4,a4,s4
 198:	01471713          	slli	a4,a4,0x14
 19c:	01475c93          	srli	s9,a4,0x14
 1a0:	0a071e63          	bne	a4,zero,25c <.L17>
			1a0: R_RISCV_BRANCH	.L17
 1a4:	008487b3          	add	a5,s1,s0
 1a8:	0a97ea63          	bltu	a5,s1,25c <.L17>
			1a8: R_RISCV_BRANCH	.L17
 1ac:	008907b3          	add	a5,s2,s0
 1b0:	0b27e663          	bltu	a5,s2,25c <.L17>
			1b0: R_RISCV_BRANCH	.L17
 1b4:	00caf793          	andi	a5,s5,12
 1b8:	00c00713          	addi	a4,zero,12
 1bc:	ff800513          	addi	a0,zero,-8
 1c0:	08e78e63          	beq	a5,a4,25c <.L17>
			1c0: R_RISCV_BRANCH	.L17
 1c4:	0ffaf713          	andi	a4,s5,255
 1c8:	004af793          	andi	a5,s5,4
 1cc:	0c176a93          	ori	s5,a4,193
 1d0:	00079463          	bne	a5,zero,1d8 <.L20>
			1d0: R_RISCV_BRANCH	.L20
 1d4:	04176a93          	ori	s5,a4,65

000001d8 <.L20>:
 1d8:	fffffbb7          	lui	s7,0xfffff
 1dc:	00001b37          	lui	s6,0x1

000001e0 <.L22>:
 1e0:	01948c33          	add	s8,s1,s9
 1e4:	00810693          	addi	a3,sp,8
 1e8:	000c0613          	addi	a2,s8,0
 1ec:	000a0593          	addi	a1,s4,0
 1f0:	00098513          	addi	a0,s3,0
 1f4:	00000097          	auipc	ra,0x0
			1f4: R_RISCV_CALL	ensure_l0_table
			1f4: R_RISCV_RELAX	*ABS*
 1f8:	000080e7          	jalr	ra,0(ra) # 1f4 <.L22+0x14>
 1fc:	06051063          	bne	a0,zero,25c <.L17>
			1fc: R_RISCV_BRANCH	.L17
 200:	00812783          	lw	a5,8(sp)
 204:	00cc5c13          	srli	s8,s8,0xc
 208:	3ffc7c13          	andi	s8,s8,1023
 20c:	002c1c13          	slli	s8,s8,0x2
 210:	00fc0c33          	add	s8,s8,a5
 214:	00c10613          	addi	a2,sp,12
 218:	000c0593          	addi	a1,s8,0
 21c:	00098513          	addi	a0,s3,0
 220:	00000097          	auipc	ra,0x0
			220: R_RISCV_CALL	read_pte
			220: R_RISCV_RELAX	*ABS*
 224:	000080e7          	jalr	ra,0(ra) # 220 <.L22+0x40>
 228:	02051a63          	bne	a0,zero,25c <.L17>
			228: R_RISCV_BRANCH	.L17
 22c:	00c12783          	lw	a5,12(sp)
 230:	0017f793          	andi	a5,a5,1
 234:	04079e63          	bne	a5,zero,290 <.L28>
			234: R_RISCV_BRANCH	.L28
 238:	019905b3          	add	a1,s2,s9
 23c:	0089a783          	lw	a5,8(s3)
 240:	0175f5b3          	and	a1,a1,s7
 244:	0155e5b3          	or	a1,a1,s5
 248:	000c0513          	addi	a0,s8,0
 24c:	000780e7          	jalr	ra,0(a5)
 250:	00051663          	bne	a0,zero,25c <.L17>
			250: R_RISCV_BRANCH	.L17
 254:	016c8cb3          	add	s9,s9,s6
 258:	f88ce4e3          	bltu	s9,s0,1e0 <.L22>
			258: R_RISCV_BRANCH	.L22

0000025c <.L17>:
 25c:	03c12083          	lw	ra,60(sp)
 260:	03812403          	lw	s0,56(sp)
 264:	03412483          	lw	s1,52(sp)
 268:	03012903          	lw	s2,48(sp)
 26c:	02c12983          	lw	s3,44(sp)
 270:	02812a03          	lw	s4,40(sp)
 274:	02412a83          	lw	s5,36(sp)
 278:	02012b03          	lw	s6,32(sp)
 27c:	01c12b83          	lw	s7,28(sp)
 280:	01812c03          	lw	s8,24(sp)
 284:	01412c83          	lw	s9,20(sp)
 288:	04010113          	addi	sp,sp,64
 28c:	00008067          	jalr	zero,0(ra)

00000290 <.L28>:
 290:	ff800513          	addi	a0,zero,-8
 294:	fc9ff06f          	jal	zero,25c <.L17>
			294: R_RISCV_JAL	.L17

00000298 <hvs_pagetable_guard_page>:
 298:	fd010113          	addi	sp,sp,-48
 29c:	02812423          	sw	s0,40(sp)
 2a0:	02912223          	sw	s1,36(sp)
 2a4:	02112623          	sw	ra,44(sp)
 2a8:	00050493          	addi	s1,a0,0
 2ac:	00b12623          	sw	a1,12(sp)
 2b0:	00060413          	addi	s0,a2,0
 2b4:	00000097          	auipc	ra,0x0
			2b4: R_RISCV_CALL	validate_ops
			2b4: R_RISCV_RELAX	*ABS*
 2b8:	000080e7          	jalr	ra,0(ra) # 2b4 <hvs_pagetable_guard_page+0x1c>
 2bc:	06051e63          	bne	a0,zero,338 <.L31>
			2bc: R_RISCV_BRANCH	.L31
 2c0:	00c12583          	lw	a1,12(sp)
 2c4:	ff600513          	addi	a0,zero,-10
 2c8:	0085e7b3          	or	a5,a1,s0
 2cc:	01479793          	slli	a5,a5,0x14
 2d0:	06079463          	bne	a5,zero,338 <.L31>
			2d0: R_RISCV_BRANCH	.L31
 2d4:	01810693          	addi	a3,sp,24
 2d8:	00040613          	addi	a2,s0,0
 2dc:	00048513          	addi	a0,s1,0
 2e0:	00000097          	auipc	ra,0x0
			2e0: R_RISCV_CALL	ensure_l0_table
			2e0: R_RISCV_RELAX	*ABS*
 2e4:	000080e7          	jalr	ra,0(ra) # 2e0 <hvs_pagetable_guard_page+0x48>
 2e8:	04051863          	bne	a0,zero,338 <.L31>
			2e8: R_RISCV_BRANCH	.L31
 2ec:	01812783          	lw	a5,24(sp)
 2f0:	00c45413          	srli	s0,s0,0xc
 2f4:	3ff47413          	andi	s0,s0,1023
 2f8:	00241413          	slli	s0,s0,0x2
 2fc:	00f40433          	add	s0,s0,a5
 300:	01c10613          	addi	a2,sp,28
 304:	00040593          	addi	a1,s0,0
 308:	00048513          	addi	a0,s1,0
 30c:	00000097          	auipc	ra,0x0
			30c: R_RISCV_CALL	read_pte
			30c: R_RISCV_RELAX	*ABS*
 310:	000080e7          	jalr	ra,0(ra) # 30c <hvs_pagetable_guard_page+0x74>
 314:	02051263          	bne	a0,zero,338 <.L31>
			314: R_RISCV_BRANCH	.L31
 318:	01c12783          	lw	a5,28(sp)
 31c:	ff800513          	addi	a0,zero,-8
 320:	0017f793          	andi	a5,a5,1
 324:	00079a63          	bne	a5,zero,338 <.L31>
			324: R_RISCV_BRANCH	.L31
 328:	0084a783          	lw	a5,8(s1)
 32c:	00000593          	addi	a1,zero,0
 330:	00040513          	addi	a0,s0,0
 334:	000780e7          	jalr	ra,0(a5)

00000338 <.L31>:
 338:	02c12083          	lw	ra,44(sp)
 33c:	02812403          	lw	s0,40(sp)
 340:	02412483          	lw	s1,36(sp)
 344:	03010113          	addi	sp,sp,48
 348:	00008067          	jalr	zero,0(ra)

0000034c <hvs_pagetable_translate>:
 34c:	fd010113          	addi	sp,sp,-48
 350:	02812423          	sw	s0,40(sp)
 354:	02912223          	sw	s1,36(sp)
 358:	03212023          	sw	s2,32(sp)
 35c:	01312e23          	sw	s3,28(sp)
 360:	01412c23          	sw	s4,24(sp)
 364:	02112623          	sw	ra,44(sp)
 368:	00050993          	addi	s3,a0,0
 36c:	00058a13          	addi	s4,a1,0
 370:	00060413          	addi	s0,a2,0
 374:	00068913          	addi	s2,a3,0
 378:	00070493          	addi	s1,a4,0
 37c:	00000097          	auipc	ra,0x0
			37c: R_RISCV_CALL	validate_ops
			37c: R_RISCV_RELAX	*ABS*
 380:	000080e7          	jalr	ra,0(ra) # 37c <hvs_pagetable_translate+0x30>
 384:	04051463          	bne	a0,zero,3cc <.L36>
			384: R_RISCV_BRANCH	.L36
 388:	ff600513          	addi	a0,zero,-10
 38c:	04090063          	beq	s2,zero,3cc <.L36>
			38c: R_RISCV_BRANCH	.L36
 390:	02048e63          	beq	s1,zero,3cc <.L36>
			390: R_RISCV_BRANCH	.L36
 394:	014a1793          	slli	a5,s4,0x14
 398:	02079a63          	bne	a5,zero,3cc <.L36>
			398: R_RISCV_BRANCH	.L36
 39c:	01645593          	srli	a1,s0,0x16
 3a0:	00259593          	slli	a1,a1,0x2
 3a4:	00810613          	addi	a2,sp,8
 3a8:	014585b3          	add	a1,a1,s4
 3ac:	00098513          	addi	a0,s3,0
 3b0:	00000097          	auipc	ra,0x0
			3b0: R_RISCV_CALL	read_pte
			3b0: R_RISCV_RELAX	*ABS*
 3b4:	000080e7          	jalr	ra,0(ra) # 3b0 <hvs_pagetable_translate+0x64>
 3b8:	00051a63          	bne	a0,zero,3cc <.L36>
			3b8: R_RISCV_BRANCH	.L36
 3bc:	00812783          	lw	a5,8(sp)
 3c0:	0017f713          	andi	a4,a5,1
 3c4:	02071463          	bne	a4,zero,3ec <.L38>
			3c4: R_RISCV_BRANCH	.L38

000003c8 <.L39>:
 3c8:	ffd00513          	addi	a0,zero,-3

000003cc <.L36>:
 3cc:	02c12083          	lw	ra,44(sp)
 3d0:	02812403          	lw	s0,40(sp)
 3d4:	02412483          	lw	s1,36(sp)
 3d8:	02012903          	lw	s2,32(sp)
 3dc:	01c12983          	lw	s3,28(sp)
 3e0:	01812a03          	lw	s4,24(sp)
 3e4:	03010113          	addi	sp,sp,48
 3e8:	00008067          	jalr	zero,0(ra)

000003ec <.L38>:
 3ec:	00e7f713          	andi	a4,a5,14
 3f0:	fc071ce3          	bne	a4,zero,3c8 <.L39>
			3f0: R_RISCV_BRANCH	.L39
 3f4:	00c45593          	srli	a1,s0,0xc
 3f8:	3ff5f593          	andi	a1,a1,1023
 3fc:	fffff737          	lui	a4,0xfffff
 400:	00259593          	slli	a1,a1,0x2
 404:	00e7f7b3          	and	a5,a5,a4
 408:	00c10613          	addi	a2,sp,12
 40c:	00f585b3          	add	a1,a1,a5
 410:	00098513          	addi	a0,s3,0
 414:	00000097          	auipc	ra,0x0
			414: R_RISCV_CALL	read_pte
			414: R_RISCV_RELAX	*ABS*
 418:	000080e7          	jalr	ra,0(ra) # 414 <.L38+0x28>
 41c:	fa0518e3          	bne	a0,zero,3cc <.L36>
			41c: R_RISCV_BRANCH	.L36
 420:	00c12783          	lw	a5,12(sp)
 424:	0017f713          	andi	a4,a5,1
 428:	fa0700e3          	beq	a4,zero,3c8 <.L39>
			428: R_RISCV_BRANCH	.L39
 42c:	00e7f713          	andi	a4,a5,14
 430:	f8070ce3          	beq	a4,zero,3c8 <.L39>
			430: R_RISCV_BRANCH	.L39
 434:	01441413          	slli	s0,s0,0x14
 438:	fffff737          	lui	a4,0xfffff
 43c:	00e7f733          	and	a4,a5,a4
 440:	01445413          	srli	s0,s0,0x14
 444:	00e46433          	or	s0,s0,a4
 448:	00892023          	sw	s0,0(s2)
 44c:	0ff7f793          	andi	a5,a5,255
 450:	00f4a023          	sw	a5,0(s1)
 454:	f79ff06f          	jal	zero,3cc <.L36>
			454: R_RISCV_JAL	.L36
=== harvos_runtime_memory.o ===

C:\Users\dennis\Documents\HarvOS\Template_MiSTer-master\build\supervisor\harvos_runtime_memory.o:     file format elf32-littleriscv


Disassembly of section .text:

00000000 <in_heap>:
   0:	00000737          	lui	a4,0x0
			0: R_RISCV_HI20	g_runtime_memory
			0: R_RISCV_RELAX	*ABS*
   4:	00072703          	lw	a4,0(a4) # 0 <in_heap>
			4: R_RISCV_LO12_I	g_runtime_memory
			4: R_RISCV_RELAX	*ABS*
   8:	00050793          	addi	a5,a0,0
   c:	00000513          	addi	a0,zero,0
  10:	02070463          	beq	a4,zero,38 <.L1>
			10: R_RISCV_BRANCH	.L1
  14:	02058263          	beq	a1,zero,38 <.L1>
			14: R_RISCV_BRANCH	.L1
  18:	00072683          	lw	a3,0(a4)
  1c:	00d7ee63          	bltu	a5,a3,38 <.L1>
			1c: R_RISCV_BRANCH	.L1
  20:	00f585b3          	add	a1,a1,a5
  24:	00f5ea63          	bltu	a1,a5,38 <.L1>
			24: R_RISCV_BRANCH	.L1
  28:	00472503          	lw	a0,4(a4)
  2c:	00b535b3          	sltu	a1,a0,a1
  30:	0015c513          	xori	a0,a1,1
  34:	00008067          	jalr	zero,0(ra)

00000038 <.L1>:
  38:	00008067          	jalr	zero,0(ra)

0000003c <runtime_alloc_pages>:
  3c:	00000737          	lui	a4,0x0
			3c: R_RISCV_HI20	g_runtime_memory
			3c: R_RISCV_RELAX	*ABS*
  40:	00072683          	lw	a3,0(a4) # 0 <in_heap>
			40: R_RISCV_LO12_I	g_runtime_memory
			40: R_RISCV_RELAX	*ABS*
  44:	00050793          	addi	a5,a0,0
  48:	ff600513          	addi	a0,zero,-10
  4c:	06068463          	beq	a3,zero,b4 <.L7>
			4c: R_RISCV_BRANCH	.L7
  50:	06060263          	beq	a2,zero,b4 <.L7>
			50: R_RISCV_BRANCH	.L7
  54:	06078063          	beq	a5,zero,b4 <.L7>
			54: R_RISCV_BRANCH	.L7
  58:	04058e63          	beq	a1,zero,b4 <.L7>
			58: R_RISCV_BRANCH	.L7
  5c:	fff58713          	addi	a4,a1,-1
  60:	00b77733          	and	a4,a4,a1
  64:	04071863          	bne	a4,zero,b4 <.L7>
			64: R_RISCV_BRANCH	.L7
  68:	0086a703          	lw	a4,8(a3)
  6c:	00001537          	lui	a0,0x1
  70:	fff50513          	addi	a0,a0,-1 # fff <.L69+0xc43>
  74:	fff70713          	addi	a4,a4,-1
  78:	00b70733          	add	a4,a4,a1
  7c:	40b005b3          	sub	a1,zero,a1
  80:	00b775b3          	and	a1,a4,a1
  84:	00a787b3          	add	a5,a5,a0
  88:	00b787b3          	add	a5,a5,a1
  8c:	fffff737          	lui	a4,0xfffff
  90:	00e7f7b3          	and	a5,a5,a4
  94:	ff900513          	addi	a0,zero,-7
  98:	00b7ee63          	bltu	a5,a1,b4 <.L7>
			98: R_RISCV_BRANCH	.L7
  9c:	0046a703          	lw	a4,4(a3)
  a0:	00f76a63          	bltu	a4,a5,b4 <.L7>
			a0: R_RISCV_BRANCH	.L7
  a4:	00b62023          	sw	a1,0(a2)
  a8:	00f6a423          	sw	a5,8(a3)
  ac:	00000513          	addi	a0,zero,0
  b0:	00008067          	jalr	zero,0(ra)

000000b4 <.L7>:
  b4:	00008067          	jalr	zero,0(ra)

000000b8 <runtime_read_phys_u32>:
  b8:	06058063          	beq	a1,zero,118 <.L19>
			b8: R_RISCV_BRANCH	.L19
  bc:	ff010113          	addi	sp,sp,-16
  c0:	00912223          	sw	s1,4(sp)
  c4:	00112623          	sw	ra,12(sp)
  c8:	00812423          	sw	s0,8(sp)
  cc:	00357713          	andi	a4,a0,3
  d0:	00050493          	addi	s1,a0,0
  d4:	ff600793          	addi	a5,zero,-10
  d8:	02071463          	bne	a4,zero,100 <.L17>
			d8: R_RISCV_BRANCH	.L17
  dc:	00058413          	addi	s0,a1,0
  e0:	00400593          	addi	a1,zero,4
  e4:	00000097          	auipc	ra,0x0
			e4: R_RISCV_CALL	in_heap
			e4: R_RISCV_RELAX	*ABS*
  e8:	000080e7          	jalr	ra,0(ra) # e4 <runtime_read_phys_u32+0x2c>
  ec:	ff600793          	addi	a5,zero,-10
  f0:	00050863          	beq	a0,zero,100 <.L17>
			f0: R_RISCV_BRANCH	.L17
  f4:	0004a783          	lw	a5,0(s1)
  f8:	00f42023          	sw	a5,0(s0)
  fc:	00000793          	addi	a5,zero,0

00000100 <.L17>:
 100:	00c12083          	lw	ra,12(sp)
 104:	00812403          	lw	s0,8(sp)
 108:	00412483          	lw	s1,4(sp)
 10c:	00078513          	addi	a0,a5,0
 110:	01010113          	addi	sp,sp,16
 114:	00008067          	jalr	zero,0(ra)

00000118 <.L19>:
 118:	ff600793          	addi	a5,zero,-10
 11c:	00078513          	addi	a0,a5,0
 120:	00008067          	jalr	zero,0(ra)

00000124 <runtime_write_phys_u32>:
 124:	00357793          	andi	a5,a0,3
 128:	04079863          	bne	a5,zero,178 <.L28>
			128: R_RISCV_BRANCH	.L28
 12c:	ff010113          	addi	sp,sp,-16
 130:	00912223          	sw	s1,4(sp)
 134:	00058493          	addi	s1,a1,0
 138:	00400593          	addi	a1,zero,4
 13c:	00812423          	sw	s0,8(sp)
 140:	00112623          	sw	ra,12(sp)
 144:	00050413          	addi	s0,a0,0
 148:	00000097          	auipc	ra,0x0
			148: R_RISCV_CALL	in_heap
			148: R_RISCV_RELAX	*ABS*
 14c:	000080e7          	jalr	ra,0(ra) # 148 <runtime_write_phys_u32+0x24>
 150:	ff600793          	addi	a5,zero,-10
 154:	00050663          	beq	a0,zero,160 <.L26>
			154: R_RISCV_BRANCH	.L26
 158:	00942023          	sw	s1,0(s0)
 15c:	00000793          	addi	a5,zero,0

00000160 <.L26>:
 160:	00c12083          	lw	ra,12(sp)
 164:	00812403          	lw	s0,8(sp)
 168:	00412483          	lw	s1,4(sp)
 16c:	00078513          	addi	a0,a5,0
 170:	01010113          	addi	sp,sp,16
 174:	00008067          	jalr	zero,0(ra)

00000178 <.L28>:
 178:	ff600793          	addi	a5,zero,-10
 17c:	00078513          	addi	a0,a5,0
 180:	00008067          	jalr	zero,0(ra)

00000184 <runtime_copy_to_memory>:
 184:	06058663          	beq	a1,zero,1f0 <.L43>
			184: R_RISCV_BRANCH	.L43
 188:	ff010113          	addi	sp,sp,-16
 18c:	00912223          	sw	s1,4(sp)
 190:	00058493          	addi	s1,a1,0
 194:	00060593          	addi	a1,a2,0
 198:	00812423          	sw	s0,8(sp)
 19c:	01212023          	sw	s2,0(sp)
 1a0:	00112623          	sw	ra,12(sp)
 1a4:	00050913          	addi	s2,a0,0
 1a8:	00060413          	addi	s0,a2,0
 1ac:	00000097          	auipc	ra,0x0
			1ac: R_RISCV_CALL	in_heap
			1ac: R_RISCV_RELAX	*ABS*
 1b0:	000080e7          	jalr	ra,0(ra) # 1ac <runtime_copy_to_memory+0x28>
 1b4:	00000793          	addi	a5,zero,0
 1b8:	02051863          	bne	a0,zero,1e8 <.L37>
			1b8: R_RISCV_BRANCH	.L37

000001bc <.L34>:
 1bc:	00c12083          	lw	ra,12(sp)
 1c0:	00812403          	lw	s0,8(sp)
 1c4:	00412483          	lw	s1,4(sp)
 1c8:	00012903          	lw	s2,0(sp)
 1cc:	01010113          	addi	sp,sp,16
 1d0:	00008067          	jalr	zero,0(ra)

000001d4 <.L38>:
 1d4:	00f486b3          	add	a3,s1,a5
 1d8:	0006c683          	lbu	a3,0(a3)
 1dc:	01278733          	add	a4,a5,s2
 1e0:	00178793          	addi	a5,a5,1
 1e4:	00d70023          	sb	a3,0(a4) # fffff000 <.L69+0xffffec44>

000001e8 <.L37>:
 1e8:	fe8796e3          	bne	a5,s0,1d4 <.L38>
			1e8: R_RISCV_BRANCH	.L38
 1ec:	fd1ff06f          	jal	zero,1bc <.L34>
			1ec: R_RISCV_JAL	.L34

000001f0 <.L43>:
 1f0:	00008067          	jalr	zero,0(ra)

000001f4 <runtime_zero_memory>:
 1f4:	ff010113          	addi	sp,sp,-16
 1f8:	00812423          	sw	s0,8(sp)
 1fc:	00912223          	sw	s1,4(sp)
 200:	00112623          	sw	ra,12(sp)
 204:	00050493          	addi	s1,a0,0
 208:	00058413          	addi	s0,a1,0
 20c:	00000097          	auipc	ra,0x0
			20c: R_RISCV_CALL	in_heap
			20c: R_RISCV_RELAX	*ABS*
 210:	000080e7          	jalr	ra,0(ra) # 20c <runtime_zero_memory+0x18>
 214:	00000793          	addi	a5,zero,0
 218:	02051263          	bne	a0,zero,23c <.L47>
			218: R_RISCV_BRANCH	.L47

0000021c <.L46>:
 21c:	00c12083          	lw	ra,12(sp)
 220:	00812403          	lw	s0,8(sp)
 224:	00412483          	lw	s1,4(sp)
 228:	01010113          	addi	sp,sp,16
 22c:	00008067          	jalr	zero,0(ra)

00000230 <.L48>:
 230:	00978733          	add	a4,a5,s1
 234:	00070023          	sb	zero,0(a4)
 238:	00178793          	addi	a5,a5,1

0000023c <.L47>:
 23c:	fe879ae3          	bne	a5,s0,230 <.L48>
			23c: R_RISCV_BRANCH	.L48
 240:	fddff06f          	jal	zero,21c <.L46>
			240: R_RISCV_JAL	.L46

00000244 <runtime_alloc_page_for_pt>:
 244:	00050613          	addi	a2,a0,0
 248:	000015b7          	lui	a1,0x1
 24c:	00001537          	lui	a0,0x1
 250:	00000317          	auipc	t1,0x0
			250: R_RISCV_CALL	runtime_alloc_pages
			250: R_RISCV_RELAX	*ABS*
 254:	00030067          	jalr	zero,0(t1) # 250 <runtime_alloc_page_for_pt+0xc>

00000258 <runtime_zero_page_for_pt>:
 258:	000015b7          	lui	a1,0x1
 25c:	00000317          	auipc	t1,0x0
			25c: R_RISCV_CALL	runtime_zero_memory
			25c: R_RISCV_RELAX	*ABS*
 260:	00030067          	jalr	zero,0(t1) # 25c <runtime_zero_page_for_pt+0x4>

00000264 <runtime_noop_cache>:
 264:	00008067          	jalr	zero,0(ra)

00000268 <runtime_write_u32>:
 268:	fe010113          	addi	sp,sp,-32
 26c:	00812c23          	sw	s0,24(sp)
 270:	00060413          	addi	s0,a2,0
 274:	00058613          	addi	a2,a1,0 # 1000 <.L69+0xc44>
 278:	00050593          	addi	a1,a0,0 # 1000 <.L69+0xc44>
 27c:	00000537          	lui	a0,0x0
			27c: R_RISCV_HI20	.LANCHOR0
			27c: R_RISCV_RELAX	*ABS*
 280:	00c10713          	addi	a4,sp,12
 284:	00810693          	addi	a3,sp,8
 288:	00050513          	addi	a0,a0,0 # 0 <in_heap>
			288: R_RISCV_LO12_I	.LANCHOR0
			288: R_RISCV_RELAX	*ABS*
 28c:	00112e23          	sw	ra,28(sp)
 290:	00000097          	auipc	ra,0x0
			290: R_RISCV_CALL	hvs_pagetable_translate
			290: R_RISCV_RELAX	*ABS*
 294:	000080e7          	jalr	ra,0(ra) # 290 <runtime_write_u32+0x28>
 298:	02051263          	bne	a0,zero,2bc <.L57>
			298: R_RISCV_BRANCH	.L57
 29c:	00c12783          	lw	a5,12(sp)
 2a0:	ff800513          	addi	a0,zero,-8
 2a4:	0047f793          	andi	a5,a5,4
 2a8:	00078a63          	beq	a5,zero,2bc <.L57>
			2a8: R_RISCV_BRANCH	.L57
 2ac:	00812503          	lw	a0,8(sp)
 2b0:	00040593          	addi	a1,s0,0
 2b4:	00000097          	auipc	ra,0x0
			2b4: R_RISCV_CALL	runtime_write_phys_u32
			2b4: R_RISCV_RELAX	*ABS*
 2b8:	000080e7          	jalr	ra,0(ra) # 2b4 <runtime_write_u32+0x4c>

000002bc <.L57>:
 2bc:	01c12083          	lw	ra,28(sp)
 2c0:	01812403          	lw	s0,24(sp)
 2c4:	02010113          	addi	sp,sp,32
 2c8:	00008067          	jalr	zero,0(ra)

000002cc <runtime_map_pages>:
 2cc:	00070793          	addi	a5,a4,0
 2d0:	00068713          	addi	a4,a3,0
 2d4:	00060693          	addi	a3,a2,0
 2d8:	00058613          	addi	a2,a1,0
 2dc:	00050593          	addi	a1,a0,0
 2e0:	00000537          	lui	a0,0x0
			2e0: R_RISCV_HI20	.LANCHOR0
			2e0: R_RISCV_RELAX	*ABS*
 2e4:	00050513          	addi	a0,a0,0 # 0 <in_heap>
			2e4: R_RISCV_LO12_I	.LANCHOR0
			2e4: R_RISCV_RELAX	*ABS*
 2e8:	00000317          	auipc	t1,0x0
			2e8: R_RISCV_CALL	hvs_pagetable_map_pages
			2e8: R_RISCV_RELAX	*ABS*
 2ec:	00030067          	jalr	zero,0(t1) # 2e8 <runtime_map_pages+0x1c>

000002f0 <hvs_runtime_memory_init>:
 2f0:	02050863          	beq	a0,zero,320 <.L62>
			2f0: R_RISCV_BRANCH	.L62
 2f4:	000017b7          	lui	a5,0x1
 2f8:	fff78793          	addi	a5,a5,-1 # fff <.L69+0xc43>
 2fc:	00f587b3          	add	a5,a1,a5
 300:	fffff737          	lui	a4,0xfffff
 304:	00e7f7b3          	and	a5,a5,a4
 308:	00f52023          	sw	a5,0(a0)
 30c:	00c58633          	add	a2,a1,a2
 310:	00b66a63          	bltu	a2,a1,324 <.L64>
			310: R_RISCV_BRANCH	.L64
 314:	00f66863          	bltu	a2,a5,324 <.L64>
			314: R_RISCV_BRANCH	.L64
 318:	00c52223          	sw	a2,4(a0)

0000031c <.L65>:
 31c:	00f52423          	sw	a5,8(a0)

00000320 <.L62>:
 320:	00008067          	jalr	zero,0(ra)

00000324 <.L64>:
 324:	00f52223          	sw	a5,4(a0)
 328:	ff5ff06f          	jal	zero,31c <.L65>
			328: R_RISCV_JAL	.L65

0000032c <hvs_runtime_memory_make_ops>:
 32c:	00050793          	addi	a5,a0,0
 330:	ff600513          	addi	a0,zero,-10
 334:	08078463          	beq	a5,zero,3bc <.L69>
			334: R_RISCV_BRANCH	.L69
 338:	08058263          	beq	a1,zero,3bc <.L69>
			338: R_RISCV_BRANCH	.L69
 33c:	00000737          	lui	a4,0x0
			33c: R_RISCV_HI20	g_runtime_memory
			33c: R_RISCV_RELAX	*ABS*
 340:	00f72023          	sw	a5,0(a4) # 0 <in_heap>
			340: R_RISCV_LO12_S	g_runtime_memory
			340: R_RISCV_RELAX	*ABS*
 344:	000007b7          	lui	a5,0x0
			344: R_RISCV_HI20	runtime_alloc_pages
			344: R_RISCV_RELAX	*ABS*
 348:	00078793          	addi	a5,a5,0 # 0 <in_heap>
			348: R_RISCV_LO12_I	runtime_alloc_pages
			348: R_RISCV_RELAX	*ABS*
 34c:	00f5a423          	sw	a5,8(a1)
 350:	000007b7          	lui	a5,0x0
			350: R_RISCV_HI20	runtime_map_pages
			350: R_RISCV_RELAX	*ABS*
 354:	00078793          	addi	a5,a5,0 # 0 <in_heap>
			354: R_RISCV_LO12_I	runtime_map_pages
			354: R_RISCV_RELAX	*ABS*
 358:	00f5a823          	sw	a5,16(a1)
 35c:	000007b7          	lui	a5,0x0
			35c: R_RISCV_HI20	runtime_write_u32
			35c: R_RISCV_RELAX	*ABS*
 360:	00078793          	addi	a5,a5,0 # 0 <in_heap>
			360: R_RISCV_LO12_I	runtime_write_u32
			360: R_RISCV_RELAX	*ABS*
 364:	00f5aa23          	sw	a5,20(a1)
 368:	000007b7          	lui	a5,0x0
			368: R_RISCV_HI20	runtime_read_phys_u32
			368: R_RISCV_RELAX	*ABS*
 36c:	00078793          	addi	a5,a5,0 # 0 <in_heap>
			36c: R_RISCV_LO12_I	runtime_read_phys_u32
			36c: R_RISCV_RELAX	*ABS*
 370:	00f5ac23          	sw	a5,24(a1)
 374:	000007b7          	lui	a5,0x0
			374: R_RISCV_HI20	runtime_write_phys_u32
			374: R_RISCV_RELAX	*ABS*
 378:	00078793          	addi	a5,a5,0 # 0 <in_heap>
			378: R_RISCV_LO12_I	runtime_write_phys_u32
			378: R_RISCV_RELAX	*ABS*
 37c:	00f5ae23          	sw	a5,28(a1)
 380:	000007b7          	lui	a5,0x0
			380: R_RISCV_HI20	runtime_copy_to_memory
			380: R_RISCV_RELAX	*ABS*
 384:	00078793          	addi	a5,a5,0 # 0 <in_heap>
			384: R_RISCV_LO12_I	runtime_copy_to_memory
			384: R_RISCV_RELAX	*ABS*
 388:	02f5a023          	sw	a5,32(a1)
 38c:	000007b7          	lui	a5,0x0
			38c: R_RISCV_HI20	runtime_zero_memory
			38c: R_RISCV_RELAX	*ABS*
 390:	00078793          	addi	a5,a5,0 # 0 <in_heap>
			390: R_RISCV_LO12_I	runtime_zero_memory
			390: R_RISCV_RELAX	*ABS*
 394:	02f5a223          	sw	a5,36(a1)
 398:	000007b7          	lui	a5,0x0
			398: R_RISCV_HI20	runtime_noop_cache
			398: R_RISCV_RELAX	*ABS*
 39c:	00078793          	addi	a5,a5,0 # 0 <in_heap>
			39c: R_RISCV_LO12_I	runtime_noop_cache
			39c: R_RISCV_RELAX	*ABS*
 3a0:	0005a023          	sw	zero,0(a1)
 3a4:	0005a223          	sw	zero,4(a1)
 3a8:	0005a623          	sw	zero,12(a1)
 3ac:	02f5a423          	sw	a5,40(a1)
 3b0:	02f5a623          	sw	a5,44(a1)
 3b4:	00000513          	addi	a0,zero,0
 3b8:	00008067          	jalr	zero,0(ra)

000003bc <.L69>:
 3bc:	00008067          	jalr	zero,0(ra)
=== harvos_supervisor_stack.o ===

C:\Users\dennis\Documents\HarvOS\Template_MiSTer-master\build\supervisor\harvos_supervisor_stack.o:     file format elf32-littleriscv


Disassembly of section .text:

00000000 <str_len>:
       0:	00050793          	addi	a5,a0,0
       4:	00000513          	addi	a0,zero,0

00000008 <.L2>:
       8:	00a78733          	add	a4,a5,a0
       c:	00074703          	lbu	a4,0(a4)
      10:	00071463          	bne	a4,zero,18 <.L3>
			10: R_RISCV_BRANCH	.L3
      14:	00008067          	jalr	zero,0(ra)

00000018 <.L3>:
      18:	00150513          	addi	a0,a0,1
      1c:	fedff06f          	jal	zero,8 <.L2>
			1c: R_RISCV_JAL	.L2

00000020 <fs_elf_size>:
      20:	01452703          	lw	a4,20(a0)
      24:	01052783          	lw	a5,16(a0)
      28:	00071863          	bne	a4,zero,38 <.L7>
			28: R_RISCV_BRANCH	.L7
      2c:	00f5a023          	sw	a5,0(a1)
      30:	00000513          	addi	a0,zero,0
      34:	00008067          	jalr	zero,0(ra)

00000038 <.L7>:
      38:	ffc00513          	addi	a0,zero,-4
      3c:	00008067          	jalr	zero,0(ra)

00000040 <iso_alloc_page>:
      40:	000007b7          	lui	a5,0x0
			40: R_RISCV_HI20	g_isolation_memory_ops
			40: R_RISCV_RELAX	*ABS*
      44:	0007a783          	lw	a5,0(a5) # 0 <str_len>
			44: R_RISCV_LO12_I	g_isolation_memory_ops
			44: R_RISCV_RELAX	*ABS*
      48:	00050613          	addi	a2,a0,0
      4c:	00078c63          	beq	a5,zero,64 <.L8>
			4c: R_RISCV_BRANCH	.L8
      50:	0087a783          	lw	a5,8(a5)
      54:	00078863          	beq	a5,zero,64 <.L8>
			54: R_RISCV_BRANCH	.L8
      58:	000015b7          	lui	a1,0x1
      5c:	00001537          	lui	a0,0x1
      60:	00078067          	jalr	zero,0(a5)

00000064 <.L8>:
      64:	ff600513          	addi	a0,zero,-10
      68:	00008067          	jalr	zero,0(ra)

0000006c <iso_read_u32>:
      6c:	000007b7          	lui	a5,0x0
			6c: R_RISCV_HI20	g_isolation_memory_ops
			6c: R_RISCV_RELAX	*ABS*
      70:	0007a783          	lw	a5,0(a5) # 0 <str_len>
			70: R_RISCV_LO12_I	g_isolation_memory_ops
			70: R_RISCV_RELAX	*ABS*
      74:	00078863          	beq	a5,zero,84 <.L14>
			74: R_RISCV_BRANCH	.L14
      78:	0187a783          	lw	a5,24(a5)
      7c:	00078463          	beq	a5,zero,84 <.L14>
			7c: R_RISCV_BRANCH	.L14
      80:	00078067          	jalr	zero,0(a5)

00000084 <.L14>:
      84:	ff600513          	addi	a0,zero,-10
      88:	00008067          	jalr	zero,0(ra)

0000008c <iso_write_u32_phys>:
      8c:	000007b7          	lui	a5,0x0
			8c: R_RISCV_HI20	g_isolation_memory_ops
			8c: R_RISCV_RELAX	*ABS*
      90:	0007a783          	lw	a5,0(a5) # 0 <str_len>
			90: R_RISCV_LO12_I	g_isolation_memory_ops
			90: R_RISCV_RELAX	*ABS*
      94:	00078863          	beq	a5,zero,a4 <.L20>
			94: R_RISCV_BRANCH	.L20
      98:	01c7a783          	lw	a5,28(a5)
      9c:	00078463          	beq	a5,zero,a4 <.L20>
			9c: R_RISCV_BRANCH	.L20
      a0:	00078067          	jalr	zero,0(a5)

000000a4 <.L20>:
      a4:	ff600513          	addi	a0,zero,-10
      a8:	00008067          	jalr	zero,0(ra)

000000ac <iso_zero_page>:
      ac:	000007b7          	lui	a5,0x0
			ac: R_RISCV_HI20	g_isolation_memory_ops
			ac: R_RISCV_RELAX	*ABS*
      b0:	0007a783          	lw	a5,0(a5) # 0 <str_len>
			b0: R_RISCV_LO12_I	g_isolation_memory_ops
			b0: R_RISCV_RELAX	*ABS*
      b4:	00078a63          	beq	a5,zero,c8 <.L26>
			b4: R_RISCV_BRANCH	.L26
      b8:	0247a783          	lw	a5,36(a5)
      bc:	00078663          	beq	a5,zero,c8 <.L26>
			bc: R_RISCV_BRANCH	.L26
      c0:	000015b7          	lui	a1,0x1
      c4:	00078067          	jalr	zero,0(a5)

000000c8 <.L26>:
      c8:	00008067          	jalr	zero,0(ra)

000000cc <ends_with_ci>:
      cc:	ff010113          	addi	sp,sp,-16
      d0:	00812423          	sw	s0,8(sp)
      d4:	00912223          	sw	s1,4(sp)
      d8:	01212023          	sw	s2,0(sp)
      dc:	00112623          	sw	ra,12(sp)
      e0:	00058493          	addi	s1,a1,0 # 1000 <.L124+0x2c>
      e4:	00050913          	addi	s2,a0,0 # 1000 <.L124+0x2c>
      e8:	00000097          	auipc	ra,0x0
			e8: R_RISCV_CALL	str_len
			e8: R_RISCV_RELAX	*ABS*
      ec:	000080e7          	jalr	ra,0(ra) # e8 <ends_with_ci+0x1c>
      f0:	00050413          	addi	s0,a0,0
      f4:	00048513          	addi	a0,s1,0
      f8:	00000097          	auipc	ra,0x0
			f8: R_RISCV_CALL	str_len
			f8: R_RISCV_RELAX	*ABS*
      fc:	000080e7          	jalr	ra,0(ra) # f8 <ends_with_ci+0x2c>
     100:	06a46c63          	bltu	s0,a0,178 <.L41>
			100: R_RISCV_BRANCH	.L41
     104:	00000693          	addi	a3,zero,0
     108:	40a40433          	sub	s0,s0,a0
     10c:	01900593          	addi	a1,zero,25

00000110 <.L36>:
     110:	02a69063          	bne	a3,a0,130 <.L39>
			110: R_RISCV_BRANCH	.L39
     114:	00100513          	addi	a0,zero,1

00000118 <.L34>:
     118:	00c12083          	lw	ra,12(sp)
     11c:	00812403          	lw	s0,8(sp)
     120:	00412483          	lw	s1,4(sp)
     124:	00012903          	lw	s2,0(sp)
     128:	01010113          	addi	sp,sp,16
     12c:	00008067          	jalr	zero,0(ra)

00000130 <.L39>:
     130:	00d407b3          	add	a5,s0,a3
     134:	00f907b3          	add	a5,s2,a5
     138:	0007c703          	lbu	a4,0(a5)
     13c:	00d487b3          	add	a5,s1,a3
     140:	0007c783          	lbu	a5,0(a5)
     144:	fbf70613          	addi	a2,a4,-65
     148:	0ff67613          	andi	a2,a2,255
     14c:	00c5e663          	bltu	a1,a2,158 <.L37>
			14c: R_RISCV_BRANCH	.L37
     150:	02070713          	addi	a4,a4,32
     154:	0ff77713          	andi	a4,a4,255

00000158 <.L37>:
     158:	fbf78613          	addi	a2,a5,-65
     15c:	0ff67613          	andi	a2,a2,255
     160:	00c5e663          	bltu	a1,a2,16c <.L38>
			160: R_RISCV_BRANCH	.L38
     164:	02078793          	addi	a5,a5,32
     168:	0ff7f793          	andi	a5,a5,255

0000016c <.L38>:
     16c:	00f71663          	bne	a4,a5,178 <.L41>
			16c: R_RISCV_BRANCH	.L41
     170:	00168693          	addi	a3,a3,1
     174:	f9dff06f          	jal	zero,110 <.L36>
			174: R_RISCV_JAL	.L36

00000178 <.L41>:
     178:	00000513          	addi	a0,zero,0
     17c:	f9dff06f          	jal	zero,118 <.L34>
			17c: R_RISCV_JAL	.L34

00000180 <fs_elf_read>:
     180:	fe010113          	addi	sp,sp,-32
     184:	00812c23          	sw	s0,24(sp)
     188:	00068713          	addi	a4,a3,0
     18c:	00068413          	addi	s0,a3,0
     190:	00c10793          	addi	a5,sp,12
     194:	00060693          	addi	a3,a2,0
     198:	00000613          	addi	a2,zero,0
     19c:	00112e23          	sw	ra,28(sp)
     1a0:	00012623          	sw	zero,12(sp)
     1a4:	00000097          	auipc	ra,0x0
			1a4: R_RISCV_CALL	hvs_fs_read
			1a4: R_RISCV_RELAX	*ABS*
     1a8:	000080e7          	jalr	ra,0(ra) # 1a4 <fs_elf_read+0x24>
     1ac:	00051a63          	bne	a0,zero,1c0 <.L43>
			1ac: R_RISCV_BRANCH	.L43
     1b0:	00c12503          	lw	a0,12(sp)
     1b4:	40850533          	sub	a0,a0,s0
     1b8:	00a03533          	sltu	a0,zero,a0
     1bc:	40a00533          	sub	a0,zero,a0

000001c0 <.L43>:
     1c0:	01c12083          	lw	ra,28(sp)
     1c4:	01812403          	lw	s0,24(sp)
     1c8:	02010113          	addi	sp,sp,32
     1cc:	00008067          	jalr	zero,0(ra)

000001d0 <isolated_write_u32>:
     1d0:	fe010113          	addi	sp,sp,-32
     1d4:	00812c23          	sw	s0,24(sp)
     1d8:	00060413          	addi	s0,a2,0
     1dc:	00058613          	addi	a2,a1,0
     1e0:	00050593          	addi	a1,a0,0
     1e4:	00000537          	lui	a0,0x0
			1e4: R_RISCV_HI20	.LANCHOR0
			1e4: R_RISCV_RELAX	*ABS*
     1e8:	00c10713          	addi	a4,sp,12
     1ec:	00810693          	addi	a3,sp,8
     1f0:	00050513          	addi	a0,a0,0 # 0 <str_len>
			1f0: R_RISCV_LO12_I	.LANCHOR0
			1f0: R_RISCV_RELAX	*ABS*
     1f4:	00112e23          	sw	ra,28(sp)
     1f8:	00000097          	auipc	ra,0x0
			1f8: R_RISCV_CALL	hvs_pagetable_translate
			1f8: R_RISCV_RELAX	*ABS*
     1fc:	000080e7          	jalr	ra,0(ra) # 1f8 <isolated_write_u32+0x28>
     200:	02051263          	bne	a0,zero,224 <.L46>
			200: R_RISCV_BRANCH	.L46
     204:	00c12783          	lw	a5,12(sp)
     208:	ff800513          	addi	a0,zero,-8
     20c:	0047f793          	andi	a5,a5,4
     210:	00078a63          	beq	a5,zero,224 <.L46>
			210: R_RISCV_BRANCH	.L46
     214:	00812503          	lw	a0,8(sp)
     218:	00040593          	addi	a1,s0,0
     21c:	00000097          	auipc	ra,0x0
			21c: R_RISCV_CALL	iso_write_u32_phys
			21c: R_RISCV_RELAX	*ABS*
     220:	000080e7          	jalr	ra,0(ra) # 21c <isolated_write_u32+0x4c>

00000224 <.L46>:
     224:	01c12083          	lw	ra,28(sp)
     228:	01812403          	lw	s0,24(sp)
     22c:	02010113          	addi	sp,sp,32
     230:	00008067          	jalr	zero,0(ra)

00000234 <isolated_map_pages>:
     234:	00070793          	addi	a5,a4,0
     238:	00068713          	addi	a4,a3,0
     23c:	00060693          	addi	a3,a2,0
     240:	00058613          	addi	a2,a1,0
     244:	00050593          	addi	a1,a0,0
     248:	00000537          	lui	a0,0x0
			248: R_RISCV_HI20	.LANCHOR0
			248: R_RISCV_RELAX	*ABS*
     24c:	00050513          	addi	a0,a0,0 # 0 <str_len>
			24c: R_RISCV_LO12_I	.LANCHOR0
			24c: R_RISCV_RELAX	*ABS*
     250:	00000317          	auipc	t1,0x0
			250: R_RISCV_CALL	hvs_pagetable_map_pages
			250: R_RISCV_RELAX	*ABS*
     254:	00030067          	jalr	zero,0(t1) # 250 <isolated_map_pages+0x1c>

00000258 <copy_str.part.0>:
     258:	fff58593          	addi	a1,a1,-1
     25c:	00000793          	addi	a5,zero,0

00000260 <.L52>:
     260:	00f50733          	add	a4,a0,a5
     264:	00b78863          	beq	a5,a1,274 <.L53>
			264: R_RISCV_BRANCH	.L53
     268:	00f606b3          	add	a3,a2,a5
     26c:	0006c683          	lbu	a3,0(a3)
     270:	00069663          	bne	a3,zero,27c <.L54>
			270: R_RISCV_BRANCH	.L54

00000274 <.L53>:
     274:	00070023          	sb	zero,0(a4)
     278:	00008067          	jalr	zero,0(ra)

0000027c <.L54>:
     27c:	00d70023          	sb	a3,0(a4)
     280:	00178793          	addi	a5,a5,1
     284:	fddff06f          	jal	zero,260 <.L52>
			284: R_RISCV_JAL	.L52

00000288 <join_path.part.0.constprop.0>:
     288:	00000793          	addi	a5,zero,0
     28c:	07f00893          	addi	a7,zero,127

00000290 <.L56>:
     290:	00178713          	addi	a4,a5,1
     294:	00f506b3          	add	a3,a0,a5
     298:	07178463          	beq	a5,a7,300 <.L63>
			298: R_RISCV_BRANCH	.L63
     29c:	00f58833          	add	a6,a1,a5
     2a0:	00084803          	lbu	a6,0(a6)
     2a4:	04081863          	bne	a6,zero,2f4 <.L58>
			2a4: R_RISCV_BRANCH	.L58
     2a8:	02078063          	beq	a5,zero,2c8 <.L59>
			2a8: R_RISCV_BRANCH	.L59

000002ac <.L57>:
     2ac:	fff6c803          	lbu	a6,-1(a3)
     2b0:	02f00593          	addi	a1,zero,47
     2b4:	00b80a63          	beq	a6,a1,2c8 <.L59>
			2b4: R_RISCV_BRANCH	.L59
     2b8:	08000813          	addi	a6,zero,128
     2bc:	01070663          	beq	a4,a6,2c8 <.L59>
			2bc: R_RISCV_BRANCH	.L59
     2c0:	00b68023          	sb	a1,0(a3)
     2c4:	00070793          	addi	a5,a4,0

000002c8 <.L59>:
     2c8:	00100713          	addi	a4,zero,1
     2cc:	00f507b3          	add	a5,a0,a5
     2d0:	07f00693          	addi	a3,zero,127
     2d4:	40a70533          	sub	a0,a4,a0

000002d8 <.L60>:
     2d8:	00f50733          	add	a4,a0,a5
     2dc:	00e6e863          	bltu	a3,a4,2ec <.L61>
			2dc: R_RISCV_BRANCH	.L61
     2e0:	00064703          	lbu	a4,0(a2)
     2e4:	00160613          	addi	a2,a2,1
     2e8:	02071063          	bne	a4,zero,308 <.L62>
			2e8: R_RISCV_BRANCH	.L62

000002ec <.L61>:
     2ec:	00078023          	sb	zero,0(a5)
     2f0:	00008067          	jalr	zero,0(ra)

000002f4 <.L58>:
     2f4:	01068023          	sb	a6,0(a3)
     2f8:	00070793          	addi	a5,a4,0
     2fc:	f95ff06f          	jal	zero,290 <.L56>
			2fc: R_RISCV_JAL	.L56

00000300 <.L63>:
     300:	08000713          	addi	a4,zero,128
     304:	fa9ff06f          	jal	zero,2ac <.L57>
			304: R_RISCV_JAL	.L57

00000308 <.L62>:
     308:	00e78023          	sb	a4,0(a5)
     30c:	00178793          	addi	a5,a5,1
     310:	fc9ff06f          	jal	zero,2d8 <.L60>
			310: R_RISCV_JAL	.L60

00000314 <join2.part.0.constprop.0>:
     314:	00000793          	addi	a5,zero,0
     318:	07f00693          	addi	a3,zero,127

0000031c <.L68>:
     31c:	00f58733          	add	a4,a1,a5
     320:	00074703          	lbu	a4,0(a4)
     324:	00070a63          	beq	a4,zero,338 <.L71>
			324: R_RISCV_BRANCH	.L71
     328:	00f50833          	add	a6,a0,a5
     32c:	00e80023          	sb	a4,0(a6)
     330:	00178793          	addi	a5,a5,1
     334:	fed794e3          	bne	a5,a3,31c <.L68>
			334: R_RISCV_BRANCH	.L68

00000338 <.L71>:
     338:	00100713          	addi	a4,zero,1
     33c:	00f507b3          	add	a5,a0,a5
     340:	07f00693          	addi	a3,zero,127
     344:	40a70533          	sub	a0,a4,a0

00000348 <.L69>:
     348:	00f50733          	add	a4,a0,a5
     34c:	00e6e863          	bltu	a3,a4,35c <.L72>
			34c: R_RISCV_BRANCH	.L72
     350:	00064703          	lbu	a4,0(a2)
     354:	00160613          	addi	a2,a2,1
     358:	00071663          	bne	a4,zero,364 <.L73>
			358: R_RISCV_BRANCH	.L73

0000035c <.L72>:
     35c:	00078023          	sb	zero,0(a5)
     360:	00008067          	jalr	zero,0(ra)

00000364 <.L73>:
     364:	00e78023          	sb	a4,0(a5)
     368:	00178793          	addi	a5,a5,1
     36c:	fddff06f          	jal	zero,348 <.L69>
			36c: R_RISCV_JAL	.L69

00000370 <ends_with.constprop.0>:
     370:	ff010113          	addi	sp,sp,-16
     374:	00812423          	sw	s0,8(sp)
     378:	00912223          	sw	s1,4(sp)
     37c:	01212023          	sw	s2,0(sp)
     380:	00112623          	sw	ra,12(sp)
     384:	00050913          	addi	s2,a0,0
     388:	000004b7          	lui	s1,0x0
			388: R_RISCV_HI20	.LC0
			388: R_RISCV_RELAX	*ABS*
     38c:	00000097          	auipc	ra,0x0
			38c: R_RISCV_CALL	str_len
			38c: R_RISCV_RELAX	*ABS*
     390:	000080e7          	jalr	ra,0(ra) # 38c <ends_with.constprop.0+0x1c>
     394:	00050413          	addi	s0,a0,0
     398:	00048513          	addi	a0,s1,0 # 0 <str_len>
			398: R_RISCV_LO12_I	.LC0
			398: R_RISCV_RELAX	*ABS*
     39c:	00000097          	auipc	ra,0x0
			39c: R_RISCV_CALL	str_len
			39c: R_RISCV_RELAX	*ABS*
     3a0:	000080e7          	jalr	ra,0(ra) # 39c <ends_with.constprop.0+0x2c>
     3a4:	06a46e63          	bltu	s0,a0,420 <.L82>
			3a4: R_RISCV_BRANCH	.L82
     3a8:	00000693          	addi	a3,zero,0
     3ac:	40a40433          	sub	s0,s0,a0
     3b0:	00048493          	addi	s1,s1,0
			3b0: R_RISCV_LO12_I	.LC0
			3b0: R_RISCV_RELAX	*ABS*
     3b4:	01900593          	addi	a1,zero,25

000003b8 <.L77>:
     3b8:	02d51063          	bne	a0,a3,3d8 <.L80>
			3b8: R_RISCV_BRANCH	.L80
     3bc:	00100513          	addi	a0,zero,1

000003c0 <.L75>:
     3c0:	00c12083          	lw	ra,12(sp)
     3c4:	00812403          	lw	s0,8(sp)
     3c8:	00412483          	lw	s1,4(sp)
     3cc:	00012903          	lw	s2,0(sp)
     3d0:	01010113          	addi	sp,sp,16
     3d4:	00008067          	jalr	zero,0(ra)

000003d8 <.L80>:
     3d8:	00d407b3          	add	a5,s0,a3
     3dc:	00f907b3          	add	a5,s2,a5
     3e0:	0007c703          	lbu	a4,0(a5)
     3e4:	009687b3          	add	a5,a3,s1
     3e8:	0007c783          	lbu	a5,0(a5)
     3ec:	fbf70613          	addi	a2,a4,-65
     3f0:	0ff67613          	andi	a2,a2,255
     3f4:	00c5e663          	bltu	a1,a2,400 <.L78>
			3f4: R_RISCV_BRANCH	.L78
     3f8:	02070713          	addi	a4,a4,32
     3fc:	0ff77713          	andi	a4,a4,255

00000400 <.L78>:
     400:	fbf78613          	addi	a2,a5,-65
     404:	0ff67613          	andi	a2,a2,255
     408:	00c5e663          	bltu	a1,a2,414 <.L79>
			408: R_RISCV_BRANCH	.L79
     40c:	02078793          	addi	a5,a5,32
     410:	0ff7f793          	andi	a5,a5,255

00000414 <.L79>:
     414:	00f71663          	bne	a4,a5,420 <.L82>
			414: R_RISCV_BRANCH	.L82
     418:	00168693          	addi	a3,a3,1
     41c:	f9dff06f          	jal	zero,3b8 <.L77>
			41c: R_RISCV_JAL	.L77

00000420 <.L82>:
     420:	00000513          	addi	a0,zero,0
     424:	f9dff06f          	jal	zero,3c0 <.L75>
			424: R_RISCV_JAL	.L75

00000428 <classify_filesystems>:
     428:	f8010113          	addi	sp,sp,-128
     42c:	06912a23          	sw	s1,116(sp)
     430:	000014b7          	lui	s1,0x1
     434:	06812c23          	sw	s0,120(sp)
     438:	07212823          	sw	s2,112(sp)
     43c:	07412423          	sw	s4,104(sp)
     440:	07512223          	sw	s5,100(sp)
     444:	06112e23          	sw	ra,124(sp)
     448:	07312623          	sw	s3,108(sp)
     44c:	009504b3          	add	s1,a0,s1
     450:	4004a423          	sw	zero,1032(s1) # 1408 <hvs_supervisor_boot_from_blocks+0x10>
     454:	4004a623          	sw	zero,1036(s1)
     458:	20050413          	addi	s0,a0,512
     45c:	00000913          	addi	s2,zero,0
     460:	00000a37          	lui	s4,0x0
			460: R_RISCV_HI20	.LC1
			460: R_RISCV_RELAX	*ABS*
     464:	00000ab7          	lui	s5,0x0
			464: R_RISCV_HI20	.LC2
			464: R_RISCV_RELAX	*ABS*

00000468 <.L85>:
     468:	4044a783          	lw	a5,1028(s1)
     46c:	04f96063          	bltu	s2,a5,4ac <.L90>
			46c: R_RISCV_BRANCH	.L90
     470:	4084a783          	lw	a5,1032(s1)
     474:	ffd00513          	addi	a0,zero,-3
     478:	00078863          	beq	a5,zero,488 <.L84>
			478: R_RISCV_BRANCH	.L84
     47c:	40c4a783          	lw	a5,1036(s1)
     480:	00078463          	beq	a5,zero,488 <.L84>
			480: R_RISCV_BRANCH	.L84
     484:	00000513          	addi	a0,zero,0

00000488 <.L84>:
     488:	07c12083          	lw	ra,124(sp)
     48c:	07812403          	lw	s0,120(sp)
     490:	07412483          	lw	s1,116(sp)
     494:	07012903          	lw	s2,112(sp)
     498:	06c12983          	lw	s3,108(sp)
     49c:	06812a03          	lw	s4,104(sp)
     4a0:	06412a83          	lw	s5,100(sp)
     4a4:	08010113          	addi	sp,sp,128
     4a8:	00008067          	jalr	zero,0(ra)

000004ac <.L90>:
     4ac:	000a0593          	addi	a1,s4,0 # 0 <str_len>
			4ac: R_RISCV_LO12_I	.LC1
			4ac: R_RISCV_RELAX	*ABS*
     4b0:	00040513          	addi	a0,s0,0
     4b4:	00000097          	auipc	ra,0x0
			4b4: R_RISCV_CALL	hvs_fs_is_dir
			4b4: R_RISCV_RELAX	*ABS*
     4b8:	000080e7          	jalr	ra,0(ra) # 4b4 <.L90+0x8>
     4bc:	00051463          	bne	a0,zero,4c4 <.L86>
			4bc: R_RISCV_BRANCH	.L86
     4c0:	4084a623          	sw	s0,1036(s1)

000004c4 <.L86>:
     4c4:	00000993          	addi	s3,zero,0

000004c8 <.L95>:
     4c8:	00098613          	addi	a2,s3,0
     4cc:	00810693          	addi	a3,sp,8
     4d0:	000a8593          	addi	a1,s5,0 # 0 <str_len>
			4d0: R_RISCV_LO12_I	.LC2
			4d0: R_RISCV_RELAX	*ABS*
     4d4:	00040513          	addi	a0,s0,0
     4d8:	00198993          	addi	s3,s3,1
     4dc:	00000097          	auipc	ra,0x0
			4dc: R_RISCV_CALL	hvs_fs_read_dir
			4dc: R_RISCV_RELAX	*ABS*
     4e0:	000080e7          	jalr	ra,0(ra) # 4dc <.L95+0x14>
     4e4:	02051063          	bne	a0,zero,504 <.L88>
			4e4: R_RISCV_BRANCH	.L88
     4e8:	04814783          	lbu	a5,72(sp)
     4ec:	fc079ee3          	bne	a5,zero,4c8 <.L95>
			4ec: R_RISCV_BRANCH	.L95
     4f0:	00810513          	addi	a0,sp,8
     4f4:	00000097          	auipc	ra,0x0
			4f4: R_RISCV_CALL	ends_with.constprop.0
			4f4: R_RISCV_RELAX	*ABS*
     4f8:	000080e7          	jalr	ra,0(ra) # 4f4 <.L95+0x2c>
     4fc:	fc0506e3          	beq	a0,zero,4c8 <.L95>
			4fc: R_RISCV_BRANCH	.L95
     500:	4084a423          	sw	s0,1032(s1)

00000504 <.L88>:
     504:	00190913          	addi	s2,s2,1
     508:	24040413          	addi	s0,s0,576
     50c:	f5dff06f          	jal	zero,468 <.L85>
			50c: R_RISCV_JAL	.L85

00000510 <bundle_scan_dir.isra.0>:
     510:	e3010113          	addi	sp,sp,-464
     514:	1c812423          	sw	s0,456(sp)
     518:	1b312e23          	sw	s3,444(sp)
     51c:	1b412c23          	sw	s4,440(sp)
     520:	1b512a23          	sw	s5,436(sp)
     524:	1b612823          	sw	s6,432(sp)
     528:	1b812423          	sw	s8,424(sp)
     52c:	1b912223          	sw	s9,420(sp)
     530:	1ba12023          	sw	s10,416(sp)
     534:	19b12e23          	sw	s11,412(sp)
     538:	00060a13          	addi	s4,a2,0
     53c:	1c112623          	sw	ra,460(sp)
     540:	1c912223          	sw	s1,452(sp)
     544:	1d212023          	sw	s2,448(sp)
     548:	1b712623          	sw	s7,428(sp)
     54c:	00050993          	addi	s3,a0,0
     550:	00058413          	addi	s0,a1,0
     554:	00068a93          	addi	s5,a3,0
     558:	00070b13          	addi	s6,a4,0
     55c:	00000613          	addi	a2,zero,0
     560:	00000c37          	lui	s8,0x0
			560: R_RISCV_HI20	.LC7
			560: R_RISCV_RELAX	*ABS*
     564:	00000cb7          	lui	s9,0x0
			564: R_RISCV_HI20	.LC8
			564: R_RISCV_RELAX	*ABS*
     568:	00000d37          	lui	s10,0x0
			568: R_RISCV_HI20	.LC9
			568: R_RISCV_RELAX	*ABS*
     56c:	00000db7          	lui	s11,0x0
			56c: R_RISCV_HI20	.LC10
			56c: R_RISCV_RELAX	*ABS*

00000570 <.L99>:
     570:	00160793          	addi	a5,a2,1
     574:	03810693          	addi	a3,sp,56
     578:	000a0593          	addi	a1,s4,0
     57c:	00098513          	addi	a0,s3,0
     580:	00f12623          	sw	a5,12(sp)
     584:	00000097          	auipc	ra,0x0
			584: R_RISCV_CALL	hvs_fs_read_dir
			584: R_RISCV_RELAX	*ABS*
     588:	000080e7          	jalr	ra,0(ra) # 584 <.L99+0x14>
     58c:	04050063          	beq	a0,zero,5cc <.L112>
			58c: R_RISCV_BRANCH	.L112
     590:	1cc12083          	lw	ra,460(sp)
     594:	1c812403          	lw	s0,456(sp)
     598:	1c412483          	lw	s1,452(sp)
     59c:	1c012903          	lw	s2,448(sp)
     5a0:	1bc12983          	lw	s3,444(sp)
     5a4:	1b812a03          	lw	s4,440(sp)
     5a8:	1b412a83          	lw	s5,436(sp)
     5ac:	1b012b03          	lw	s6,432(sp)
     5b0:	1ac12b83          	lw	s7,428(sp)
     5b4:	1a812c03          	lw	s8,424(sp)
     5b8:	1a412c83          	lw	s9,420(sp)
     5bc:	1a012d03          	lw	s10,416(sp)
     5c0:	19c12d83          	lw	s11,412(sp)
     5c4:	1d010113          	addi	sp,sp,464
     5c8:	00008067          	jalr	zero,0(ra)

000005cc <.L112>:
     5cc:	03814703          	lbu	a4,56(sp)
     5d0:	02e00793          	addi	a5,zero,46
     5d4:	00f71663          	bne	a4,a5,5e0 <.L100>
			5d4: R_RISCV_BRANCH	.L100

000005d8 <.L104>:
     5d8:	00c12603          	lw	a2,12(sp)
     5dc:	f95ff06f          	jal	zero,570 <.L99>
			5dc: R_RISCV_JAL	.L99

000005e0 <.L100>:
     5e0:	03810613          	addi	a2,sp,56
     5e4:	000a0593          	addi	a1,s4,0
     5e8:	09010513          	addi	a0,sp,144
     5ec:	00000097          	auipc	ra,0x0
			5ec: R_RISCV_CALL	join_path.part.0.constprop.0
			5ec: R_RISCV_RELAX	*ABS*
     5f0:	000080e7          	jalr	ra,0(ra) # 5ec <.L100+0xc>
     5f4:	000ac783          	lbu	a5,0(s5)
     5f8:	03810613          	addi	a2,sp,56
     5fc:	04078263          	beq	a5,zero,640 <.L101>
			5fc: R_RISCV_BRANCH	.L101
     600:	000a8593          	addi	a1,s5,0
     604:	11010513          	addi	a0,sp,272
     608:	00000097          	auipc	ra,0x0
			608: R_RISCV_CALL	join_path.part.0.constprop.0
			608: R_RISCV_RELAX	*ABS*
     60c:	000080e7          	jalr	ra,0(ra) # 608 <.L100+0x28>

00000610 <.L102>:
     610:	07814783          	lbu	a5,120(sp)
     614:	04078263          	beq	a5,zero,658 <.L103>
			614: R_RISCV_BRANCH	.L103
     618:	00300793          	addi	a5,zero,3
     61c:	fafb0ee3          	beq	s6,a5,5d8 <.L104>
			61c: R_RISCV_BRANCH	.L104
     620:	001b0713          	addi	a4,s6,1
     624:	11010693          	addi	a3,sp,272
     628:	09010613          	addi	a2,sp,144
     62c:	00040593          	addi	a1,s0,0
     630:	00098513          	addi	a0,s3,0
     634:	00000097          	auipc	ra,0x0
			634: R_RISCV_CALL	bundle_scan_dir.isra.0
			634: R_RISCV_RELAX	*ABS*
     638:	000080e7          	jalr	ra,0(ra) # 634 <.L102+0x24>
     63c:	f9dff06f          	jal	zero,5d8 <.L104>
			63c: R_RISCV_JAL	.L104

00000640 <.L101>:
     640:	000005b7          	lui	a1,0x0
			640: R_RISCV_HI20	.LC2
			640: R_RISCV_RELAX	*ABS*
     644:	00058593          	addi	a1,a1,0 # 0 <str_len>
			644: R_RISCV_LO12_I	.LC2
			644: R_RISCV_RELAX	*ABS*
     648:	11010513          	addi	a0,sp,272
     64c:	00000097          	auipc	ra,0x0
			64c: R_RISCV_CALL	join2.part.0.constprop.0
			64c: R_RISCV_RELAX	*ABS*
     650:	000080e7          	jalr	ra,0(ra) # 64c <.L101+0xc>
     654:	fbdff06f          	jal	zero,610 <.L102>
			654: R_RISCV_JAL	.L102

00000658 <.L103>:
     658:	00842703          	lw	a4,8(s0)
     65c:	00012a23          	sw	zero,20(sp)
     660:	00f00793          	addi	a5,zero,15
     664:	f6e7eae3          	bltu	a5,a4,5d8 <.L104>
			664: R_RISCV_BRANCH	.L104
     668:	11010513          	addi	a0,sp,272
     66c:	00000097          	auipc	ra,0x0
			66c: R_RISCV_CALL	str_len
			66c: R_RISCV_RELAX	*ABS*
     670:	000080e7          	jalr	ra,0(ra) # 66c <.L103+0x14>
     674:	05b00793          	addi	a5,zero,91
     678:	f6a7e0e3          	bltu	a5,a0,5d8 <.L104>
			678: R_RISCV_BRANCH	.L104
     67c:	01810613          	addi	a2,sp,24
     680:	09010593          	addi	a1,sp,144
     684:	00098513          	addi	a0,s3,0
     688:	00000097          	auipc	ra,0x0
			688: R_RISCV_CALL	hvs_fs_open
			688: R_RISCV_RELAX	*ABS*
     68c:	000080e7          	jalr	ra,0(ra) # 688 <.L103+0x30>
     690:	f40514e3          	bne	a0,zero,5d8 <.L104>
			690: R_RISCV_BRANCH	.L104
     694:	03014783          	lbu	a5,48(sp)
     698:	f40790e3          	bne	a5,zero,5d8 <.L104>
			698: R_RISCV_BRANCH	.L104
     69c:	02c12783          	lw	a5,44(sp)
     6a0:	02812483          	lw	s1,40(sp)
     6a4:	f2079ae3          	bne	a5,zero,5d8 <.L104>
			6a4: R_RISCV_BRANCH	.L104
     6a8:	00442783          	lw	a5,4(s0)
     6ac:	00010737          	lui	a4,0x10
     6b0:	00f487b3          	add	a5,s1,a5
     6b4:	f2f762e3          	bltu	a4,a5,5d8 <.L104>
			6b4: R_RISCV_BRANCH	.L104
     6b8:	00042903          	lw	s2,0(s0)
     6bc:	00842783          	lw	a5,8(s0)
     6c0:	01890913          	addi	s2,s2,24
     6c4:	00779793          	slli	a5,a5,0x7
     6c8:	00f907b3          	add	a5,s2,a5
     6cc:	08078713          	addi	a4,a5,128

000006d0 <.L109>:
     6d0:	18e79c63          	bne	a5,a4,868 <.L110>
			6d0: R_RISCV_BRANCH	.L110
     6d4:	00842503          	lw	a0,8(s0)
     6d8:	11010613          	addi	a2,sp,272
     6dc:	05c00593          	addi	a1,zero,92
     6e0:	00751513          	slli	a0,a0,0x7
     6e4:	00a90533          	add	a0,s2,a0
     6e8:	00000097          	auipc	ra,0x0
			6e8: R_RISCV_CALL	copy_str.part.0
			6e8: R_RISCV_RELAX	*ABS*
     6ec:	000080e7          	jalr	ra,0(ra) # 6e8 <.L109+0x18>
     6f0:	00842783          	lw	a5,8(s0)
     6f4:	00442b83          	lw	s7,4(s0)
     6f8:	11010513          	addi	a0,sp,272
     6fc:	00779793          	slli	a5,a5,0x7
     700:	00f90933          	add	s2,s2,a5
     704:	000007b7          	lui	a5,0x0
			704: R_RISCV_HI20	.LC3
			704: R_RISCV_RELAX	*ABS*
     708:	00078593          	addi	a1,a5,0 # 0 <str_len>
			708: R_RISCV_LO12_I	.LC3
			708: R_RISCV_RELAX	*ABS*
     70c:	05792e23          	sw	s7,92(s2)
     710:	06992023          	sw	s1,96(s2)
     714:	00000097          	auipc	ra,0x0
			714: R_RISCV_CALL	ends_with_ci
			714: R_RISCV_RELAX	*ABS*
     718:	000080e7          	jalr	ra,0(ra) # 714 <.L109+0x44>
     71c:	00100793          	addi	a5,zero,1
     720:	0e051863          	bne	a0,zero,810 <.L111>
			720: R_RISCV_BRANCH	.L111
     724:	000007b7          	lui	a5,0x0
			724: R_RISCV_HI20	.LC4
			724: R_RISCV_RELAX	*ABS*
     728:	00078593          	addi	a1,a5,0 # 0 <str_len>
			728: R_RISCV_LO12_I	.LC4
			728: R_RISCV_RELAX	*ABS*
     72c:	11010513          	addi	a0,sp,272
     730:	00000097          	auipc	ra,0x0
			730: R_RISCV_CALL	ends_with_ci
			730: R_RISCV_RELAX	*ABS*
     734:	000080e7          	jalr	ra,0(ra) # 730 <.L109+0x60>
     738:	00100793          	addi	a5,zero,1
     73c:	0c051a63          	bne	a0,zero,810 <.L111>
			73c: R_RISCV_BRANCH	.L111
     740:	000007b7          	lui	a5,0x0
			740: R_RISCV_HI20	.LC5
			740: R_RISCV_RELAX	*ABS*
     744:	00078593          	addi	a1,a5,0 # 0 <str_len>
			744: R_RISCV_LO12_I	.LC5
			744: R_RISCV_RELAX	*ABS*
     748:	11010513          	addi	a0,sp,272
     74c:	00000097          	auipc	ra,0x0
			74c: R_RISCV_CALL	ends_with_ci
			74c: R_RISCV_RELAX	*ABS*
     750:	000080e7          	jalr	ra,0(ra) # 74c <.L109+0x7c>
     754:	00200793          	addi	a5,zero,2
     758:	0a051c63          	bne	a0,zero,810 <.L111>
			758: R_RISCV_BRANCH	.L111
     75c:	000007b7          	lui	a5,0x0
			75c: R_RISCV_HI20	.LC6
			75c: R_RISCV_RELAX	*ABS*
     760:	00078593          	addi	a1,a5,0 # 0 <str_len>
			760: R_RISCV_LO12_I	.LC6
			760: R_RISCV_RELAX	*ABS*
     764:	11010513          	addi	a0,sp,272
     768:	00000097          	auipc	ra,0x0
			768: R_RISCV_CALL	ends_with_ci
			768: R_RISCV_RELAX	*ABS*
     76c:	000080e7          	jalr	ra,0(ra) # 768 <.L109+0x98>
     770:	00300793          	addi	a5,zero,3
     774:	08051e63          	bne	a0,zero,810 <.L111>
			774: R_RISCV_BRANCH	.L111
     778:	000c0593          	addi	a1,s8,0 # 0 <str_len>
			778: R_RISCV_LO12_I	.LC7
			778: R_RISCV_RELAX	*ABS*
     77c:	11010513          	addi	a0,sp,272
     780:	00000097          	auipc	ra,0x0
			780: R_RISCV_CALL	ends_with_ci
			780: R_RISCV_RELAX	*ABS*
     784:	000080e7          	jalr	ra,0(ra) # 780 <.L109+0xb0>
     788:	00400793          	addi	a5,zero,4
     78c:	08051263          	bne	a0,zero,810 <.L111>
			78c: R_RISCV_BRANCH	.L111
     790:	000c8593          	addi	a1,s9,0 # 0 <str_len>
			790: R_RISCV_LO12_I	.LC8
			790: R_RISCV_RELAX	*ABS*
     794:	11010513          	addi	a0,sp,272
     798:	00000097          	auipc	ra,0x0
			798: R_RISCV_CALL	ends_with_ci
			798: R_RISCV_RELAX	*ABS*
     79c:	000080e7          	jalr	ra,0(ra) # 798 <.L109+0xc8>
     7a0:	00500793          	addi	a5,zero,5
     7a4:	06051663          	bne	a0,zero,810 <.L111>
			7a4: R_RISCV_BRANCH	.L111
     7a8:	000d0593          	addi	a1,s10,0 # 0 <str_len>
			7a8: R_RISCV_LO12_I	.LC9
			7a8: R_RISCV_RELAX	*ABS*
     7ac:	11010513          	addi	a0,sp,272
     7b0:	00000097          	auipc	ra,0x0
			7b0: R_RISCV_CALL	ends_with_ci
			7b0: R_RISCV_RELAX	*ABS*
     7b4:	000080e7          	jalr	ra,0(ra) # 7b0 <.L109+0xe0>
     7b8:	00500793          	addi	a5,zero,5
     7bc:	04051a63          	bne	a0,zero,810 <.L111>
			7bc: R_RISCV_BRANCH	.L111
     7c0:	000d8593          	addi	a1,s11,0 # 0 <str_len>
			7c0: R_RISCV_LO12_I	.LC10
			7c0: R_RISCV_RELAX	*ABS*
     7c4:	11010513          	addi	a0,sp,272
     7c8:	00000097          	auipc	ra,0x0
			7c8: R_RISCV_CALL	ends_with_ci
			7c8: R_RISCV_RELAX	*ABS*
     7cc:	000080e7          	jalr	ra,0(ra) # 7c8 <.L109+0xf8>
     7d0:	00600793          	addi	a5,zero,6
     7d4:	02051e63          	bne	a0,zero,810 <.L111>
			7d4: R_RISCV_BRANCH	.L111
     7d8:	000005b7          	lui	a1,0x0
			7d8: R_RISCV_HI20	.LC11
			7d8: R_RISCV_RELAX	*ABS*
     7dc:	00058593          	addi	a1,a1,0 # 0 <str_len>
			7dc: R_RISCV_LO12_I	.LC11
			7dc: R_RISCV_RELAX	*ABS*
     7e0:	11010513          	addi	a0,sp,272
     7e4:	00000097          	auipc	ra,0x0
			7e4: R_RISCV_CALL	ends_with_ci
			7e4: R_RISCV_RELAX	*ABS*
     7e8:	000080e7          	jalr	ra,0(ra) # 7e4 <.L109+0x114>
     7ec:	00700793          	addi	a5,zero,7
     7f0:	02051063          	bne	a0,zero,810 <.L111>
			7f0: R_RISCV_BRANCH	.L111
     7f4:	000005b7          	lui	a1,0x0
			7f4: R_RISCV_HI20	.LC12
			7f4: R_RISCV_RELAX	*ABS*
     7f8:	00058593          	addi	a1,a1,0 # 0 <str_len>
			7f8: R_RISCV_LO12_I	.LC12
			7f8: R_RISCV_RELAX	*ABS*
     7fc:	11010513          	addi	a0,sp,272
     800:	00000097          	auipc	ra,0x0
			800: R_RISCV_CALL	ends_with_ci
			800: R_RISCV_RELAX	*ABS*
     804:	000080e7          	jalr	ra,0(ra) # 800 <.L109+0x130>
     808:	00153793          	sltiu	a5,a0,1
     80c:	00878793          	addi	a5,a5,8

00000810 <.L111>:
     810:	00042683          	lw	a3,0(s0)
     814:	06f92223          	sw	a5,100(s2)
     818:	00048713          	addi	a4,s1,0
     81c:	01410793          	addi	a5,sp,20
     820:	017686b3          	add	a3,a3,s7
     824:	00000593          	addi	a1,zero,0
     828:	00000613          	addi	a2,zero,0
     82c:	01810513          	addi	a0,sp,24
     830:	00000097          	auipc	ra,0x0
			830: R_RISCV_CALL	hvs_fs_read
			830: R_RISCV_RELAX	*ABS*
     834:	000080e7          	jalr	ra,0(ra) # 830 <.L111+0x20>
     838:	da0510e3          	bne	a0,zero,5d8 <.L104>
			838: R_RISCV_BRANCH	.L104
     83c:	01412783          	lw	a5,20(sp)
     840:	d8f49ce3          	bne	s1,a5,5d8 <.L104>
			840: R_RISCV_BRANCH	.L104
     844:	00442783          	lw	a5,4(s0)
     848:	00348493          	addi	s1,s1,3
     84c:	00f484b3          	add	s1,s1,a5
     850:	00842783          	lw	a5,8(s0)
     854:	ffc4f493          	andi	s1,s1,-4
     858:	00942223          	sw	s1,4(s0)
     85c:	00178793          	addi	a5,a5,1
     860:	00f42423          	sw	a5,8(s0)
     864:	d75ff06f          	jal	zero,5d8 <.L104>
			864: R_RISCV_JAL	.L104

00000868 <.L110>:
     868:	00178793          	addi	a5,a5,1
     86c:	fe078fa3          	sb	zero,-1(a5)
     870:	e61ff06f          	jal	zero,6d0 <.L109>
			870: R_RISCV_JAL	.L109

00000874 <load_app.isra.0>:
     874:	e9010113          	addi	sp,sp,-368
     878:	fffff337          	lui	t1,0xfffff
     87c:	15312e23          	sw	s3,348(sp)
     880:	16112623          	sw	ra,364(sp)
     884:	16812423          	sw	s0,360(sp)
     888:	16912223          	sw	s1,356(sp)
     88c:	17212023          	sw	s2,352(sp)
     890:	15412c23          	sw	s4,344(sp)
     894:	15512a23          	sw	s5,340(sp)
     898:	15612823          	sw	s6,336(sp)
     89c:	15712623          	sw	s7,332(sp)
     8a0:	15812423          	sw	s8,328(sp)
     8a4:	15912223          	sw	s9,324(sp)
     8a8:	15a12023          	sw	s10,320(sp)
     8ac:	13b12e23          	sw	s11,316(sp)
     8b0:	00001737          	lui	a4,0x1
     8b4:	00610133          	add	sp,sp,t1
     8b8:	12070713          	addi	a4,a4,288 # 1120 <.L145+0x80>
     8bc:	01010693          	addi	a3,sp,16
     8c0:	fffff7b7          	lui	a5,0xfffff
     8c4:	00d70733          	add	a4,a4,a3
     8c8:	00f707b3          	add	a5,a4,a5
     8cc:	00f12623          	sw	a5,12(sp)
     8d0:	ee07a423          	sw	zero,-280(a5) # ffffeee8 <.L245+0xffffd930>
     8d4:	000037b7          	lui	a5,0x3
     8d8:	00f507b3          	add	a5,a0,a5
     8dc:	1707a983          	lw	s3,368(a5) # 3170 <.L245+0x1bb8>
     8e0:	00700793          	addi	a5,zero,7
     8e4:	6f37e863          	bltu	a5,s3,fd4 <.L124>
			8e4: R_RISCV_BRANCH	.L124
     8e8:	00050413          	addi	s0,a0,0
     8ec:	00058c93          	addi	s9,a1,0
     8f0:	00098513          	addi	a0,s3,0
     8f4:	3ac00593          	addi	a1,zero,940
     8f8:	000014b7          	lui	s1,0x1
     8fc:	00060b13          	addi	s6,a2,0
     900:	41048493          	addi	s1,s1,1040 # 1410 <hvs_supervisor_boot_from_blocks+0x18>
     904:	00000097          	auipc	ra,0x0
			904: R_RISCV_CALL	__mulsi3
			904: R_RISCV_RELAX	*ABS*
     908:	000080e7          	jalr	ra,0(ra) # 904 <load_app.isra.0+0x90>
     90c:	009504b3          	add	s1,a0,s1
     910:	009404b3          	add	s1,s0,s1
     914:	00050913          	addi	s2,a0,0
     918:	3ac48713          	addi	a4,s1,940
     91c:	00048793          	addi	a5,s1,0

00000920 <.L127>:
     920:	68e79463          	bne	a5,a4,fa8 <.L128>
			920: R_RISCV_BRANCH	.L128
     924:	00000a13          	addi	s4,zero,0
     928:	02e00b93          	addi	s7,zero,46
     92c:	01f00c13          	addi	s8,zero,31

00000930 <.L129>:
     930:	014b0533          	add	a0,s6,s4
     934:	00054a83          	lbu	s5,0(a0)
     938:	020a8263          	beq	s5,zero,95c <.L131>
			938: R_RISCV_BRANCH	.L131
     93c:	017a9863          	bne	s5,s7,94c <.L130>
			93c: R_RISCV_BRANCH	.L130
     940:	00000097          	auipc	ra,0x0
			940: R_RISCV_CALL	ends_with.constprop.0
			940: R_RISCV_RELAX	*ABS*
     944:	000080e7          	jalr	ra,0(ra) # 940 <.L129+0x10>
     948:	00051a63          	bne	a0,zero,95c <.L131>
			948: R_RISCV_BRANCH	.L131

0000094c <.L130>:
     94c:	014487b3          	add	a5,s1,s4
     950:	01578023          	sb	s5,0(a5)
     954:	001a0a13          	addi	s4,s4,1
     958:	fd8a1ce3          	bne	s4,s8,930 <.L129>
			958: R_RISCV_BRANCH	.L129

0000095c <.L131>:
     95c:	00001ab7          	lui	s5,0x1
     960:	430a8b93          	addi	s7,s5,1072 # 1430 <hvs_supervisor_boot_from_blocks+0x38>
     964:	01790bb3          	add	s7,s2,s7
     968:	01448a33          	add	s4,s1,s4
     96c:	01740bb3          	add	s7,s0,s7
     970:	000005b7          	lui	a1,0x0
			970: R_RISCV_HI20	.LC2
			970: R_RISCV_RELAX	*ABS*
     974:	000b0613          	addi	a2,s6,0
     978:	000a0023          	sb	zero,0(s4)
     97c:	00058593          	addi	a1,a1,0 # 0 <str_len>
			97c: R_RISCV_LO12_I	.LC2
			97c: R_RISCV_RELAX	*ABS*
     980:	000b8513          	addi	a0,s7,0
     984:	00000097          	auipc	ra,0x0
			984: R_RISCV_CALL	join2.part.0.constprop.0
			984: R_RISCV_RELAX	*ABS*
     988:	000080e7          	jalr	ra,0(ra) # 984 <.L131+0x28>
     98c:	00001d37          	lui	s10,0x1
     990:	01010713          	addi	a4,sp,16
     994:	fffffb37          	lui	s6,0xfffff
     998:	120d0793          	addi	a5,s10,288 # 1120 <.L145+0x80>
     99c:	00e787b3          	add	a5,a5,a4
     9a0:	f80b0c13          	addi	s8,s6,-128 # ffffef80 <.L245+0xffffd9c8>
     9a4:	01878c33          	add	s8,a5,s8
     9a8:	00000637          	lui	a2,0x0
			9a8: R_RISCV_HI20	.LC13
			9a8: R_RISCV_RELAX	*ABS*
     9ac:	000c0513          	addi	a0,s8,0
     9b0:	00060613          	addi	a2,a2,0 # 0 <str_len>
			9b0: R_RISCV_LO12_I	.LC13
			9b0: R_RISCV_RELAX	*ABS*
     9b4:	00048593          	addi	a1,s1,0
     9b8:	4b0a8a13          	addi	s4,s5,1200
     9bc:	00000097          	auipc	ra,0x0
			9bc: R_RISCV_CALL	join2.part.0.constprop.0
			9bc: R_RISCV_RELAX	*ABS*
     9c0:	000080e7          	jalr	ra,0(ra) # 9bc <.L131+0x60>
     9c4:	01490a33          	add	s4,s2,s4
     9c8:	01440a33          	add	s4,s0,s4
     9cc:	000005b7          	lui	a1,0x0
			9cc: R_RISCV_HI20	.LC14
			9cc: R_RISCV_RELAX	*ABS*
     9d0:	000c0613          	addi	a2,s8,0
     9d4:	00058593          	addi	a1,a1,0 # 0 <str_len>
			9d4: R_RISCV_LO12_I	.LC14
			9d4: R_RISCV_RELAX	*ABS*
     9d8:	000a0513          	addi	a0,s4,0
     9dc:	530a8c13          	addi	s8,s5,1328
     9e0:	00000097          	auipc	ra,0x0
			9e0: R_RISCV_CALL	join2.part.0.constprop.0
			9e0: R_RISCV_RELAX	*ABS*
     9e4:	000080e7          	jalr	ra,0(ra) # 9e0 <.L131+0x84>
     9e8:	01890c33          	add	s8,s2,s8
     9ec:	01840c33          	add	s8,s0,s8
     9f0:	000005b7          	lui	a1,0x0
			9f0: R_RISCV_HI20	.LC15
			9f0: R_RISCV_RELAX	*ABS*
     9f4:	00058593          	addi	a1,a1,0 # 0 <str_len>
			9f4: R_RISCV_LO12_I	.LC15
			9f4: R_RISCV_RELAX	*ABS*
     9f8:	000c0513          	addi	a0,s8,0
     9fc:	00048613          	addi	a2,s1,0
     a00:	00000097          	auipc	ra,0x0
			a00: R_RISCV_CALL	join2.part.0.constprop.0
			a00: R_RISCV_RELAX	*ABS*
     a04:	000080e7          	jalr	ra,0(ra) # a00 <.L131+0xa4>
     a08:	01540db3          	add	s11,s0,s5
     a0c:	40cda503          	lw	a0,1036(s11)
     a10:	000c0593          	addi	a1,s8,0
     a14:	00000097          	auipc	ra,0x0
			a14: R_RISCV_CALL	hvs_fs_is_dir
			a14: R_RISCV_RELAX	*ABS*
     a18:	000080e7          	jalr	ra,0(ra) # a14 <.L131+0xb8>
     a1c:	5a051c63          	bne	a0,zero,fd4 <.L124>
			a1c: R_RISCV_BRANCH	.L124
     a20:	120d0793          	addi	a5,s10,288
     a24:	01010713          	addi	a4,sp,16
     a28:	f50b0893          	addi	a7,s6,-176
     a2c:	00e787b3          	add	a5,a5,a4
     a30:	408da503          	lw	a0,1032(s11)
     a34:	011788b3          	add	a7,a5,a7
     a38:	00088613          	addi	a2,a7,0
     a3c:	000a0593          	addi	a1,s4,0
     a40:	01112623          	sw	a7,12(sp)
     a44:	00000097          	auipc	ra,0x0
			a44: R_RISCV_CALL	hvs_fs_open
			a44: R_RISCV_RELAX	*ABS*
     a48:	000080e7          	jalr	ra,0(ra) # a44 <.L131+0xe8>
     a4c:	58051463          	bne	a0,zero,fd4 <.L124>
			a4c: R_RISCV_BRANCH	.L124
     a50:	120d0793          	addi	a5,s10,288
     a54:	01010713          	addi	a4,sp,16
     a58:	00e787b3          	add	a5,a5,a4
     a5c:	41578833          	sub	a6,a5,s5
     a60:	f6884783          	lbu	a5,-152(a6)
     a64:	000d0693          	addi	a3,s10,0
     a68:	56079663          	bne	a5,zero,fd4 <.L124>
			a68: R_RISCV_BRANCH	.L124
     a6c:	f6482783          	lw	a5,-156(a6)
     a70:	f6082703          	lw	a4,-160(a6)
     a74:	56079063          	bne	a5,zero,fd4 <.L124>
			a74: R_RISCV_BRANCH	.L124
     a78:	54eaee63          	bltu	s5,a4,fd4 <.L124>
			a78: R_RISCV_BRANCH	.L124
     a7c:	00c12883          	lw	a7,12(sp)
     a80:	12068613          	addi	a2,a3,288
     a84:	fffffd37          	lui	s10,0xfffff
     a88:	01010693          	addi	a3,sp,16
     a8c:	00d60633          	add	a2,a2,a3
     a90:	ee8d0793          	addi	a5,s10,-280 # ffffeee8 <.L245+0xffffd930>
     a94:	00f607b3          	add	a5,a2,a5
     a98:	00080693          	addi	a3,a6,0
     a9c:	00000593          	addi	a1,zero,0
     aa0:	00000613          	addi	a2,zero,0
     aa4:	00088513          	addi	a0,a7,0
     aa8:	00080b13          	addi	s6,a6,0
     aac:	00000097          	auipc	ra,0x0
			aac: R_RISCV_CALL	hvs_fs_read
			aac: R_RISCV_RELAX	*ABS*
     ab0:	000080e7          	jalr	ra,0(ra) # aac <.L131+0x150>
     ab4:	52051063          	bne	a0,zero,fd4 <.L124>
			ab4: R_RISCV_BRANCH	.L124
     ab8:	5b0a8693          	addi	a3,s5,1456
     abc:	01812583          	lw	a1,24(sp)
     ac0:	00d906b3          	add	a3,s2,a3
     ac4:	13010813          	addi	a6,sp,304
     ac8:	00d406b3          	add	a3,s0,a3
     acc:	00048613          	addi	a2,s1,0
     ad0:	00080513          	addi	a0,a6,0
     ad4:	00000097          	auipc	ra,0x0
			ad4: R_RISCV_CALL	hvs_yaml_parse_app_config
			ad4: R_RISCV_RELAX	*ABS*
     ad8:	000080e7          	jalr	ra,0(ra) # ad4 <.L131+0x178>
     adc:	4e051c63          	bne	a0,zero,fd4 <.L124>
			adc: R_RISCV_BRANCH	.L124
     ae0:	000016b7          	lui	a3,0x1
     ae4:	12068793          	addi	a5,a3,288 # 1120 <.L145+0x80>
     ae8:	01010713          	addi	a4,sp,16
     aec:	408da503          	lw	a0,1032(s11)
     af0:	f00d0613          	addi	a2,s10,-256
     af4:	00e787b3          	add	a5,a5,a4
     af8:	00c78633          	add	a2,a5,a2
     afc:	000b8593          	addi	a1,s7,0
     b00:	00000097          	auipc	ra,0x0
			b00: R_RISCV_CALL	hvs_fs_open
			b00: R_RISCV_RELAX	*ABS*
     b04:	000080e7          	jalr	ra,0(ra) # b00 <.L131+0x1a4>
     b08:	4c051663          	bne	a0,zero,fd4 <.L124>
			b08: R_RISCV_BRANCH	.L124
     b0c:	f18b4783          	lbu	a5,-232(s6)
     b10:	4c079263          	bne	a5,zero,fd4 <.L124>
			b10: R_RISCV_BRANCH	.L124
     b14:	4c0c8063          	beq	s9,zero,fd4 <.L124>
			b14: R_RISCV_BRANCH	.L124
     b18:	008caa83          	lw	s5,8(s9)
     b1c:	4a0a8c63          	beq	s5,zero,fd4 <.L124>
			b1c: R_RISCV_BRANCH	.L124
     b20:	018ca783          	lw	a5,24(s9)
     b24:	4a078863          	beq	a5,zero,fd4 <.L124>
			b24: R_RISCV_BRANCH	.L124
     b28:	01cca783          	lw	a5,28(s9)
     b2c:	4a078463          	beq	a5,zero,fd4 <.L124>
			b2c: R_RISCV_BRANCH	.L124
     b30:	024cab83          	lw	s7,36(s9)
     b34:	4a0b8063          	beq	s7,zero,fd4 <.L124>
			b34: R_RISCV_BRANCH	.L124
     b38:	03000613          	addi	a2,zero,48
     b3c:	000c8593          	addi	a1,s9,0
     b40:	f50b0513          	addi	a0,s6,-176
     b44:	00000097          	auipc	ra,0x0
			b44: R_RISCV_CALL	memcpy
			b44: R_RISCV_RELAX	*ABS*
     b48:	000080e7          	jalr	ra,0(ra) # b44 <.L131+0x1e8>
     b4c:	000007b7          	lui	a5,0x0
			b4c: R_RISCV_HI20	g_isolation_memory_ops
			b4c: R_RISCV_RELAX	*ABS*
     b50:	00001db7          	lui	s11,0x1
     b54:	0197a023          	sw	s9,0(a5) # 0 <str_len>
			b54: R_RISCV_LO12_S	g_isolation_memory_ops
			b54: R_RISCV_RELAX	*ABS*
     b58:	01010713          	addi	a4,sp,16
     b5c:	120d8793          	addi	a5,s11,288 # 1120 <.L145+0x80>
     b60:	eecd0613          	addi	a2,s10,-276
     b64:	00e787b3          	add	a5,a5,a4
     b68:	00c78633          	add	a2,a5,a2
     b6c:	000015b7          	lui	a1,0x1
     b70:	00001537          	lui	a0,0x1
     b74:	020cab03          	lw	s6,32(s9)
     b78:	000a80e7          	jalr	ra,0(s5)
     b7c:	44051c63          	bne	a0,zero,fd4 <.L124>
			b7c: R_RISCV_BRANCH	.L124
     b80:	024ca783          	lw	a5,36(s9)
     b84:	01c12503          	lw	a0,28(sp)
     b88:	000015b7          	lui	a1,0x1
     b8c:	00001cb7          	lui	s9,0x1
     b90:	000780e7          	jalr	ra,0(a5)
     b94:	000007b7          	lui	a5,0x0
			b94: R_RISCV_HI20	isolated_map_pages
			b94: R_RISCV_RELAX	*ABS*
     b98:	00078793          	addi	a5,a5,0 # 0 <str_len>
			b98: R_RISCV_LO12_I	isolated_map_pages
			b98: R_RISCV_RELAX	*ABS*
     b9c:	08f12823          	sw	a5,144(sp)
     ba0:	000007b7          	lui	a5,0x0
			ba0: R_RISCV_HI20	isolated_write_u32
			ba0: R_RISCV_RELAX	*ABS*
     ba4:	00078793          	addi	a5,a5,0 # 0 <str_len>
			ba4: R_RISCV_LO12_I	isolated_write_u32
			ba4: R_RISCV_RELAX	*ABS*
     ba8:	08f12a23          	sw	a5,148(sp)
     bac:	13010793          	addi	a5,sp,304
     bb0:	03000613          	addi	a2,zero,48
     bb4:	08010593          	addi	a1,sp,128
     bb8:	f2078513          	addi	a0,a5,-224
     bbc:	00000097          	auipc	ra,0x0
			bbc: R_RISCV_CALL	memcpy
			bbc: R_RISCV_RELAX	*ABS*
     bc0:	000080e7          	jalr	ra,0(ra) # bbc <.L131+0x260>
     bc4:	000007b7          	lui	a5,0x0
			bc4: R_RISCV_HI20	fs_elf_read
			bc4: R_RISCV_RELAX	*ABS*
     bc8:	00078793          	addi	a5,a5,0 # 0 <str_len>
			bc8: R_RISCV_LO12_I	fs_elf_read
			bc8: R_RISCV_RELAX	*ABS*
     bcc:	04f12823          	sw	a5,80(sp)
     bd0:	000007b7          	lui	a5,0x0
			bd0: R_RISCV_HI20	fs_elf_size
			bd0: R_RISCV_RELAX	*ABS*
     bd4:	00078793          	addi	a5,a5,0 # 0 <str_len>
			bd4: R_RISCV_LO12_I	fs_elf_size
			bd4: R_RISCV_RELAX	*ABS*
     bd8:	01010713          	addi	a4,sp,16
     bdc:	04f12a23          	sw	a5,84(sp)
     be0:	120d8793          	addi	a5,s11,288
     be4:	00e787b3          	add	a5,a5,a4
     be8:	f00d0593          	addi	a1,s10,-256
     bec:	5dcc8693          	addi	a3,s9,1500 # 15dc <.L245+0x24>
     bf0:	00b785b3          	add	a1,a5,a1
     bf4:	01c12603          	lw	a2,28(sp)
     bf8:	120d8793          	addi	a5,s11,288
     bfc:	00d906b3          	add	a3,s2,a3
     c00:	f20d0513          	addi	a0,s10,-224
     c04:	00e787b3          	add	a5,a5,a4
     c08:	00d406b3          	add	a3,s0,a3
     c0c:	00a78533          	add	a0,a5,a0
     c10:	00000097          	auipc	ra,0x0
			c10: R_RISCV_CALL	hvs_elf_load
			c10: R_RISCV_RELAX	*ABS*
     c14:	000080e7          	jalr	ra,0(ra) # c10 <.L131+0x2b4>
     c18:	3a051e63          	bne	a0,zero,fd4 <.L124>
			c18: R_RISCV_BRANCH	.L124
     c1c:	3ac00593          	addi	a1,zero,940
     c20:	00098513          	addi	a0,s3,0
     c24:	00000097          	auipc	ra,0x0
			c24: R_RISCV_CALL	__mulsi3
			c24: R_RISCV_RELAX	*ABS*
     c28:	000080e7          	jalr	ra,0(ra) # c24 <.L131+0x2c8>
     c2c:	00a40533          	add	a0,s0,a0
     c30:	00ac8533          	add	a0,s9,a0
     c34:	5e052603          	lw	a2,1504(a0) # 15e0 <.L245+0x28>
     c38:	37967e63          	bgeu	a2,s9,fb4 <.L137>
			c38: R_RISCV_BRANCH	.L137

00000c3c <.L140>:
     c3c:	3ac00593          	addi	a1,zero,940
     c40:	00098513          	addi	a0,s3,0
     c44:	00000097          	auipc	ra,0x0
			c44: R_RISCV_CALL	__mulsi3
			c44: R_RISCV_RELAX	*ABS*
     c48:	000080e7          	jalr	ra,0(ra) # c44 <.L140+0x8>
     c4c:	000017b7          	lui	a5,0x1
     c50:	00a40533          	add	a0,s0,a0
     c54:	00a78533          	add	a0,a5,a0
     c58:	5e452703          	lw	a4,1508(a0)
     c5c:	fff78613          	addi	a2,a5,-1 # fff <.L124+0x2b>
     c60:	fffff6b7          	lui	a3,0xfffff
     c64:	00c70633          	add	a2,a4,a2
     c68:	00d67633          	and	a2,a2,a3
     c6c:	3ae67663          	bgeu	a2,a4,1018 <.L138>
			c6c: R_RISCV_BRANCH	.L138

00000c70 <.L139>:
     c70:	000037b7          	lui	a5,0x3
     c74:	00f407b3          	add	a5,s0,a5
     c78:	1747ad03          	lw	s10,372(a5) # 3174 <.L245+0x1bbc>
     c7c:	3ac00593          	addi	a1,zero,940
     c80:	00098513          	addi	a0,s3,0
     c84:	001d0713          	addi	a4,s10,1
     c88:	16e7aa23          	sw	a4,372(a5)
     c8c:	00000097          	auipc	ra,0x0
			c8c: R_RISCV_CALL	__mulsi3
			c8c: R_RISCV_RELAX	*ABS*
     c90:	000080e7          	jalr	ra,0(ra) # c8c <.L139+0x1c>
     c94:	00001cb7          	lui	s9,0x1
     c98:	00a407b3          	add	a5,s0,a0
     c9c:	00fc87b3          	add	a5,s9,a5
     ca0:	5d07a703          	lw	a4,1488(a5)
     ca4:	5e07a683          	lw	a3,1504(a5)
     ca8:	610c8513          	addi	a0,s9,1552 # 1610 <.L245+0x58>
     cac:	5ee7ac23          	sw	a4,1528(a5)
     cb0:	5e47a703          	lw	a4,1508(a5)
     cb4:	00a90533          	add	a0,s2,a0
     cb8:	5fa7aa23          	sw	s10,1524(a5)
     cbc:	40d70733          	sub	a4,a4,a3
     cc0:	60e7a023          	sw	a4,1536(a5)
     cc4:	5d87a703          	lw	a4,1496(a5)
     cc8:	5ed7ae23          	sw	a3,1532(a5)
     ccc:	000a0613          	addi	a2,s4,0
     cd0:	60e7a223          	sw	a4,1540(a5)
     cd4:	08000593          	addi	a1,zero,128
     cd8:	00a40533          	add	a0,s0,a0
     cdc:	00000097          	auipc	ra,0x0
			cdc: R_RISCV_CALL	copy_str.part.0
			cdc: R_RISCV_RELAX	*ABS*
     ce0:	000080e7          	jalr	ra,0(ra) # cdc <.L139+0x6c>
     ce4:	690c8513          	addi	a0,s9,1680
     ce8:	00a90533          	add	a0,s2,a0
     cec:	000c0613          	addi	a2,s8,0
     cf0:	08000593          	addi	a1,zero,128
     cf4:	00a40533          	add	a0,s0,a0
     cf8:	00000097          	auipc	ra,0x0
			cf8: R_RISCV_CALL	copy_str.part.0
			cf8: R_RISCV_RELAX	*ABS*
     cfc:	000080e7          	jalr	ra,0(ra) # cf8 <.L139+0x88>
     d00:	710c8513          	addi	a0,s9,1808
     d04:	00a90533          	add	a0,s2,a0
     d08:	00000a37          	lui	s4,0x0
			d08: R_RISCV_HI20	.LC16
			d08: R_RISCV_RELAX	*ABS*
     d0c:	00a40533          	add	a0,s0,a0
     d10:	000a0613          	addi	a2,s4,0 # 0 <str_len>
			d10: R_RISCV_LO12_I	.LC16
			d10: R_RISCV_RELAX	*ABS*
     d14:	08000593          	addi	a1,zero,128
     d18:	00a12623          	sw	a0,12(sp)
     d1c:	00000097          	auipc	ra,0x0
			d1c: R_RISCV_CALL	copy_str.part.0
			d1c: R_RISCV_RELAX	*ABS*
     d20:	000080e7          	jalr	ra,0(ra) # d1c <.L139+0xac>
     d24:	00c12503          	lw	a0,12(sp)
     d28:	000007b7          	lui	a5,0x0
			d28: R_RISCV_HI20	.LC17
			d28: R_RISCV_RELAX	*ABS*
     d2c:	00078793          	addi	a5,a5,0 # 0 <str_len>
			d2c: R_RISCV_LO12_I	.LC17
			d2c: R_RISCV_RELAX	*ABS*

00000d30 <.L141>:
     d30:	0004c603          	lbu	a2,0(s1)
     d34:	0007c703          	lbu	a4,0(a5)
     d38:	30060a63          	beq	a2,zero,104c <.L143>
			d38: R_RISCV_BRANCH	.L143
     d3c:	00070863          	beq	a4,zero,d4c <.L151>
			d3c: R_RISCV_BRANCH	.L151
     d40:	00148493          	addi	s1,s1,1
     d44:	00178793          	addi	a5,a5,1
     d48:	fee604e3          	beq	a2,a4,d30 <.L141>
			d48: R_RISCV_BRANCH	.L141

00000d4c <.L151>:
     d4c:	00001db7          	lui	s11,0x1
     d50:	fffff4b7          	lui	s1,0xfffff
     d54:	120d8793          	addi	a5,s11,288 # 1120 <.L145+0x80>
     d58:	01010713          	addi	a4,sp,16
     d5c:	ef048613          	addi	a2,s1,-272 # ffffeef0 <.L245+0xffffd938>
     d60:	00e787b3          	add	a5,a5,a4
     d64:	00c78633          	add	a2,a5,a2
     d68:	000015b7          	lui	a1,0x1
     d6c:	00001537          	lui	a0,0x1
     d70:	01c12a03          	lw	s4,28(sp)
     d74:	000a80e7          	jalr	ra,0(s5)
     d78:	24051e63          	bne	a0,zero,fd4 <.L124>
			d78: R_RISCV_BRANCH	.L124
     d7c:	02012503          	lw	a0,32(sp)
     d80:	000015b7          	lui	a1,0x1
     d84:	000b80e7          	jalr	ra,0(s7)
     d88:	02012603          	lw	a2,32(sp)
     d8c:	0d700713          	addi	a4,zero,215
     d90:	000016b7          	lui	a3,0x1
     d94:	6ffff5b7          	lui	a1,0x6ffff
     d98:	000a0513          	addi	a0,s4,0
     d9c:	00000097          	auipc	ra,0x0
			d9c: R_RISCV_CALL	isolated_map_pages
			d9c: R_RISCV_RELAX	*ABS*
     da0:	000080e7          	jalr	ra,0(ra) # d9c <.L151+0x50>
     da4:	22051863          	bne	a0,zero,fd4 <.L124>
			da4: R_RISCV_BRANCH	.L124
     da8:	00000c37          	lui	s8,0x0
			da8: R_RISCV_HI20	.LANCHOR0
			da8: R_RISCV_RELAX	*ABS*
     dac:	6fffe637          	lui	a2,0x6fffe
     db0:	000a0593          	addi	a1,s4,0
     db4:	000c0513          	addi	a0,s8,0 # 0 <str_len>
			db4: R_RISCV_LO12_I	.LANCHOR0
			db4: R_RISCV_RELAX	*ABS*
     db8:	00000097          	auipc	ra,0x0
			db8: R_RISCV_CALL	hvs_pagetable_guard_page
			db8: R_RISCV_RELAX	*ABS*
     dbc:	000080e7          	jalr	ra,0(ra) # db8 <.L151+0x6c>
     dc0:	20051a63          	bne	a0,zero,fd4 <.L124>
			dc0: R_RISCV_BRANCH	.L124
     dc4:	70000637          	lui	a2,0x70000
     dc8:	000a0593          	addi	a1,s4,0
     dcc:	000c0513          	addi	a0,s8,0
			dcc: R_RISCV_LO12_I	.LANCHOR0
			dcc: R_RISCV_RELAX	*ABS*
     dd0:	00000097          	auipc	ra,0x0
			dd0: R_RISCV_CALL	hvs_pagetable_guard_page
			dd0: R_RISCV_RELAX	*ABS*
     dd4:	000080e7          	jalr	ra,0(ra) # dd0 <.L151+0x84>
     dd8:	1e051e63          	bne	a0,zero,fd4 <.L124>
			dd8: R_RISCV_BRANCH	.L124
     ddc:	3ac00593          	addi	a1,zero,940
     de0:	00098513          	addi	a0,s3,0
     de4:	00000097          	auipc	ra,0x0
			de4: R_RISCV_CALL	__mulsi3
			de4: R_RISCV_RELAX	*ABS*
     de8:	000080e7          	jalr	ra,0(ra) # de4 <.L151+0x98>
     dec:	00a40533          	add	a0,s0,a0
     df0:	00001cb7          	lui	s9,0x1
     df4:	120d8793          	addi	a5,s11,288
     df8:	01010713          	addi	a4,sp,16
     dfc:	00ac8533          	add	a0,s9,a0
     e00:	ef448613          	addi	a2,s1,-268
     e04:	00e787b3          	add	a5,a5,a4
     e08:	5f452d03          	lw	s10,1524(a0) # 15f4 <.L245+0x3c>
     e0c:	00c78633          	add	a2,a5,a2
     e10:	000015b7          	lui	a1,0x1
     e14:	00001537          	lui	a0,0x1
     e18:	000a80e7          	jalr	ra,0(s5)
     e1c:	1a051c63          	bne	a0,zero,fd4 <.L124>
			e1c: R_RISCV_BRANCH	.L124
     e20:	02412503          	lw	a0,36(sp)
     e24:	000015b7          	lui	a1,0x1
     e28:	00070ab7          	lui	s5,0x70
     e2c:	000b80e7          	jalr	ra,0(s7)
     e30:	02412503          	lw	a0,36(sp)
     e34:	5f4c8593          	addi	a1,s9,1524 # 15f4 <.L245+0x3c>
     e38:	00b905b3          	add	a1,s2,a1
     e3c:	19c00613          	addi	a2,zero,412
     e40:	00b405b3          	add	a1,s0,a1
     e44:	000b00e7          	jalr	ra,0(s6)
     e48:	015d0ab3          	add	s5,s10,s5
     e4c:	02412603          	lw	a2,36(sp)
     e50:	00ca9a93          	slli	s5,s5,0xc
     e54:	05300713          	addi	a4,zero,83
     e58:	000016b7          	lui	a3,0x1
     e5c:	000a8593          	addi	a1,s5,0 # 70000 <.L245+0x6ea48>
     e60:	000a0513          	addi	a0,s4,0
     e64:	00000097          	auipc	ra,0x0
			e64: R_RISCV_CALL	isolated_map_pages
			e64: R_RISCV_RELAX	*ABS*
     e68:	000080e7          	jalr	ra,0(ra) # e64 <.L151+0x118>
     e6c:	16051463          	bne	a0,zero,fd4 <.L124>
			e6c: R_RISCV_BRANCH	.L124
     e70:	3d9af463          	bgeu	s5,s9,1238 <.L153>
			e70: R_RISCV_BRANCH	.L153

00000e74 <.L155>:
     e74:	000014b7          	lui	s1,0x1
     e78:	009a8633          	add	a2,s5,s1
     e7c:	000a0593          	addi	a1,s4,0
     e80:	000c0513          	addi	a0,s8,0
			e80: R_RISCV_LO12_I	.LANCHOR0
			e80: R_RISCV_RELAX	*ABS*
     e84:	00000097          	auipc	ra,0x0
			e84: R_RISCV_CALL	hvs_pagetable_guard_page
			e84: R_RISCV_RELAX	*ABS*
     e88:	000080e7          	jalr	ra,0(ra) # e84 <.L155+0x10>
     e8c:	14051463          	bne	a0,zero,fd4 <.L124>
			e8c: R_RISCV_BRANCH	.L124
     e90:	3ac00593          	addi	a1,zero,940
     e94:	00098513          	addi	a0,s3,0
     e98:	00000097          	auipc	ra,0x0
			e98: R_RISCV_CALL	__mulsi3
			e98: R_RISCV_RELAX	*ABS*
     e9c:	000080e7          	jalr	ra,0(ra) # e98 <.L155+0x24>
     ea0:	00a40533          	add	a0,s0,a0
     ea4:	00a48533          	add	a0,s1,a0
     ea8:	5dc52703          	lw	a4,1500(a0) # 15dc <.L245+0x24>
     eac:	5f452783          	lw	a5,1524(a0)
     eb0:	7b552023          	sw	s5,1952(a0)
     eb4:	78e52a23          	sw	a4,1940(a0)
     eb8:	70000737          	lui	a4,0x70000
     ebc:	78f52823          	sw	a5,1936(a0)
     ec0:	78e52c23          	sw	a4,1944(a0)
     ec4:	01679793          	slli	a5,a5,0x16
     ec8:	3fc00737          	lui	a4,0x3fc00
     ecc:	00e7f7b3          	and	a5,a5,a4
     ed0:	00ca5713          	srli	a4,s4,0xc
     ed4:	00e7e7b3          	or	a5,a5,a4
     ed8:	80000737          	lui	a4,0x80000
     edc:	00e7e7b3          	or	a5,a5,a4
     ee0:	78f52e23          	sw	a5,1948(a0)
     ee4:	5d052783          	lw	a5,1488(a0)
     ee8:	00100493          	addi	s1,zero,1
     eec:	0017f713          	andi	a4,a5,1
     ef0:	00070463          	beq	a4,zero,ef8 <.L156>
			ef0: R_RISCV_BRANCH	.L156
     ef4:	00300493          	addi	s1,zero,3

00000ef8 <.L156>:
     ef8:	0027f713          	andi	a4,a5,2
     efc:	00070463          	beq	a4,zero,f04 <.L157>
			efc: R_RISCV_BRANCH	.L157
     f00:	00300493          	addi	s1,zero,3

00000f04 <.L157>:
     f04:	0047f713          	andi	a4,a5,4
     f08:	00070463          	beq	a4,zero,f10 <.L158>
			f08: R_RISCV_BRANCH	.L158
     f0c:	00700493          	addi	s1,zero,7

00000f10 <.L158>:
     f10:	0087f713          	andi	a4,a5,8
     f14:	00070463          	beq	a4,zero,f1c <.L159>
			f14: R_RISCV_BRANCH	.L159
     f18:	0044e493          	ori	s1,s1,4

00000f1c <.L159>:
     f1c:	0107f713          	andi	a4,a5,16
     f20:	00070463          	beq	a4,zero,f28 <.L160>
			f20: R_RISCV_BRANCH	.L160
     f24:	0084e493          	ori	s1,s1,8

00000f28 <.L160>:
     f28:	0207f793          	andi	a5,a5,32
     f2c:	00078463          	beq	a5,zero,f34 <.L161>
			f2c: R_RISCV_BRANCH	.L161
     f30:	0104e493          	ori	s1,s1,16

00000f34 <.L161>:
     f34:	3ac00593          	addi	a1,zero,940
     f38:	00098513          	addi	a0,s3,0
     f3c:	00000097          	auipc	ra,0x0
			f3c: R_RISCV_CALL	__mulsi3
			f3c: R_RISCV_RELAX	*ABS*
     f40:	000080e7          	jalr	ra,0(ra) # f3c <.L161+0x8>
     f44:	00a40533          	add	a0,s0,a0
     f48:	00001937          	lui	s2,0x1
     f4c:	00a90533          	add	a0,s2,a0
     f50:	3e800793          	addi	a5,zero,1000
     f54:	7af52423          	sw	a5,1960(a0)
     f58:	6ffff7b7          	lui	a5,0x6ffff
     f5c:	7af52823          	sw	a5,1968(a0)
     f60:	6fffe7b7          	lui	a5,0x6fffe
     f64:	7af52a23          	sw	a5,1972(a0)
     f68:	7a952223          	sw	s1,1956(a0)
     f6c:	7b452623          	sw	s4,1964(a0)
     f70:	3ac00593          	addi	a1,zero,940
     f74:	00098513          	addi	a0,s3,0
     f78:	00000097          	auipc	ra,0x0
			f78: R_RISCV_CALL	__mulsi3
			f78: R_RISCV_RELAX	*ABS*
     f7c:	000080e7          	jalr	ra,0(ra) # f78 <.L161+0x44>
     f80:	00a40533          	add	a0,s0,a0
     f84:	00a90933          	add	s2,s2,a0
     f88:	700007b7          	lui	a5,0x70000
     f8c:	00003537          	lui	a0,0x3
     f90:	7af92c23          	sw	a5,1976(s2) # 17b8 <.L245+0x200>
     f94:	00a40433          	add	s0,s0,a0
     f98:	17042783          	lw	a5,368(s0)
     f9c:	00178793          	addi	a5,a5,1 # 70000001 <.L245+0x6fffea49>
     fa0:	16f42823          	sw	a5,368(s0)
     fa4:	0300006f          	jal	zero,fd4 <.L124>
			fa4: R_RISCV_JAL	.L124

00000fa8 <.L128>:
     fa8:	00178793          	addi	a5,a5,1
     fac:	fe078fa3          	sb	zero,-1(a5)
     fb0:	971ff06f          	jal	zero,920 <.L127>
			fb0: R_RISCV_JAL	.L127

00000fb4 <.L137>:
     fb4:	01c12583          	lw	a1,28(sp)
     fb8:	01a67633          	and	a2,a2,s10
     fbc:	00000537          	lui	a0,0x0
			fbc: R_RISCV_HI20	.LANCHOR0
			fbc: R_RISCV_RELAX	*ABS*
     fc0:	41960633          	sub	a2,a2,s9
     fc4:	00050513          	addi	a0,a0,0 # 0 <str_len>
			fc4: R_RISCV_LO12_I	.LANCHOR0
			fc4: R_RISCV_RELAX	*ABS*
     fc8:	00000097          	auipc	ra,0x0
			fc8: R_RISCV_CALL	hvs_pagetable_guard_page
			fc8: R_RISCV_RELAX	*ABS*
     fcc:	000080e7          	jalr	ra,0(ra) # fc8 <.L137+0x14>
     fd0:	c60506e3          	beq	a0,zero,c3c <.L140>
			fd0: R_RISCV_BRANCH	.L140

00000fd4 <.L124>:
     fd4:	00001337          	lui	t1,0x1
     fd8:	00610133          	add	sp,sp,t1
     fdc:	16c12083          	lw	ra,364(sp)
     fe0:	16812403          	lw	s0,360(sp)
     fe4:	16412483          	lw	s1,356(sp)
     fe8:	16012903          	lw	s2,352(sp)
     fec:	15c12983          	lw	s3,348(sp)
     ff0:	15812a03          	lw	s4,344(sp)
     ff4:	15412a83          	lw	s5,340(sp)
     ff8:	15012b03          	lw	s6,336(sp)
     ffc:	14c12b83          	lw	s7,332(sp)
    1000:	14812c03          	lw	s8,328(sp)
    1004:	14412c83          	lw	s9,324(sp)
    1008:	14012d03          	lw	s10,320(sp)
    100c:	13c12d83          	lw	s11,316(sp)
    1010:	17010113          	addi	sp,sp,368
    1014:	00008067          	jalr	zero,0(ra)

00001018 <.L138>:
    1018:	00001737          	lui	a4,0x1
    101c:	12070713          	addi	a4,a4,288 # 1120 <.L145+0x80>
    1020:	01010693          	addi	a3,sp,16
    1024:	00d70733          	add	a4,a4,a3
    1028:	40f707b3          	sub	a5,a4,a5
    102c:	eec7a583          	lw	a1,-276(a5)
    1030:	00000537          	lui	a0,0x0
			1030: R_RISCV_HI20	.LANCHOR0
			1030: R_RISCV_RELAX	*ABS*
    1034:	00050513          	addi	a0,a0,0 # 0 <str_len>
			1034: R_RISCV_LO12_I	.LANCHOR0
			1034: R_RISCV_RELAX	*ABS*
    1038:	00f12623          	sw	a5,12(sp)
    103c:	00000097          	auipc	ra,0x0
			103c: R_RISCV_CALL	hvs_pagetable_guard_page
			103c: R_RISCV_RELAX	*ABS*
    1040:	000080e7          	jalr	ra,0(ra) # 103c <.L138+0x24>
    1044:	c20506e3          	beq	a0,zero,c70 <.L139>
			1044: R_RISCV_BRANCH	.L139
    1048:	f8dff06f          	jal	zero,fd4 <.L124>
			1048: R_RISCV_JAL	.L124

0000104c <.L143>:
    104c:	d00710e3          	bne	a4,zero,d4c <.L151>
			104c: R_RISCV_BRANCH	.L151
    1050:	00001737          	lui	a4,0x1
    1054:	01010693          	addi	a3,sp,16
    1058:	12070713          	addi	a4,a4,288 # 1120 <.L145+0x80>
    105c:	00000db7          	lui	s11,0x0
			105c: R_RISCV_HI20	.LANCHOR0
			105c: R_RISCV_RELAX	*ABS*
    1060:	00d70733          	add	a4,a4,a3
    1064:	fffff7b7          	lui	a5,0xfffff
    1068:	000d8613          	addi	a2,s11,0 # 0 <str_len>
			1068: R_RISCV_LO12_I	.LANCHOR0
			1068: R_RISCV_RELAX	*ABS*
    106c:	00f707b3          	add	a5,a4,a5
    1070:	01060613          	addi	a2,a2,16 # 70000010 <.L245+0x6fffea58>
    1074:	08000593          	addi	a1,zero,128
    1078:	eec7ad03          	lw	s10,-276(a5) # ffffeeec <.L245+0xffffd934>
    107c:	00f12623          	sw	a5,12(sp)
    1080:	00000c37          	lui	s8,0x0
			1080: R_RISCV_HI20	bundle.1
			1080: R_RISCV_RELAX	*ABS*
    1084:	00000097          	auipc	ra,0x0
			1084: R_RISCV_CALL	copy_str.part.0
			1084: R_RISCV_RELAX	*ABS*
    1088:	000080e7          	jalr	ra,0(ra) # 1084 <.L143+0x38>
    108c:	00000793          	addi	a5,zero,0
    1090:	00000637          	lui	a2,0x0
			1090: R_RISCV_HI20	.LANCHOR0+0x10
			1090: R_RISCV_RELAX	*ABS*+0x10
    1094:	000c0a13          	addi	s4,s8,0 # 0 <str_len>
			1094: R_RISCV_LO12_I	bundle.1
			1094: R_RISCV_RELAX	*ABS*
    1098:	00010737          	lui	a4,0x10
    109c:	000006b7          	lui	a3,0x0
			109c: R_RISCV_HI20	.LC16
			109c: R_RISCV_RELAX	*ABS*

000010a0 <.L145>:
    10a0:	014785b3          	add	a1,a5,s4
    10a4:	00058023          	sb	zero,0(a1) # 1000 <.L124+0x2c>
    10a8:	00178793          	addi	a5,a5,1
    10ac:	fee79ae3          	bne	a5,a4,10a0 <.L145>
			10ac: R_RISCV_BRANCH	.L145
    10b0:	485457b7          	lui	a5,0x48545
    10b4:	45078793          	addi	a5,a5,1104 # 48545450 <.L245+0x48543e98>
    10b8:	00fa2023          	sw	a5,0(s4)
    10bc:	00100793          	addi	a5,zero,1
    10c0:	00fa2223          	sw	a5,4(s4)
    10c4:	08000793          	addi	a5,zero,128
    10c8:	00fa2623          	sw	a5,12(s4)
    10cc:	00001cb7          	lui	s9,0x1
    10d0:	fffff7b7          	lui	a5,0xfffff
    10d4:	ef478593          	addi	a1,a5,-268 # ffffeef4 <.L245+0xffffd93c>
    10d8:	01940533          	add	a0,s0,s9
    10dc:	000017b7          	lui	a5,0x1
    10e0:	01010813          	addi	a6,sp,16
    10e4:	40852503          	lw	a0,1032(a0)
    10e8:	12078793          	addi	a5,a5,288 # 1120 <.L145+0x80>
    10ec:	818c8713          	addi	a4,s9,-2024 # 818 <.L111+0x8>
    10f0:	010787b3          	add	a5,a5,a6
    10f4:	00ea2823          	sw	a4,16(s4)
    10f8:	02e12423          	sw	a4,40(sp)
    10fc:	00068693          	addi	a3,a3,0 # 0 <str_len>
			10fc: R_RISCV_LO12_I	.LC16
			10fc: R_RISCV_RELAX	*ABS*
    1100:	00000713          	addi	a4,zero,0
    1104:	01060613          	addi	a2,a2,16 # 10 <.L2+0x8>
			1104: R_RISCV_LO12_I	.LANCHOR0+0x10
			1104: R_RISCV_RELAX	*ABS*+0x10
    1108:	00b785b3          	add	a1,a5,a1
    110c:	03412223          	sw	s4,36(sp)
    1110:	02012623          	sw	zero,44(sp)
    1114:	00000097          	auipc	ra,0x0
			1114: R_RISCV_CALL	bundle_scan_dir.isra.0
			1114: R_RISCV_RELAX	*ABS*
    1118:	000080e7          	jalr	ra,0(ra) # 1114 <.L145+0x74>
    111c:	02c12703          	lw	a4,44(sp)
    1120:	c20706e3          	beq	a4,zero,d4c <.L151>
			1120: R_RISCV_BRANCH	.L151
    1124:	02812483          	lw	s1,40(sp)
    1128:	00ea2423          	sw	a4,8(s4)
    112c:	fffc8713          	addi	a4,s9,-1
    1130:	fffff7b7          	lui	a5,0xfffff
    1134:	009a2a23          	sw	s1,20(s4)
    1138:	00e484b3          	add	s1,s1,a4
    113c:	00f4f4b3          	and	s1,s1,a5
    1140:	ef078613          	addi	a2,a5,-272 # ffffeef0 <.L245+0xffffd938>
    1144:	000017b7          	lui	a5,0x1
    1148:	12078793          	addi	a5,a5,288 # 1120 <.L145+0x80>
    114c:	01010713          	addi	a4,sp,16
    1150:	00e787b3          	add	a5,a5,a4
    1154:	00c78633          	add	a2,a5,a2
    1158:	000015b7          	lui	a1,0x1
    115c:	00048513          	addi	a0,s1,0 # 1000 <.L124+0x2c>
    1160:	000a80e7          	jalr	ra,0(s5)
    1164:	e60518e3          	bne	a0,zero,fd4 <.L124>
			1164: R_RISCV_BRANCH	.L124
    1168:	02012503          	lw	a0,32(sp)
    116c:	00048593          	addi	a1,s1,0
    1170:	000b80e7          	jalr	ra,0(s7)
    1174:	014a2603          	lw	a2,20(s4)
    1178:	02012503          	lw	a0,32(sp)
    117c:	000c0593          	addi	a1,s8,0
			117c: R_RISCV_LO12_I	bundle.1
			117c: R_RISCV_RELAX	*ABS*
    1180:	00007c37          	lui	s8,0x7
    1184:	000b00e7          	jalr	ra,0(s6)
    1188:	3ac00593          	addi	a1,zero,940
    118c:	00098513          	addi	a0,s3,0
    1190:	00000097          	auipc	ra,0x0
			1190: R_RISCV_CALL	__mulsi3
			1190: R_RISCV_RELAX	*ABS*
    1194:	000080e7          	jalr	ra,0(ra) # 1190 <.L145+0xf0>
    1198:	00a40533          	add	a0,s0,a0
    119c:	00ac8533          	add	a0,s9,a0
    11a0:	5f452783          	lw	a5,1524(a0)
    11a4:	02012603          	lw	a2,32(sp)
    11a8:	05300713          	addi	a4,zero,83
    11ac:	00fc0c33          	add	s8,s8,a5
    11b0:	010c1c13          	slli	s8,s8,0x10
    11b4:	00048693          	addi	a3,s1,0
    11b8:	000c0593          	addi	a1,s8,0 # 7000 <.L245+0x5a48>
    11bc:	000d0513          	addi	a0,s10,0
    11c0:	00000097          	auipc	ra,0x0
			11c0: R_RISCV_CALL	isolated_map_pages
			11c0: R_RISCV_RELAX	*ABS*
    11c4:	000080e7          	jalr	ra,0(ra) # 11c0 <.L145+0x120>
    11c8:	e00516e3          	bne	a0,zero,fd4 <.L124>
			11c8: R_RISCV_BRANCH	.L124
    11cc:	059c7863          	bgeu	s8,s9,121c <.L147>
			11cc: R_RISCV_BRANCH	.L147

000011d0 <.L150>:
    11d0:	000107b7          	lui	a5,0x10
    11d4:	00f4fe63          	bgeu	s1,a5,11f0 <.L149>
			11d4: R_RISCV_BRANCH	.L149
    11d8:	01848633          	add	a2,s1,s8
    11dc:	000d0593          	addi	a1,s10,0
    11e0:	000d8513          	addi	a0,s11,0
			11e0: R_RISCV_LO12_I	.LANCHOR0
			11e0: R_RISCV_RELAX	*ABS*
    11e4:	00000097          	auipc	ra,0x0
			11e4: R_RISCV_CALL	hvs_pagetable_guard_page
			11e4: R_RISCV_RELAX	*ABS*
    11e8:	000080e7          	jalr	ra,0(ra) # 11e4 <.L150+0x14>
    11ec:	de0514e3          	bne	a0,zero,fd4 <.L124>
			11ec: R_RISCV_BRANCH	.L124

000011f0 <.L149>:
    11f0:	3ac00593          	addi	a1,zero,940
    11f4:	00098513          	addi	a0,s3,0
    11f8:	00000097          	auipc	ra,0x0
			11f8: R_RISCV_CALL	__mulsi3
			11f8: R_RISCV_RELAX	*ABS*
    11fc:	000080e7          	jalr	ra,0(ra) # 11f8 <.L149+0x8>
    1200:	00a407b3          	add	a5,s0,a0
    1204:	00001537          	lui	a0,0x1
    1208:	00f50533          	add	a0,a0,a5
    120c:	014a2783          	lw	a5,20(s4)
    1210:	61852423          	sw	s8,1544(a0) # 1608 <.L245+0x50>
    1214:	60f52623          	sw	a5,1548(a0)
    1218:	b35ff06f          	jal	zero,d4c <.L151>
			1218: R_RISCV_JAL	.L151

0000121c <.L147>:
    121c:	419c0633          	sub	a2,s8,s9
    1220:	000d0593          	addi	a1,s10,0
    1224:	000d8513          	addi	a0,s11,0
			1224: R_RISCV_LO12_I	.LANCHOR0
			1224: R_RISCV_RELAX	*ABS*
    1228:	00000097          	auipc	ra,0x0
			1228: R_RISCV_CALL	hvs_pagetable_guard_page
			1228: R_RISCV_RELAX	*ABS*
    122c:	000080e7          	jalr	ra,0(ra) # 1228 <.L147+0xc>
    1230:	fa0500e3          	beq	a0,zero,11d0 <.L150>
			1230: R_RISCV_BRANCH	.L150
    1234:	da1ff06f          	jal	zero,fd4 <.L124>
			1234: R_RISCV_JAL	.L124

00001238 <.L153>:
    1238:	419a8633          	sub	a2,s5,s9
    123c:	000a0593          	addi	a1,s4,0
    1240:	000c0513          	addi	a0,s8,0
			1240: R_RISCV_LO12_I	.LANCHOR0
			1240: R_RISCV_RELAX	*ABS*
    1244:	00000097          	auipc	ra,0x0
			1244: R_RISCV_CALL	hvs_pagetable_guard_page
			1244: R_RISCV_RELAX	*ABS*
    1248:	000080e7          	jalr	ra,0(ra) # 1244 <.L153+0xc>
    124c:	c20504e3          	beq	a0,zero,e74 <.L155>
			124c: R_RISCV_BRANCH	.L155
    1250:	d85ff06f          	jal	zero,fd4 <.L124>
			1250: R_RISCV_JAL	.L124

00001254 <hvs_supervisor_context_init>:
    1254:	000037b7          	lui	a5,0x3
    1258:	17878793          	addi	a5,a5,376 # 3178 <.L245+0x1bc0>
    125c:	00f507b3          	add	a5,a0,a5
    1260:	00050713          	addi	a4,a0,0

00001264 <.L202>:
    1264:	00f71c63          	bne	a4,a5,127c <.L203>
			1264: R_RISCV_BRANCH	.L203
    1268:	000037b7          	lui	a5,0x3
    126c:	00f50533          	add	a0,a0,a5
    1270:	00100793          	addi	a5,zero,1
    1274:	16f52a23          	sw	a5,372(a0)
    1278:	00008067          	jalr	zero,0(ra)

0000127c <.L203>:
    127c:	00170713          	addi	a4,a4,1 # 10001 <.L245+0xea49>
    1280:	fe070fa3          	sb	zero,-1(a4)
    1284:	fe1ff06f          	jal	zero,1264 <.L202>
			1284: R_RISCV_JAL	.L202

00001288 <hvs_supervisor_boot_from_usb>:
    1288:	f8010113          	addi	sp,sp,-128
    128c:	07212823          	sw	s2,112(sp)
    1290:	00001937          	lui	s2,0x1
    1294:	06812c23          	sw	s0,120(sp)
    1298:	40090693          	addi	a3,s2,1024 # 1400 <hvs_supervisor_boot_from_blocks+0x8>
    129c:	00050413          	addi	s0,a0,0
    12a0:	07312623          	sw	s3,108(sp)
    12a4:	00058513          	addi	a0,a1,0 # 1000 <.L124+0x2c>
    12a8:	00060993          	addi	s3,a2,0
    12ac:	00d406b3          	add	a3,s0,a3
    12b0:	00800613          	addi	a2,zero,8
    12b4:	00040593          	addi	a1,s0,0
    12b8:	06912a23          	sw	s1,116(sp)
    12bc:	06112e23          	sw	ra,124(sp)
    12c0:	07412423          	sw	s4,104(sp)
    12c4:	07512223          	sw	s5,100(sp)
    12c8:	07612023          	sw	s6,96(sp)
    12cc:	00000097          	auipc	ra,0x0
			12cc: R_RISCV_CALL	hvs_usb_enumerate_msc
			12cc: R_RISCV_RELAX	*ABS*
    12d0:	000080e7          	jalr	ra,0(ra) # 12cc <hvs_supervisor_boot_from_usb+0x44>
    12d4:	00050493          	addi	s1,a0,0
    12d8:	0e051a63          	bne	a0,zero,13cc <.L204>
			12d8: R_RISCV_BRANCH	.L204
    12dc:	012404b3          	add	s1,s0,s2
    12e0:	4004a223          	sw	zero,1028(s1)
    12e4:	00000913          	addi	s2,zero,0
    12e8:	00700a13          	addi	s4,zero,7

000012ec <.L206>:
    12ec:	4004a703          	lw	a4,1024(s1)
    12f0:	4044a783          	lw	a5,1028(s1)
    12f4:	0ce97863          	bgeu	s2,a4,13c4 <.L208>
			12f4: R_RISCV_BRANCH	.L208
    12f8:	08fa7863          	bgeu	s4,a5,1388 <.L209>
			12f8: R_RISCV_BRANCH	.L209

000012fc <.L210>:
    12fc:	00040513          	addi	a0,s0,0
    1300:	00000097          	auipc	ra,0x0
			1300: R_RISCV_CALL	classify_filesystems
			1300: R_RISCV_RELAX	*ABS*
    1304:	000080e7          	jalr	ra,0(ra) # 1300 <.L210+0x4>
    1308:	00050493          	addi	s1,a0,0
    130c:	0c051063          	bne	a0,zero,13cc <.L204>
			130c: R_RISCV_BRANCH	.L204
    1310:	00001a37          	lui	s4,0x1
    1314:	00000913          	addi	s2,zero,0
    1318:	01440a33          	add	s4,s0,s4
    131c:	00000b37          	lui	s6,0x0
			131c: R_RISCV_HI20	.LC2
			131c: R_RISCV_RELAX	*ABS*
    1320:	00800a93          	addi	s5,zero,8

00001324 <.L214>:
    1324:	408a2503          	lw	a0,1032(s4) # 1408 <hvs_supervisor_boot_from_blocks+0x10>
    1328:	00810693          	addi	a3,sp,8
    132c:	00090613          	addi	a2,s2,0
    1330:	000b0593          	addi	a1,s6,0 # 0 <str_len>
			1330: R_RISCV_LO12_I	.LC2
			1330: R_RISCV_RELAX	*ABS*
    1334:	00000097          	auipc	ra,0x0
			1334: R_RISCV_CALL	hvs_fs_read_dir
			1334: R_RISCV_RELAX	*ABS*
    1338:	000080e7          	jalr	ra,0(ra) # 1334 <.L214+0x10>
    133c:	02051c63          	bne	a0,zero,1374 <.L213>
			133c: R_RISCV_BRANCH	.L213
    1340:	04814783          	lbu	a5,72(sp)
    1344:	02079463          	bne	a5,zero,136c <.L212>
			1344: R_RISCV_BRANCH	.L212
    1348:	00810513          	addi	a0,sp,8
    134c:	00000097          	auipc	ra,0x0
			134c: R_RISCV_CALL	ends_with.constprop.0
			134c: R_RISCV_RELAX	*ABS*
    1350:	000080e7          	jalr	ra,0(ra) # 134c <.L214+0x28>
    1354:	00050c63          	beq	a0,zero,136c <.L212>
			1354: R_RISCV_BRANCH	.L212
    1358:	00810613          	addi	a2,sp,8
    135c:	00098593          	addi	a1,s3,0
    1360:	00040513          	addi	a0,s0,0
    1364:	00000097          	auipc	ra,0x0
			1364: R_RISCV_CALL	load_app.isra.0
			1364: R_RISCV_RELAX	*ABS*
    1368:	000080e7          	jalr	ra,0(ra) # 1364 <.L214+0x40>

0000136c <.L212>:
    136c:	00190913          	addi	s2,s2,1
    1370:	fb591ae3          	bne	s2,s5,1324 <.L214>
			1370: R_RISCV_BRANCH	.L214

00001374 <.L213>:
    1374:	00003537          	lui	a0,0x3
    1378:	00a40433          	add	s0,s0,a0
    137c:	17042783          	lw	a5,368(s0)
    1380:	04079663          	bne	a5,zero,13cc <.L204>
			1380: R_RISCV_BRANCH	.L204
    1384:	0440006f          	jal	zero,13c8 <.L215>
			1384: R_RISCV_JAL	.L215

00001388 <.L209>:
    1388:	00379593          	slli	a1,a5,0x3
    138c:	00f585b3          	add	a1,a1,a5
    1390:	00659593          	slli	a1,a1,0x6
    1394:	20058593          	addi	a1,a1,512
    1398:	00691513          	slli	a0,s2,0x6
    139c:	00b405b3          	add	a1,s0,a1
    13a0:	00a40533          	add	a0,s0,a0
    13a4:	00000097          	auipc	ra,0x0
			13a4: R_RISCV_CALL	hvs_fs_mount
			13a4: R_RISCV_RELAX	*ABS*
    13a8:	000080e7          	jalr	ra,0(ra) # 13a4 <.L209+0x1c>
    13ac:	00051863          	bne	a0,zero,13bc <.L207>
			13ac: R_RISCV_BRANCH	.L207
    13b0:	4044a783          	lw	a5,1028(s1)
    13b4:	00178793          	addi	a5,a5,1 # 3001 <.L245+0x1a49>
    13b8:	40f4a223          	sw	a5,1028(s1)

000013bc <.L207>:
    13bc:	00190913          	addi	s2,s2,1
    13c0:	f2dff06f          	jal	zero,12ec <.L206>
			13c0: R_RISCV_JAL	.L206

000013c4 <.L208>:
    13c4:	f2079ce3          	bne	a5,zero,12fc <.L210>
			13c4: R_RISCV_BRANCH	.L210

000013c8 <.L215>:
    13c8:	ffd00493          	addi	s1,zero,-3

000013cc <.L204>:
    13cc:	07c12083          	lw	ra,124(sp)
    13d0:	07812403          	lw	s0,120(sp)
    13d4:	07012903          	lw	s2,112(sp)
    13d8:	06c12983          	lw	s3,108(sp)
    13dc:	06812a03          	lw	s4,104(sp)
    13e0:	06412a83          	lw	s5,100(sp)
    13e4:	06012b03          	lw	s6,96(sp)
    13e8:	00048513          	addi	a0,s1,0
    13ec:	07412483          	lw	s1,116(sp)
    13f0:	08010113          	addi	sp,sp,128
    13f4:	00008067          	jalr	zero,0(ra)

000013f8 <hvs_supervisor_boot_from_blocks>:
    13f8:	f8010113          	addi	sp,sp,-128
    13fc:	06912a23          	sw	s1,116(sp)
    1400:	000014b7          	lui	s1,0x1
    1404:	06812c23          	sw	s0,120(sp)
    1408:	07212823          	sw	s2,112(sp)
    140c:	07312623          	sw	s3,108(sp)
    1410:	07412423          	sw	s4,104(sp)
    1414:	07512223          	sw	s5,100(sp)
    1418:	07612023          	sw	s6,96(sp)
    141c:	06112e23          	sw	ra,124(sp)
    1420:	009504b3          	add	s1,a0,s1
    1424:	00050413          	addi	s0,a0,0 # 3000 <.L245+0x1a48>
    1428:	00058a13          	addi	s4,a1,0
    142c:	00060a93          	addi	s5,a2,0
    1430:	00068993          	addi	s3,a3,0
    1434:	4004a223          	sw	zero,1028(s1) # 1404 <hvs_supervisor_boot_from_blocks+0xc>
    1438:	00000913          	addi	s2,zero,0
    143c:	00700b13          	addi	s6,zero,7

00001440 <.L225>:
    1440:	4044a703          	lw	a4,1028(s1)
    1444:	0d590863          	beq	s2,s5,1514 <.L227>
			1444: R_RISCV_BRANCH	.L227
    1448:	08eb7863          	bgeu	s6,a4,14d8 <.L228>
			1448: R_RISCV_BRANCH	.L228

0000144c <.L229>:
    144c:	00040513          	addi	a0,s0,0
    1450:	00000097          	auipc	ra,0x0
			1450: R_RISCV_CALL	classify_filesystems
			1450: R_RISCV_RELAX	*ABS*
    1454:	000080e7          	jalr	ra,0(ra) # 1450 <.L229+0x4>
    1458:	00050493          	addi	s1,a0,0
    145c:	0c051063          	bne	a0,zero,151c <.L224>
			145c: R_RISCV_BRANCH	.L224
    1460:	00001a37          	lui	s4,0x1
    1464:	00000913          	addi	s2,zero,0
    1468:	01440a33          	add	s4,s0,s4
    146c:	00000b37          	lui	s6,0x0
			146c: R_RISCV_HI20	.LC2
			146c: R_RISCV_RELAX	*ABS*
    1470:	00800a93          	addi	s5,zero,8

00001474 <.L234>:
    1474:	408a2503          	lw	a0,1032(s4) # 1408 <hvs_supervisor_boot_from_blocks+0x10>
    1478:	00810693          	addi	a3,sp,8
    147c:	00090613          	addi	a2,s2,0
    1480:	000b0593          	addi	a1,s6,0 # 0 <str_len>
			1480: R_RISCV_LO12_I	.LC2
			1480: R_RISCV_RELAX	*ABS*
    1484:	00000097          	auipc	ra,0x0
			1484: R_RISCV_CALL	hvs_fs_read_dir
			1484: R_RISCV_RELAX	*ABS*
    1488:	000080e7          	jalr	ra,0(ra) # 1484 <.L234+0x10>
    148c:	02051c63          	bne	a0,zero,14c4 <.L233>
			148c: R_RISCV_BRANCH	.L233
    1490:	04814783          	lbu	a5,72(sp)
    1494:	02079463          	bne	a5,zero,14bc <.L232>
			1494: R_RISCV_BRANCH	.L232
    1498:	00810513          	addi	a0,sp,8
    149c:	00000097          	auipc	ra,0x0
			149c: R_RISCV_CALL	ends_with.constprop.0
			149c: R_RISCV_RELAX	*ABS*
    14a0:	000080e7          	jalr	ra,0(ra) # 149c <.L234+0x28>
    14a4:	00050c63          	beq	a0,zero,14bc <.L232>
			14a4: R_RISCV_BRANCH	.L232
    14a8:	00810613          	addi	a2,sp,8
    14ac:	00098593          	addi	a1,s3,0
    14b0:	00040513          	addi	a0,s0,0
    14b4:	00000097          	auipc	ra,0x0
			14b4: R_RISCV_CALL	load_app.isra.0
			14b4: R_RISCV_RELAX	*ABS*
    14b8:	000080e7          	jalr	ra,0(ra) # 14b4 <.L234+0x40>

000014bc <.L232>:
    14bc:	00190913          	addi	s2,s2,1
    14c0:	fb591ae3          	bne	s2,s5,1474 <.L234>
			14c0: R_RISCV_BRANCH	.L234

000014c4 <.L233>:
    14c4:	00003537          	lui	a0,0x3
    14c8:	00a40433          	add	s0,s0,a0
    14cc:	17042783          	lw	a5,368(s0)
    14d0:	04079663          	bne	a5,zero,151c <.L224>
			14d0: R_RISCV_BRANCH	.L224
    14d4:	0440006f          	jal	zero,1518 <.L235>
			14d4: R_RISCV_JAL	.L235

000014d8 <.L228>:
    14d8:	00371793          	slli	a5,a4,0x3
    14dc:	00e787b3          	add	a5,a5,a4
    14e0:	00679793          	slli	a5,a5,0x6
    14e4:	20078793          	addi	a5,a5,512
    14e8:	00591513          	slli	a0,s2,0x5
    14ec:	00f405b3          	add	a1,s0,a5
    14f0:	00aa0533          	add	a0,s4,a0
    14f4:	00000097          	auipc	ra,0x0
			14f4: R_RISCV_CALL	hvs_fs_mount
			14f4: R_RISCV_RELAX	*ABS*
    14f8:	000080e7          	jalr	ra,0(ra) # 14f4 <.L228+0x1c>
    14fc:	00051863          	bne	a0,zero,150c <.L226>
			14fc: R_RISCV_BRANCH	.L226
    1500:	4044a783          	lw	a5,1028(s1)
    1504:	00178793          	addi	a5,a5,1
    1508:	40f4a223          	sw	a5,1028(s1)

0000150c <.L226>:
    150c:	00190913          	addi	s2,s2,1
    1510:	f31ff06f          	jal	zero,1440 <.L225>
			1510: R_RISCV_JAL	.L225

00001514 <.L227>:
    1514:	f2071ce3          	bne	a4,zero,144c <.L229>
			1514: R_RISCV_BRANCH	.L229

00001518 <.L235>:
    1518:	ffd00493          	addi	s1,zero,-3

0000151c <.L224>:
    151c:	07c12083          	lw	ra,124(sp)
    1520:	07812403          	lw	s0,120(sp)
    1524:	07012903          	lw	s2,112(sp)
    1528:	06c12983          	lw	s3,108(sp)
    152c:	06812a03          	lw	s4,104(sp)
    1530:	06412a83          	lw	s5,100(sp)
    1534:	06012b03          	lw	s6,96(sp)
    1538:	00048513          	addi	a0,s1,0
    153c:	07412483          	lw	s1,116(sp)
    1540:	08010113          	addi	sp,sp,128
    1544:	00008067          	jalr	zero,0(ra)

00001548 <hvs_supervisor_boot_auto>:
    1548:	fd010113          	addi	sp,sp,-48
    154c:	02812423          	sw	s0,40(sp)
    1550:	02912223          	sw	s1,36(sp)
    1554:	03212023          	sw	s2,32(sp)
    1558:	01312e23          	sw	s3,28(sp)
    155c:	02112623          	sw	ra,44(sp)
    1560:	00b12623          	sw	a1,12(sp)
    1564:	00050413          	addi	s0,a0,0 # 3000 <.L245+0x1a48>
    1568:	00060493          	addi	s1,a2,0
    156c:	00068913          	addi	s2,a3,0
    1570:	00070993          	addi	s3,a4,0
    1574:	04058063          	beq	a1,zero,15b4 <.L247>
			1574: R_RISCV_BRANCH	.L247
    1578:	00000097          	auipc	ra,0x0
			1578: R_RISCV_CALL	hvs_supervisor_context_init
			1578: R_RISCV_RELAX	*ABS*
    157c:	000080e7          	jalr	ra,0(ra) # 1578 <hvs_supervisor_boot_auto+0x30>
    1580:	00c12583          	lw	a1,12(sp)
    1584:	00098613          	addi	a2,s3,0
    1588:	00040513          	addi	a0,s0,0
    158c:	00000097          	auipc	ra,0x0
			158c: R_RISCV_CALL	hvs_supervisor_boot_from_usb
			158c: R_RISCV_RELAX	*ABS*
    1590:	000080e7          	jalr	ra,0(ra) # 158c <hvs_supervisor_boot_auto+0x44>
    1594:	02051263          	bne	a0,zero,15b8 <.L245>
			1594: R_RISCV_BRANCH	.L245

00001598 <.L244>:
    1598:	02c12083          	lw	ra,44(sp)
    159c:	02812403          	lw	s0,40(sp)
    15a0:	02412483          	lw	s1,36(sp)
    15a4:	02012903          	lw	s2,32(sp)
    15a8:	01c12983          	lw	s3,28(sp)
    15ac:	03010113          	addi	sp,sp,48
    15b0:	00008067          	jalr	zero,0(ra)

000015b4 <.L247>:
    15b4:	ffd00513          	addi	a0,zero,-3

000015b8 <.L245>:
    15b8:	fe0480e3          	beq	s1,zero,1598 <.L244>
			15b8: R_RISCV_BRANCH	.L244
    15bc:	fc090ee3          	beq	s2,zero,1598 <.L244>
			15bc: R_RISCV_BRANCH	.L244
    15c0:	00040513          	addi	a0,s0,0
    15c4:	00000097          	auipc	ra,0x0
			15c4: R_RISCV_CALL	hvs_supervisor_context_init
			15c4: R_RISCV_RELAX	*ABS*
    15c8:	000080e7          	jalr	ra,0(ra) # 15c4 <.L245+0xc>
    15cc:	00040513          	addi	a0,s0,0
    15d0:	02812403          	lw	s0,40(sp)
    15d4:	02c12083          	lw	ra,44(sp)
    15d8:	00098693          	addi	a3,s3,0
    15dc:	00090613          	addi	a2,s2,0
    15e0:	01c12983          	lw	s3,28(sp)
    15e4:	02012903          	lw	s2,32(sp)
    15e8:	00048593          	addi	a1,s1,0
    15ec:	02412483          	lw	s1,36(sp)
    15f0:	03010113          	addi	sp,sp,48
    15f4:	00000317          	auipc	t1,0x0
			15f4: R_RISCV_CALL	hvs_supervisor_boot_from_blocks
			15f4: R_RISCV_RELAX	*ABS*
    15f8:	00030067          	jalr	zero,0(t1) # 15f4 <.L245+0x3c>
=== harvos_usb_host.o ===

C:\Users\dennis\Documents\HarvOS\Template_MiSTer-master\build\supervisor\harvos_usb_host.o:     file format elf32-littleriscv


Disassembly of section .text:

00000000 <zero>:
   0:	00b505b3          	add	a1,a0,a1

00000004 <.L2>:
   4:	00b51463          	bne	a0,a1,c <.L3>
			4: R_RISCV_BRANCH	.L3
   8:	00008067          	jalr	zero,0(ra)

0000000c <.L3>:
   c:	00150513          	addi	a0,a0,1
  10:	fe050fa3          	sb	zero,-1(a0)
  14:	ff1ff06f          	jal	zero,4 <.L2>
			14: R_RISCV_JAL	.L2

00000018 <usb_log>:
  18:	00452783          	lw	a5,4(a0)
  1c:	0147a783          	lw	a5,20(a5)
  20:	00078663          	beq	a5,zero,2c <.L4>
			20: R_RISCV_BRANCH	.L4
  24:	00052503          	lw	a0,0(a0)
  28:	00078067          	jalr	zero,0(a5)

0000002c <.L4>:
  2c:	00008067          	jalr	zero,0(ra)

00000030 <msc_bulk>:
  30:	02052303          	lw	t1,32(a0)
  34:	00078893          	addi	a7,a5,0
  38:	00070793          	addi	a5,a4,0
  3c:	00432803          	lw	a6,4(t1)
  40:	00068713          	addi	a4,a3,0
  44:	00060693          	addi	a3,a2,0
  48:	00c82e03          	lw	t3,12(a6)
  4c:	00058613          	addi	a2,a1,0
  50:	02454583          	lbu	a1,36(a0)
  54:	00032503          	lw	a0,0(t1)
  58:	00001837          	lui	a6,0x1
  5c:	38880813          	addi	a6,a6,904 # 1388 <.L52+0x974>
  60:	000e0067          	jalr	zero,0(t3)

00000064 <usb_setup.constprop.0>:
  64:	fe010113          	addi	sp,sp,-32
  68:	00f11523          	sh	a5,10(sp)
  6c:	00452783          	lw	a5,4(a0)
  70:	00070313          	addi	t1,a4,0
  74:	006104a3          	sb	t1,9(sp)
  78:	0087a303          	lw	t1,8(a5)
  7c:	00080713          	addi	a4,a6,0
  80:	00052503          	lw	a0,0(a0)
  84:	02014803          	lbu	a6,32(sp)
  88:	00112e23          	sw	ra,28(sp)
  8c:	00d10423          	sb	a3,8(sp)
  90:	00011623          	sh	zero,12(sp)
  94:	01111723          	sh	a7,14(sp)
  98:	00810693          	addi	a3,sp,8
  9c:	00088793          	addi	a5,a7,0
  a0:	000300e7          	jalr	ra,0(t1)
  a4:	01c12083          	lw	ra,28(sp)
  a8:	02010113          	addi	sp,sp,32
  ac:	00008067          	jalr	zero,0(ra)

000000b0 <msc_command>:
  b0:	fa010113          	addi	sp,sp,-96
  b4:	04812c23          	sw	s0,88(sp)
  b8:	05512223          	sw	s5,68(sp)
  bc:	00050413          	addi	s0,a0,0
  c0:	00058a93          	addi	s5,a1,0
  c4:	02010513          	addi	a0,sp,32
  c8:	01f00593          	addi	a1,zero,31
  cc:	04912a23          	sw	s1,84(sp)
  d0:	05212823          	sw	s2,80(sp)
  d4:	00070493          	addi	s1,a4,0
  d8:	00078913          	addi	s2,a5,0
  dc:	05312623          	sw	s3,76(sp)
  e0:	05412423          	sw	s4,72(sp)
  e4:	00060993          	addi	s3,a2,0
  e8:	00068a13          	addi	s4,a3,0
  ec:	04112e23          	sw	ra,92(sp)
  f0:	00012623          	sw	zero,12(sp)
  f4:	00000097          	auipc	ra,0x0
			f4: R_RISCV_CALL	zero
			f4: R_RISCV_RELAX	*ABS*
  f8:	000080e7          	jalr	ra,0(ra) # f4 <msc_command+0x44>
  fc:	434257b7          	lui	a5,0x43425
 100:	35578793          	addi	a5,a5,853 # 43425355 <.L52+0x43424941>
 104:	02f12023          	sw	a5,32(sp)
 108:	03842783          	lw	a5,56(s0)
 10c:	02912423          	sw	s1,40(sp)
 110:	020106a3          	sb	zero,45(sp)
 114:	00178793          	addi	a5,a5,1
 118:	02f42c23          	sw	a5,56(s0)
 11c:	02f12223          	sw	a5,36(sp)
 120:	012037b3          	sltu	a5,zero,s2
 124:	00779793          	slli	a5,a5,0x7
 128:	02f10623          	sb	a5,44(sp)
 12c:	03310723          	sb	s3,46(sp)
 130:	00012623          	sw	zero,12(sp)
 134:	02010713          	addi	a4,sp,32
 138:	00000793          	addi	a5,zero,0
 13c:	00000693          	addi	a3,zero,0

00000140 <.L11>:
 140:	00170713          	addi	a4,a4,1
 144:	0737e263          	bltu	a5,s3,1a8 <.L12>
			144: R_RISCV_BRANCH	.L12
 148:	00068463          	beq	a3,zero,150 <.L13>
			148: R_RISCV_BRANCH	.L13
 14c:	01312623          	sw	s3,12(sp)

00000150 <.L13>:
 150:	02644583          	lbu	a1,38(s0)
 154:	00c10793          	addi	a5,sp,12
 158:	00000713          	addi	a4,zero,0
 15c:	01f00693          	addi	a3,zero,31
 160:	02010613          	addi	a2,sp,32
 164:	00040513          	addi	a0,s0,0
 168:	00000097          	auipc	ra,0x0
			168: R_RISCV_CALL	msc_bulk
			168: R_RISCV_RELAX	*ABS*
 16c:	000080e7          	jalr	ra,0(ra) # 168 <.L13+0x18>
 170:	00051a63          	bne	a0,zero,184 <.L9>
			170: R_RISCV_BRANCH	.L9
 174:	00c12703          	lw	a4,12(sp)
 178:	01f00793          	addi	a5,zero,31
 17c:	04f70263          	beq	a4,a5,1c0 <.L15>
			17c: R_RISCV_BRANCH	.L15

00000180 <.L20>:
 180:	fff00513          	addi	a0,zero,-1

00000184 <.L9>:
 184:	05c12083          	lw	ra,92(sp)
 188:	05812403          	lw	s0,88(sp)
 18c:	05412483          	lw	s1,84(sp)
 190:	05012903          	lw	s2,80(sp)
 194:	04c12983          	lw	s3,76(sp)
 198:	04812a03          	lw	s4,72(sp)
 19c:	04412a83          	lw	s5,68(sp)
 1a0:	06010113          	addi	sp,sp,96
 1a4:	00008067          	jalr	zero,0(ra)

000001a8 <.L12>:
 1a8:	00fa86b3          	add	a3,s5,a5
 1ac:	0006c683          	lbu	a3,0(a3)
 1b0:	00178793          	addi	a5,a5,1
 1b4:	00d70723          	sb	a3,14(a4)
 1b8:	00100693          	addi	a3,zero,1
 1bc:	f85ff06f          	jal	zero,140 <.L11>
			1bc: R_RISCV_JAL	.L11

000001c0 <.L15>:
 1c0:	06049c63          	bne	s1,zero,238 <.L16>
			1c0: R_RISCV_BRANCH	.L16

000001c4 <.L21>:
 1c4:	00d00593          	addi	a1,zero,13
 1c8:	01010513          	addi	a0,sp,16
 1cc:	00000097          	auipc	ra,0x0
			1cc: R_RISCV_CALL	zero
			1cc: R_RISCV_RELAX	*ABS*
 1d0:	000080e7          	jalr	ra,0(ra) # 1cc <.L21+0x8>
 1d4:	02544583          	lbu	a1,37(s0)
 1d8:	00c10793          	addi	a5,sp,12
 1dc:	00100713          	addi	a4,zero,1
 1e0:	00d00693          	addi	a3,zero,13
 1e4:	01010613          	addi	a2,sp,16
 1e8:	00040513          	addi	a0,s0,0
 1ec:	00000097          	auipc	ra,0x0
			1ec: R_RISCV_CALL	msc_bulk
			1ec: R_RISCV_RELAX	*ABS*
 1f0:	000080e7          	jalr	ra,0(ra) # 1ec <.L21+0x28>
 1f4:	f80518e3          	bne	a0,zero,184 <.L9>
			1f4: R_RISCV_BRANCH	.L9
 1f8:	00c12703          	lw	a4,12(sp)
 1fc:	00d00793          	addi	a5,zero,13
 200:	f8f710e3          	bne	a4,a5,180 <.L20>
			200: R_RISCV_BRANCH	.L20
 204:	01012703          	lw	a4,16(sp)
 208:	534257b7          	lui	a5,0x53425
 20c:	35578793          	addi	a5,a5,853 # 53425355 <.L52+0x53424941>
 210:	ffa00513          	addi	a0,zero,-6
 214:	f6f718e3          	bne	a4,a5,184 <.L9>
			214: R_RISCV_BRANCH	.L9
 218:	03842703          	lw	a4,56(s0)
 21c:	01412783          	lw	a5,20(sp)
 220:	ffb00513          	addi	a0,zero,-5
 224:	f6f710e3          	bne	a4,a5,184 <.L9>
			224: R_RISCV_BRANCH	.L9
 228:	01c14503          	lbu	a0,28(sp)
 22c:	00a03533          	sltu	a0,zero,a0
 230:	40a00533          	sub	a0,zero,a0
 234:	f51ff06f          	jal	zero,184 <.L9>
			234: R_RISCV_JAL	.L9

00000238 <.L16>:
 238:	02090a63          	beq	s2,zero,26c <.L18>
			238: R_RISCV_BRANCH	.L18
 23c:	02544583          	lbu	a1,37(s0)

00000240 <.L19>:
 240:	00c10793          	addi	a5,sp,12
 244:	00090713          	addi	a4,s2,0
 248:	00048693          	addi	a3,s1,0
 24c:	000a0613          	addi	a2,s4,0
 250:	00040513          	addi	a0,s0,0
 254:	00000097          	auipc	ra,0x0
			254: R_RISCV_CALL	msc_bulk
			254: R_RISCV_RELAX	*ABS*
 258:	000080e7          	jalr	ra,0(ra) # 254 <.L19+0x14>
 25c:	f20514e3          	bne	a0,zero,184 <.L9>
			25c: R_RISCV_BRANCH	.L9
 260:	00c12783          	lw	a5,12(sp)
 264:	f69780e3          	beq	a5,s1,1c4 <.L21>
			264: R_RISCV_BRANCH	.L21
 268:	f19ff06f          	jal	zero,180 <.L20>
			268: R_RISCV_JAL	.L20

0000026c <.L18>:
 26c:	02644583          	lbu	a1,38(s0)
 270:	fd1ff06f          	jal	zero,240 <.L19>
			270: R_RISCV_JAL	.L19

00000274 <hvs_usb_msc_read_blocks>:
 274:	fc010113          	addi	sp,sp,-64
 278:	03512223          	sw	s5,36(sp)
 27c:	01052a83          	lw	s5,16(a0)
 280:	02812c23          	sw	s0,56(sp)
 284:	02912a23          	sw	s1,52(sp)
 288:	03212823          	sw	s2,48(sp)
 28c:	03612023          	sw	s6,32(sp)
 290:	01712e23          	sw	s7,28(sp)
 294:	02112e23          	sw	ra,60(sp)
 298:	03312623          	sw	s3,44(sp)
 29c:	03412423          	sw	s4,40(sp)
 2a0:	00058413          	addi	s0,a1,0
 2a4:	00068493          	addi	s1,a3,0
 2a8:	00070913          	addi	s2,a4,0
 2ac:	08000b93          	addi	s7,zero,128
 2b0:	02800b13          	addi	s6,zero,40

000002b4 <.L31>:
 2b4:	02049a63          	bne	s1,zero,2e8 <.L34>
			2b4: R_RISCV_BRANCH	.L34
 2b8:	00000513          	addi	a0,zero,0

000002bc <.L30>:
 2bc:	03c12083          	lw	ra,60(sp)
 2c0:	03812403          	lw	s0,56(sp)
 2c4:	03412483          	lw	s1,52(sp)
 2c8:	03012903          	lw	s2,48(sp)
 2cc:	02c12983          	lw	s3,44(sp)
 2d0:	02812a03          	lw	s4,40(sp)
 2d4:	02412a83          	lw	s5,36(sp)
 2d8:	02012b03          	lw	s6,32(sp)
 2dc:	01c12b83          	lw	s7,28(sp)
 2e0:	04010113          	addi	sp,sp,64
 2e4:	00008067          	jalr	zero,0(ra)

000002e8 <.L34>:
 2e8:	00048993          	addi	s3,s1,0
 2ec:	009bf463          	bgeu	s7,s1,2f4 <.L32>
			2ec: R_RISCV_BRANCH	.L32
 2f0:	08000993          	addi	s3,zero,128

000002f4 <.L32>:
 2f4:	02caa583          	lw	a1,44(s5)
 2f8:	00098513          	addi	a0,s3,0
 2fc:	00000097          	auipc	ra,0x0
			2fc: R_RISCV_CALL	__mulsi3
			2fc: R_RISCV_RELAX	*ABS*
 300:	000080e7          	jalr	ra,0(ra) # 2fc <.L32+0x8>
 304:	00050a13          	addi	s4,a0,0
 308:	01000593          	addi	a1,zero,16
 30c:	00010513          	addi	a0,sp,0
 310:	00000097          	auipc	ra,0x0
			310: R_RISCV_CALL	zero
			310: R_RISCV_RELAX	*ABS*
 314:	000080e7          	jalr	ra,0(ra) # 310 <.L32+0x1c>
 318:	01845793          	srli	a5,s0,0x18
 31c:	01041713          	slli	a4,s0,0x10
 320:	00f10123          	sb	a5,2(sp)
 324:	01075713          	srli	a4,a4,0x10
 328:	01045793          	srli	a5,s0,0x10
 32c:	00875713          	srli	a4,a4,0x8
 330:	00f101a3          	sb	a5,3(sp)
 334:	00841793          	slli	a5,s0,0x8
 338:	00e7e7b3          	or	a5,a5,a4
 33c:	00f11223          	sh	a5,4(sp)
 340:	000a0713          	addi	a4,s4,0
 344:	00100793          	addi	a5,zero,1
 348:	00090693          	addi	a3,s2,0
 34c:	00a00613          	addi	a2,zero,10
 350:	00010593          	addi	a1,sp,0
 354:	000a8513          	addi	a0,s5,0
 358:	01610023          	sb	s6,0(sp)
 35c:	000103a3          	sb	zero,7(sp)
 360:	01310423          	sb	s3,8(sp)
 364:	00000097          	auipc	ra,0x0
			364: R_RISCV_CALL	msc_command
			364: R_RISCV_RELAX	*ABS*
 368:	000080e7          	jalr	ra,0(ra) # 364 <.L32+0x70>
 36c:	00051a63          	bne	a0,zero,380 <.L35>
			36c: R_RISCV_BRANCH	.L35
 370:	01340433          	add	s0,s0,s3
 374:	413484b3          	sub	s1,s1,s3
 378:	01490933          	add	s2,s2,s4
 37c:	f39ff06f          	jal	zero,2b4 <.L31>
			37c: R_RISCV_JAL	.L31

00000380 <.L35>:
 380:	fff00513          	addi	a0,zero,-1
 384:	f39ff06f          	jal	zero,2bc <.L30>
			384: R_RISCV_JAL	.L30

00000388 <hvs_usb_msc_write_blocks>:
 388:	fc010113          	addi	sp,sp,-64
 38c:	03512223          	sw	s5,36(sp)
 390:	01052a83          	lw	s5,16(a0)
 394:	02812c23          	sw	s0,56(sp)
 398:	02912a23          	sw	s1,52(sp)
 39c:	03212823          	sw	s2,48(sp)
 3a0:	03612023          	sw	s6,32(sp)
 3a4:	01712e23          	sw	s7,28(sp)
 3a8:	02112e23          	sw	ra,60(sp)
 3ac:	03312623          	sw	s3,44(sp)
 3b0:	03412423          	sw	s4,40(sp)
 3b4:	00058413          	addi	s0,a1,0
 3b8:	00068493          	addi	s1,a3,0
 3bc:	00070913          	addi	s2,a4,0
 3c0:	08000b93          	addi	s7,zero,128
 3c4:	02a00b13          	addi	s6,zero,42

000003c8 <.L38>:
 3c8:	02049a63          	bne	s1,zero,3fc <.L41>
			3c8: R_RISCV_BRANCH	.L41
 3cc:	00000513          	addi	a0,zero,0

000003d0 <.L37>:
 3d0:	03c12083          	lw	ra,60(sp)
 3d4:	03812403          	lw	s0,56(sp)
 3d8:	03412483          	lw	s1,52(sp)
 3dc:	03012903          	lw	s2,48(sp)
 3e0:	02c12983          	lw	s3,44(sp)
 3e4:	02812a03          	lw	s4,40(sp)
 3e8:	02412a83          	lw	s5,36(sp)
 3ec:	02012b03          	lw	s6,32(sp)
 3f0:	01c12b83          	lw	s7,28(sp)
 3f4:	04010113          	addi	sp,sp,64
 3f8:	00008067          	jalr	zero,0(ra)

000003fc <.L41>:
 3fc:	00048993          	addi	s3,s1,0
 400:	009bf463          	bgeu	s7,s1,408 <.L39>
			400: R_RISCV_BRANCH	.L39
 404:	08000993          	addi	s3,zero,128

00000408 <.L39>:
 408:	02caa583          	lw	a1,44(s5)
 40c:	00098513          	addi	a0,s3,0
 410:	00000097          	auipc	ra,0x0
			410: R_RISCV_CALL	__mulsi3
			410: R_RISCV_RELAX	*ABS*
 414:	000080e7          	jalr	ra,0(ra) # 410 <.L39+0x8>
 418:	00050a13          	addi	s4,a0,0
 41c:	01000593          	addi	a1,zero,16
 420:	00010513          	addi	a0,sp,0
 424:	00000097          	auipc	ra,0x0
			424: R_RISCV_CALL	zero
			424: R_RISCV_RELAX	*ABS*
 428:	000080e7          	jalr	ra,0(ra) # 424 <.L39+0x1c>
 42c:	01845793          	srli	a5,s0,0x18
 430:	01041713          	slli	a4,s0,0x10
 434:	00f10123          	sb	a5,2(sp)
 438:	01075713          	srli	a4,a4,0x10
 43c:	01045793          	srli	a5,s0,0x10
 440:	00875713          	srli	a4,a4,0x8
 444:	00f101a3          	sb	a5,3(sp)
 448:	00841793          	slli	a5,s0,0x8
 44c:	00e7e7b3          	or	a5,a5,a4
 450:	00f11223          	sh	a5,4(sp)
 454:	000a0713          	addi	a4,s4,0
 458:	00000793          	addi	a5,zero,0
 45c:	00090693          	addi	a3,s2,0
 460:	00a00613          	addi	a2,zero,10
 464:	00010593          	addi	a1,sp,0
 468:	000a8513          	addi	a0,s5,0
 46c:	01610023          	sb	s6,0(sp)
 470:	000103a3          	sb	zero,7(sp)
 474:	01310423          	sb	s3,8(sp)
 478:	00000097          	auipc	ra,0x0
			478: R_RISCV_CALL	msc_command
			478: R_RISCV_RELAX	*ABS*
 47c:	000080e7          	jalr	ra,0(ra) # 478 <.L39+0x70>
 480:	00051a63          	bne	a0,zero,494 <.L42>
			480: R_RISCV_BRANCH	.L42
 484:	01340433          	add	s0,s0,s3
 488:	413484b3          	sub	s1,s1,s3
 48c:	01490933          	add	s2,s2,s4
 490:	f39ff06f          	jal	zero,3c8 <.L38>
			490: R_RISCV_JAL	.L38

00000494 <.L42>:
 494:	fff00513          	addi	a0,zero,-1
 498:	f39ff06f          	jal	zero,3d0 <.L37>
			498: R_RISCV_JAL	.L37

0000049c <hvs_usb_host_init>:
 49c:	00100793          	addi	a5,zero,1
 4a0:	00b52023          	sw	a1,0(a0)
 4a4:	00c52223          	sw	a2,4(a0)
 4a8:	00d52423          	sw	a3,8(a0)
 4ac:	00f50623          	sb	a5,12(a0)
 4b0:	00008067          	jalr	zero,0(ra)

000004b4 <hvs_usb_enumerate_msc>:
 4b4:	e5010113          	addi	sp,sp,-432
 4b8:	1a912223          	sw	s1,420(sp)
 4bc:	1b212023          	sw	s2,416(sp)
 4c0:	19512a23          	sw	s5,404(sp)
 4c4:	19612823          	sw	s6,400(sp)
 4c8:	19712623          	sw	s7,396(sp)
 4cc:	19a12023          	sw	s10,384(sp)
 4d0:	17b12e23          	sw	s11,380(sp)
 4d4:	1a112623          	sw	ra,428(sp)
 4d8:	1a812423          	sw	s0,424(sp)
 4dc:	19312e23          	sw	s3,412(sp)
 4e0:	19412c23          	sw	s4,408(sp)
 4e4:	19812423          	sw	s8,392(sp)
 4e8:	19912223          	sw	s9,388(sp)
 4ec:	00000b37          	lui	s6,0x0
			4ec: R_RISCV_HI20	hvs_usb_msc_read_blocks
			4ec: R_RISCV_RELAX	*ABS*
 4f0:	00000bb7          	lui	s7,0x0
			4f0: R_RISCV_HI20	hvs_usb_msc_write_blocks
			4f0: R_RISCV_RELAX	*ABS*
 4f4:	00050493          	addi	s1,a0,0
 4f8:	00b12c23          	sw	a1,24(sp)
 4fc:	00c12e23          	sw	a2,28(sp)
 500:	00068913          	addi	s2,a3,0
 504:	0006a023          	sw	zero,0(a3)
 508:	00000a93          	addi	s5,zero,0
 50c:	000b0b13          	addi	s6,s6,0 # 0 <zero>
			50c: R_RISCV_LO12_I	hvs_usb_msc_read_blocks
			50c: R_RISCV_RELAX	*ABS*
 510:	000b8b93          	addi	s7,s7,0 # 0 <zero>
			510: R_RISCV_LO12_I	hvs_usb_msc_write_blocks
			510: R_RISCV_RELAX	*ABS*
 514:	00000d37          	lui	s10,0x0
			514: R_RISCV_HI20	.LC2
			514: R_RISCV_RELAX	*ABS*
 518:	00000db7          	lui	s11,0x0
			518: R_RISCV_HI20	.LC1
			518: R_RISCV_RELAX	*ABS*

0000051c <.L46>:
 51c:	0084a703          	lw	a4,8(s1)
 520:	00092783          	lw	a5,0(s2)
 524:	00eaf663          	bgeu	s5,a4,530 <.L65>
			524: R_RISCV_BRANCH	.L65
 528:	01c12703          	lw	a4,28(sp)
 52c:	04e7e663          	bltu	a5,a4,578 <.L66>
			52c: R_RISCV_BRANCH	.L66

00000530 <.L65>:
 530:	00000513          	addi	a0,zero,0
 534:	00079463          	bne	a5,zero,53c <.L45>
			534: R_RISCV_BRANCH	.L45
 538:	ffd00513          	addi	a0,zero,-3

0000053c <.L45>:
 53c:	1ac12083          	lw	ra,428(sp)
 540:	1a812403          	lw	s0,424(sp)
 544:	1a412483          	lw	s1,420(sp)
 548:	1a012903          	lw	s2,416(sp)
 54c:	19c12983          	lw	s3,412(sp)
 550:	19812a03          	lw	s4,408(sp)
 554:	19412a83          	lw	s5,404(sp)
 558:	19012b03          	lw	s6,400(sp)
 55c:	18c12b83          	lw	s7,396(sp)
 560:	18812c03          	lw	s8,392(sp)
 564:	18412c83          	lw	s9,388(sp)
 568:	18012d03          	lw	s10,384(sp)
 56c:	17c12d83          	lw	s11,380(sp)
 570:	1b010113          	addi	sp,sp,432
 574:	00008067          	jalr	zero,0(ra)

00000578 <.L66>:
 578:	0044a783          	lw	a5,4(s1)
 57c:	0004a503          	lw	a0,0(s1)
 580:	000a8593          	addi	a1,s5,0
 584:	0047a783          	lw	a5,4(a5)
 588:	000780e7          	jalr	ra,0(a5)
 58c:	3c051663          	bne	a0,zero,958 <.L64>
			58c: R_RISCV_BRANCH	.L64
 590:	0044a783          	lw	a5,4(s1)
 594:	0004a503          	lw	a0,0(s1)
 598:	000a8593          	addi	a1,s5,0
 59c:	0007a783          	lw	a5,0(a5)
 5a0:	000780e7          	jalr	ra,0(a5)
 5a4:	00050593          	addi	a1,a0,0
 5a8:	00050e63          	beq	a0,zero,5c4 <.L49>
			5a8: R_RISCV_BRANCH	.L49
 5ac:	00000637          	lui	a2,0x0
			5ac: R_RISCV_HI20	.LC0
			5ac: R_RISCV_RELAX	*ABS*
 5b0:	00060613          	addi	a2,a2,0 # 0 <zero>
			5b0: R_RISCV_LO12_I	.LC0
			5b0: R_RISCV_RELAX	*ABS*

000005b4 <.L90>:
 5b4:	00048513          	addi	a0,s1,0
 5b8:	00000097          	auipc	ra,0x0
			5b8: R_RISCV_CALL	usb_log
			5b8: R_RISCV_RELAX	*ABS*
 5bc:	000080e7          	jalr	ra,0(ra) # 5b8 <.L90+0x4>
 5c0:	3980006f          	jal	zero,958 <.L64>
			5c0: R_RISCV_JAL	.L64

000005c4 <.L49>:
 5c4:	01200593          	addi	a1,zero,18
 5c8:	03810513          	addi	a0,sp,56
 5cc:	00000097          	auipc	ra,0x0
			5cc: R_RISCV_CALL	zero
			5cc: R_RISCV_RELAX	*ABS*
 5d0:	000080e7          	jalr	ra,0(ra) # 5cc <.L49+0x8>
 5d4:	00100793          	addi	a5,zero,1
 5d8:	00f12023          	sw	a5,0(sp)
 5dc:	00800613          	addi	a2,zero,8
 5e0:	00000593          	addi	a1,zero,0
 5e4:	00800893          	addi	a7,zero,8
 5e8:	03810813          	addi	a6,sp,56
 5ec:	10000793          	addi	a5,zero,256
 5f0:	00600713          	addi	a4,zero,6
 5f4:	08000693          	addi	a3,zero,128
 5f8:	00048513          	addi	a0,s1,0
 5fc:	00000097          	auipc	ra,0x0
			5fc: R_RISCV_CALL	usb_setup.constprop.0
			5fc: R_RISCV_RELAX	*ABS*
 600:	000080e7          	jalr	ra,0(ra) # 5fc <.L49+0x38>
 604:	00050593          	addi	a1,a0,0
 608:	000d8613          	addi	a2,s11,0 # 0 <zero>
			608: R_RISCV_LO12_I	.LC1
			608: R_RISCV_RELAX	*ABS*
 60c:	fa0514e3          	bne	a0,zero,5b4 <.L90>
			60c: R_RISCV_BRANCH	.L90
 610:	03f14a03          	lbu	s4,63(sp)
 614:	000a1463          	bne	s4,zero,61c <.L51>
			614: R_RISCV_BRANCH	.L51
 618:	00800a13          	addi	s4,zero,8

0000061c <.L51>:
 61c:	00c4c983          	lbu	s3,12(s1)
 620:	00000593          	addi	a1,zero,0
 624:	00012023          	sw	zero,0(sp)
 628:	00198793          	addi	a5,s3,1
 62c:	00f48623          	sb	a5,12(s1)
 630:	00000893          	addi	a7,zero,0
 634:	00000813          	addi	a6,zero,0
 638:	00098793          	addi	a5,s3,0
 63c:	00500713          	addi	a4,zero,5
 640:	00000693          	addi	a3,zero,0
 644:	00800613          	addi	a2,zero,8
 648:	00048513          	addi	a0,s1,0
 64c:	00000097          	auipc	ra,0x0
			64c: R_RISCV_CALL	usb_setup.constprop.0
			64c: R_RISCV_RELAX	*ABS*
 650:	000080e7          	jalr	ra,0(ra) # 64c <.L51+0x30>
 654:	00050593          	addi	a1,a0,0
 658:	3a051e63          	bne	a0,zero,a14 <.L52>
			658: R_RISCV_BRANCH	.L52
 65c:	0044a783          	lw	a5,4(s1)
 660:	0107a783          	lw	a5,16(a5)
 664:	00078863          	beq	a5,zero,674 <.L53>
			664: R_RISCV_BRANCH	.L53
 668:	0004a503          	lw	a0,0(s1)
 66c:	00a00593          	addi	a1,zero,10
 670:	000780e7          	jalr	ra,0(a5)

00000674 <.L53>:
 674:	00100413          	addi	s0,zero,1
 678:	00098593          	addi	a1,s3,0
 67c:	00812023          	sw	s0,0(sp)
 680:	01200893          	addi	a7,zero,18
 684:	03810813          	addi	a6,sp,56
 688:	10000793          	addi	a5,zero,256
 68c:	00600713          	addi	a4,zero,6
 690:	08000693          	addi	a3,zero,128
 694:	000a0613          	addi	a2,s4,0
 698:	00048513          	addi	a0,s1,0
 69c:	00000097          	auipc	ra,0x0
			69c: R_RISCV_CALL	usb_setup.constprop.0
			69c: R_RISCV_RELAX	*ABS*
 6a0:	000080e7          	jalr	ra,0(ra) # 69c <.L53+0x28>
 6a4:	00050593          	addi	a1,a0,0
 6a8:	00050663          	beq	a0,zero,6b4 <.L88>
			6a8: R_RISCV_BRANCH	.L88
 6ac:	000d0613          	addi	a2,s10,0 # 0 <zero>
			6ac: R_RISCV_LO12_I	.LC2
			6ac: R_RISCV_RELAX	*ABS*
 6b0:	f05ff06f          	jal	zero,5b4 <.L90>
			6b0: R_RISCV_JAL	.L90

000006b4 <.L88>:
 6b4:	10000593          	addi	a1,zero,256
 6b8:	07010513          	addi	a0,sp,112
 6bc:	00000097          	auipc	ra,0x0
			6bc: R_RISCV_CALL	zero
			6bc: R_RISCV_RELAX	*ABS*
 6c0:	000080e7          	jalr	ra,0(ra) # 6bc <.L88+0x8>
 6c4:	00900893          	addi	a7,zero,9
 6c8:	00812023          	sw	s0,0(sp)
 6cc:	07010813          	addi	a6,sp,112
 6d0:	20000793          	addi	a5,zero,512
 6d4:	00600713          	addi	a4,zero,6
 6d8:	08000693          	addi	a3,zero,128
 6dc:	000a0613          	addi	a2,s4,0
 6e0:	00098593          	addi	a1,s3,0
 6e4:	00048513          	addi	a0,s1,0
 6e8:	00000097          	auipc	ra,0x0
			6e8: R_RISCV_CALL	usb_setup.constprop.0
			6e8: R_RISCV_RELAX	*ABS*
 6ec:	000080e7          	jalr	ra,0(ra) # 6e8 <.L88+0x34>
 6f0:	26051463          	bne	a0,zero,958 <.L64>
			6f0: R_RISCV_BRANCH	.L64
 6f4:	07215c83          	lhu	s9,114(sp)
 6f8:	10000793          	addi	a5,zero,256
 6fc:	000c8893          	addi	a7,s9,0
 700:	0197f463          	bgeu	a5,s9,708 <.L55>
			700: R_RISCV_BRANCH	.L55
 704:	10000893          	addi	a7,zero,256

00000708 <.L55>:
 708:	01089c13          	slli	s8,a7,0x10
 70c:	00100793          	addi	a5,zero,1
 710:	010c5c13          	srli	s8,s8,0x10
 714:	00f12023          	sw	a5,0(sp)
 718:	000c0893          	addi	a7,s8,0
 71c:	07010813          	addi	a6,sp,112
 720:	20000793          	addi	a5,zero,512
 724:	00600713          	addi	a4,zero,6
 728:	08000693          	addi	a3,zero,128
 72c:	000a0613          	addi	a2,s4,0
 730:	00098593          	addi	a1,s3,0
 734:	00048513          	addi	a0,s1,0
 738:	00000097          	auipc	ra,0x0
			738: R_RISCV_CALL	usb_setup.constprop.0
			738: R_RISCV_RELAX	*ABS*
 73c:	000080e7          	jalr	ra,0(ra) # 738 <.L55+0x30>
 740:	20051c63          	bne	a0,zero,958 <.L64>
			740: R_RISCV_BRANCH	.L64
 744:	00092403          	lw	s0,0(s2)
 748:	01812783          	lw	a5,24(sp)
 74c:	04000593          	addi	a1,zero,64
 750:	00641413          	slli	s0,s0,0x6
 754:	00878433          	add	s0,a5,s0
 758:	00040513          	addi	a0,s0,0
 75c:	00000097          	auipc	ra,0x0
			75c: R_RISCV_CALL	zero
			75c: R_RISCV_RELAX	*ABS*
 760:	000080e7          	jalr	ra,0(ra) # 75c <.L55+0x54>
 764:	00800793          	addi	a5,zero,8
 768:	02942023          	sw	s1,32(s0)
 76c:	03340223          	sb	s3,36(s0)
 770:	034403a3          	sb	s4,39(s0)
 774:	1f97f263          	bgeu	a5,s9,958 <.L64>
			774: R_RISCV_BRANCH	.L64
 778:	07114703          	lbu	a4,113(sp)
 77c:	00200793          	addi	a5,zero,2
 780:	1cf71c63          	bne	a4,a5,958 <.L64>
			780: R_RISCV_BRANCH	.L64
 784:	07514783          	lbu	a5,117(sp)
 788:	fff00713          	addi	a4,zero,-1
 78c:	02e40423          	sb	a4,40(s0)
 790:	020402a3          	sb	zero,37(s0)
 794:	02040323          	sb	zero,38(s0)
 798:	00000513          	addi	a0,zero,0
 79c:	00000693          	addi	a3,zero,0
 7a0:	00100e93          	addi	t4,zero,1
 7a4:	00400f13          	addi	t5,zero,4
 7a8:	00500f93          	addi	t6,zero,5
 7ac:	00600813          	addi	a6,zero,6
 7b0:	00200293          	addi	t0,zero,2
 7b4:	00800313          	addi	t1,zero,8
 7b8:	05000393          	addi	t2,zero,80

000007bc <.L56>:
 7bc:	00268713          	addi	a4,a3,2
 7c0:	1aec7063          	bgeu	s8,a4,960 <.L61>
			7c0: R_RISCV_BRANCH	.L61

000007c4 <.L57>:
 7c4:	02844683          	lbu	a3,40(s0)
 7c8:	0ff00713          	addi	a4,zero,255
 7cc:	18e68663          	beq	a3,a4,958 <.L64>
			7cc: R_RISCV_BRANCH	.L64
 7d0:	02544703          	lbu	a4,37(s0)
 7d4:	18070263          	beq	a4,zero,958 <.L64>
			7d4: R_RISCV_BRANCH	.L64
 7d8:	02644703          	lbu	a4,38(s0)
 7dc:	16070e63          	beq	a4,zero,958 <.L64>
			7dc: R_RISCV_BRANCH	.L64
 7e0:	00012023          	sw	zero,0(sp)
 7e4:	00000893          	addi	a7,zero,0
 7e8:	00000813          	addi	a6,zero,0
 7ec:	00900713          	addi	a4,zero,9
 7f0:	00000693          	addi	a3,zero,0
 7f4:	000a0613          	addi	a2,s4,0
 7f8:	00098593          	addi	a1,s3,0
 7fc:	00048513          	addi	a0,s1,0
 800:	00000097          	auipc	ra,0x0
			800: R_RISCV_CALL	usb_setup.constprop.0
			800: R_RISCV_RELAX	*ABS*
 804:	000080e7          	jalr	ra,0(ra) # 800 <.L57+0x3c>
 808:	14051863          	bne	a0,zero,958 <.L64>
			808: R_RISCV_BRANCH	.L64
 80c:	01000593          	addi	a1,zero,16
 810:	02810513          	addi	a0,sp,40
 814:	00000097          	auipc	ra,0x0
			814: R_RISCV_CALL	zero
			814: R_RISCV_RELAX	*ABS*
 818:	000080e7          	jalr	ra,0(ra) # 814 <.L57+0x50>
 81c:	01200793          	addi	a5,zero,18
 820:	02f10423          	sb	a5,40(sp)
 824:	02400793          	addi	a5,zero,36
 828:	02f10623          	sb	a5,44(sp)
 82c:	02400713          	addi	a4,zero,36
 830:	00100793          	addi	a5,zero,1
 834:	04c10693          	addi	a3,sp,76
 838:	00600613          	addi	a2,zero,6
 83c:	02810593          	addi	a1,sp,40
 840:	00040513          	addi	a0,s0,0
 844:	00000097          	auipc	ra,0x0
			844: R_RISCV_CALL	msc_command
			844: R_RISCV_RELAX	*ABS*
 848:	000080e7          	jalr	ra,0(ra) # 844 <.L57+0x80>
 84c:	1a051c63          	bne	a0,zero,a04 <.L68>
			84c: R_RISCV_BRANCH	.L68
 850:	01000593          	addi	a1,zero,16
 854:	02810513          	addi	a0,sp,40
 858:	00000097          	auipc	ra,0x0
			858: R_RISCV_CALL	zero
			858: R_RISCV_RELAX	*ABS*
 85c:	000080e7          	jalr	ra,0(ra) # 858 <.L57+0x94>
 860:	00100793          	addi	a5,zero,1
 864:	00000713          	addi	a4,zero,0
 868:	00000693          	addi	a3,zero,0
 86c:	00600613          	addi	a2,zero,6
 870:	02810593          	addi	a1,sp,40
 874:	00040513          	addi	a0,s0,0
 878:	02010423          	sb	zero,40(sp)
 87c:	00000097          	auipc	ra,0x0
			87c: R_RISCV_CALL	msc_command
			87c: R_RISCV_RELAX	*ABS*
 880:	000080e7          	jalr	ra,0(ra) # 87c <.L57+0xb8>
 884:	18051063          	bne	a0,zero,a04 <.L68>
			884: R_RISCV_BRANCH	.L68
 888:	01000593          	addi	a1,zero,16
 88c:	02810513          	addi	a0,sp,40
 890:	00000097          	auipc	ra,0x0
			890: R_RISCV_CALL	zero
			890: R_RISCV_RELAX	*ABS*
 894:	000080e7          	jalr	ra,0(ra) # 890 <.L57+0xcc>
 898:	02500793          	addi	a5,zero,37
 89c:	02f10423          	sb	a5,40(sp)
 8a0:	00800713          	addi	a4,zero,8
 8a4:	00100793          	addi	a5,zero,1
 8a8:	02010693          	addi	a3,sp,32
 8ac:	00a00613          	addi	a2,zero,10
 8b0:	02810593          	addi	a1,sp,40
 8b4:	00040513          	addi	a0,s0,0
 8b8:	00000097          	auipc	ra,0x0
			8b8: R_RISCV_CALL	msc_command
			8b8: R_RISCV_RELAX	*ABS*
 8bc:	000080e7          	jalr	ra,0(ra) # 8b8 <.L57+0xf4>
 8c0:	14051263          	bne	a0,zero,a04 <.L68>
			8c0: R_RISCV_BRANCH	.L68
 8c4:	02014783          	lbu	a5,32(sp)
 8c8:	02114703          	lbu	a4,33(sp)
 8cc:	02514683          	lbu	a3,37(sp)
 8d0:	01879793          	slli	a5,a5,0x18
 8d4:	01071713          	slli	a4,a4,0x10
 8d8:	00e7e7b3          	or	a5,a5,a4
 8dc:	02314703          	lbu	a4,35(sp)
 8e0:	01069693          	slli	a3,a3,0x10
 8e4:	00e7e7b3          	or	a5,a5,a4
 8e8:	02214703          	lbu	a4,34(sp)
 8ec:	00871713          	slli	a4,a4,0x8
 8f0:	00e7e7b3          	or	a5,a5,a4
 8f4:	02414703          	lbu	a4,36(sp)
 8f8:	01871713          	slli	a4,a4,0x18
 8fc:	00d76733          	or	a4,a4,a3
 900:	02714683          	lbu	a3,39(sp)
 904:	00d76733          	or	a4,a4,a3
 908:	02614683          	lbu	a3,38(sp)
 90c:	00869693          	slli	a3,a3,0x8
 910:	00d76733          	or	a4,a4,a3
 914:	fff70613          	addi	a2,a4,-1
 918:	000016b7          	lui	a3,0x1
 91c:	0ed67263          	bgeu	a2,a3,a00 <.L63>
			91c: R_RISCV_BRANCH	.L63
 920:	00178693          	addi	a3,a5,1
 924:	00f6b7b3          	sltu	a5,a3,a5
 928:	02e42623          	sw	a4,44(s0)
 92c:	00e42023          	sw	a4,0(s0)
 930:	02f42a23          	sw	a5,52(s0)
 934:	00f42623          	sw	a5,12(s0)
 938:	00092783          	lw	a5,0(s2)
 93c:	02d42823          	sw	a3,48(s0)
 940:	00d42423          	sw	a3,8(s0)
 944:	00842823          	sw	s0,16(s0)
 948:	01642a23          	sw	s6,20(s0)
 94c:	01742c23          	sw	s7,24(s0)
 950:	00178793          	addi	a5,a5,1
 954:	00f92023          	sw	a5,0(s2)

00000958 <.L64>:
 958:	001a8a93          	addi	s5,s5,1
 95c:	bc1ff06f          	jal	zero,51c <.L46>
			95c: R_RISCV_JAL	.L46

00000960 <.L61>:
 960:	17010613          	addi	a2,sp,368
 964:	00d60633          	add	a2,a2,a3
 968:	f0064583          	lbu	a1,-256(a2)
 96c:	f0164e03          	lbu	t3,-255(a2)
 970:	e4befae3          	bgeu	t4,a1,7c4 <.L57>
			970: R_RISCV_BRANCH	.L57
 974:	00b686b3          	add	a3,a3,a1
 978:	e4dc46e3          	blt	s8,a3,7c4 <.L57>
			978: R_RISCV_BRANCH	.L57
 97c:	05ee1263          	bne	t3,t5,9c0 <.L58>
			97c: R_RISCV_BRANCH	.L58
 980:	02b37a63          	bgeu	t1,a1,9b4 <.L59>
			980: R_RISCV_BRANCH	.L59
 984:	f0564583          	lbu	a1,-251(a2)
 988:	00000513          	addi	a0,zero,0
 98c:	02659463          	bne	a1,t1,9b4 <.L59>
			98c: R_RISCV_BRANCH	.L59
 990:	f0664583          	lbu	a1,-250(a2)
 994:	03059063          	bne	a1,a6,9b4 <.L59>
			994: R_RISCV_BRANCH	.L59
 998:	f0764603          	lbu	a2,-249(a2)
 99c:	00761c63          	bne	a2,t2,9b4 <.L59>
			99c: R_RISCV_BRANCH	.L59
 9a0:	17010613          	addi	a2,sp,368
 9a4:	00e60733          	add	a4,a2,a4
 9a8:	f0074703          	lbu	a4,-256(a4)
 9ac:	00100513          	addi	a0,zero,1
 9b0:	02e40423          	sb	a4,40(s0)

000009b4 <.L59>:
 9b4:	01069693          	slli	a3,a3,0x10
 9b8:	0106d693          	srli	a3,a3,0x10
 9bc:	e01ff06f          	jal	zero,7bc <.L56>
			9bc: R_RISCV_JAL	.L56

000009c0 <.L58>:
 9c0:	fffe1ae3          	bne	t3,t6,9b4 <.L59>
			9c0: R_RISCV_BRANCH	.L59
 9c4:	fe0508e3          	beq	a0,zero,9b4 <.L59>
			9c4: R_RISCV_BRANCH	.L59
 9c8:	feb876e3          	bgeu	a6,a1,9b4 <.L59>
			9c8: R_RISCV_BRANCH	.L59
 9cc:	f0364603          	lbu	a2,-253(a2)
 9d0:	00367613          	andi	a2,a2,3
 9d4:	fe5610e3          	bne	a2,t0,9b4 <.L59>
			9d4: R_RISCV_BRANCH	.L59
 9d8:	17010613          	addi	a2,sp,368
 9dc:	00e60733          	add	a4,a2,a4
 9e0:	f0074703          	lbu	a4,-256(a4)
 9e4:	01871613          	slli	a2,a4,0x18
 9e8:	41865613          	srai	a2,a2,0x18
 9ec:	00065663          	bge	a2,zero,9f8 <.L60>
			9ec: R_RISCV_BRANCH	.L60
 9f0:	02e402a3          	sb	a4,37(s0)
 9f4:	fc1ff06f          	jal	zero,9b4 <.L59>
			9f4: R_RISCV_JAL	.L59

000009f8 <.L60>:
 9f8:	02e40323          	sb	a4,38(s0)
 9fc:	fb9ff06f          	jal	zero,9b4 <.L59>
			9fc: R_RISCV_JAL	.L59

00000a00 <.L63>:
 a00:	ffc00513          	addi	a0,zero,-4

00000a04 <.L68>:
 a04:	000007b7          	lui	a5,0x0
			a04: R_RISCV_HI20	.LC3
			a04: R_RISCV_RELAX	*ABS*
 a08:	00078613          	addi	a2,a5,0 # 0 <zero>
			a08: R_RISCV_LO12_I	.LC3
			a08: R_RISCV_RELAX	*ABS*
 a0c:	00050593          	addi	a1,a0,0
 a10:	ba5ff06f          	jal	zero,5b4 <.L90>
			a10: R_RISCV_JAL	.L90

00000a14 <.L52>:
 a14:	000007b7          	lui	a5,0x0
			a14: R_RISCV_HI20	.LC4
			a14: R_RISCV_RELAX	*ABS*
 a18:	00078613          	addi	a2,a5,0 # 0 <zero>
			a18: R_RISCV_LO12_I	.LC4
			a18: R_RISCV_RELAX	*ABS*
 a1c:	b99ff06f          	jal	zero,5b4 <.L90>
			a1c: R_RISCV_JAL	.L90
=== harvos_usb_mmio_hcd.o ===

C:\Users\dennis\Documents\HarvOS\Template_MiSTer-master\build\supervisor\harvos_usb_mmio_hcd.o:     file format elf32-littleriscv


Disassembly of section .text:

00000000 <copy_bytes>:
   0:	00000793          	addi	a5,zero,0

00000004 <.L2>:
   4:	00c79463          	bne	a5,a2,c <.L3>
			4: R_RISCV_BRANCH	.L3
   8:	00008067          	jalr	zero,0(ra)

0000000c <.L3>:
   c:	00f58733          	add	a4,a1,a5
  10:	00074683          	lbu	a3,0(a4)
  14:	00f50733          	add	a4,a0,a5
  18:	00178793          	addi	a5,a5,1
  1c:	00d70023          	sb	a3,0(a4)
  20:	fe5ff06f          	jal	zero,4 <.L2>
			20: R_RISCV_JAL	.L2

00000024 <delay_ms>:
  24:	00008067          	jalr	zero,0(ra)

00000028 <log_noop>:
  28:	00008067          	jalr	zero,0(ra)

0000002c <reset_port>:
  2c:	02059063          	bne	a1,zero,4c <.L8>
			2c: R_RISCV_BRANCH	.L8
  30:	00052783          	lw	a5,0(a0)
  34:	00f00713          	addi	a4,zero,15
  38:	00000513          	addi	a0,zero,0
  3c:	00e7a223          	sw	a4,4(a5)
  40:	01f00713          	addi	a4,zero,31
  44:	00e7a623          	sw	a4,12(a5)
  48:	00008067          	jalr	zero,0(ra)

0000004c <.L8>:
  4c:	ffd00513          	addi	a0,zero,-3
  50:	00008067          	jalr	zero,0(ra)

00000054 <port_connected>:
  54:	02059063          	bne	a1,zero,74 <.L11>
			54: R_RISCV_BRANCH	.L11
  58:	00052783          	lw	a5,0(a0)
  5c:	ffd00513          	addi	a0,zero,-3
  60:	0087a783          	lw	a5,8(a5)
  64:	0807f793          	andi	a5,a5,128
  68:	00078863          	beq	a5,zero,78 <.L9>
			68: R_RISCV_BRANCH	.L9
  6c:	00000513          	addi	a0,zero,0
  70:	00008067          	jalr	zero,0(ra)

00000074 <.L11>:
  74:	ffd00513          	addi	a0,zero,-3

00000078 <.L9>:
  78:	00008067          	jalr	zero,0(ra)

0000007c <start_dma.constprop.0>:
  7c:	00c52783          	lw	a5,12(a0)
  80:	06b7e063          	bltu	a5,a1,e0 <.L17>
			80: R_RISCV_BRANCH	.L17
  84:	00052783          	lw	a5,0(a0)
  88:	01f00713          	addi	a4,zero,31
  8c:	00861613          	slli	a2,a2,0x8
  90:	00e7a823          	sw	a4,16(a5)
  94:	00452703          	lw	a4,4(a0)
  98:	00000693          	addi	a3,zero,0
  9c:	00e7aa23          	sw	a4,20(a5)
  a0:	00c30737          	lui	a4,0xc30
  a4:	00170713          	addi	a4,a4,1 # c30001 <hvs_usb_mmio_hcd_init+0xc2fd19>
  a8:	00b7ac23          	sw	a1,24(a5)
  ac:	00e66633          	or	a2,a2,a4
  b0:	00c7ae23          	sw	a2,28(a5)
  b4:	01052603          	lw	a2,16(a0)

000000b8 <.L15>:
  b8:	00c69663          	bne	a3,a2,c4 <.L16>
			b8: R_RISCV_BRANCH	.L16
  bc:	ffe00513          	addi	a0,zero,-2
  c0:	00008067          	jalr	zero,0(ra)

000000c4 <.L16>:
  c4:	0087a703          	lw	a4,8(a5)
  c8:	40077593          	andi	a1,a4,1024
  cc:	00059e63          	bne	a1,zero,e8 <.L18>
			cc: R_RISCV_BRANCH	.L18
  d0:	20077713          	andi	a4,a4,512
  d4:	00071e63          	bne	a4,zero,f0 <.L19>
			d4: R_RISCV_BRANCH	.L19
  d8:	00168693          	addi	a3,a3,1
  dc:	fddff06f          	jal	zero,b8 <.L15>
			dc: R_RISCV_JAL	.L15

000000e0 <.L17>:
  e0:	ff600513          	addi	a0,zero,-10
  e4:	00008067          	jalr	zero,0(ra)

000000e8 <.L18>:
  e8:	fff00513          	addi	a0,zero,-1
  ec:	00008067          	jalr	zero,0(ra)

000000f0 <.L19>:
  f0:	00000513          	addi	a0,zero,0
  f4:	00008067          	jalr	zero,0(ra)

000000f8 <bulk_transfer>:
  f8:	fe010113          	addi	sp,sp,-32
  fc:	01312623          	sw	s3,12(sp)
 100:	01061613          	slli	a2,a2,0x10
 104:	00078993          	addi	s3,a5,0
 108:	00f037b3          	sltu	a5,zero,a5
 10c:	00f66633          	or	a2,a2,a5
 110:	00052783          	lw	a5,0(a0)
 114:	00812c23          	sw	s0,24(sp)
 118:	00912a23          	sw	s1,20(sp)
 11c:	01212823          	sw	s2,16(sp)
 120:	01412423          	sw	s4,8(sp)
 124:	01512223          	sw	s5,4(sp)
 128:	00112e23          	sw	ra,28(sp)
 12c:	02c7a623          	sw	a2,44(a5)
 130:	00050413          	addi	s0,a0,0
 134:	00068913          	addi	s2,a3,0
 138:	00070493          	addi	s1,a4,0
 13c:	00088a93          	addi	s5,a7,0
 140:	06900a13          	addi	s4,zero,105
 144:	02099263          	bne	s3,zero,168 <.L21>
			144: R_RISCV_BRANCH	.L21
 148:	0e100a13          	addi	s4,zero,225
 14c:	00068e63          	beq	a3,zero,168 <.L21>
			14c: R_RISCV_BRANCH	.L21
 150:	00070c63          	beq	a4,zero,168 <.L21>
			150: R_RISCV_BRANCH	.L21
 154:	00852503          	lw	a0,8(a0)
 158:	00070613          	addi	a2,a4,0
 15c:	00068593          	addi	a1,a3,0
 160:	00000097          	auipc	ra,0x0
			160: R_RISCV_CALL	copy_bytes
			160: R_RISCV_RELAX	*ABS*
 164:	000080e7          	jalr	ra,0(ra) # 160 <bulk_transfer+0x68>

00000168 <.L21>:
 168:	000a0613          	addi	a2,s4,0
 16c:	00048593          	addi	a1,s1,0
 170:	00040513          	addi	a0,s0,0
 174:	00000097          	auipc	ra,0x0
			174: R_RISCV_CALL	start_dma.constprop.0
			174: R_RISCV_RELAX	*ABS*
 178:	000080e7          	jalr	ra,0(ra) # 174 <.L21+0xc>
 17c:	00050a13          	addi	s4,a0,0
 180:	02051a63          	bne	a0,zero,1b4 <.L20>
			180: R_RISCV_BRANCH	.L20
 184:	02098063          	beq	s3,zero,1a4 <.L23>
			184: R_RISCV_BRANCH	.L23
 188:	00090e63          	beq	s2,zero,1a4 <.L23>
			188: R_RISCV_BRANCH	.L23
 18c:	00048c63          	beq	s1,zero,1a4 <.L23>
			18c: R_RISCV_BRANCH	.L23
 190:	00842583          	lw	a1,8(s0)
 194:	00048613          	addi	a2,s1,0
 198:	00090513          	addi	a0,s2,0
 19c:	00000097          	auipc	ra,0x0
			19c: R_RISCV_CALL	copy_bytes
			19c: R_RISCV_RELAX	*ABS*
 1a0:	000080e7          	jalr	ra,0(ra) # 19c <.L21+0x34>

000001a4 <.L23>:
 1a4:	000a8863          	beq	s5,zero,1b4 <.L20>
			1a4: R_RISCV_BRANCH	.L20
 1a8:	00042783          	lw	a5,0(s0)
 1ac:	0287a783          	lw	a5,40(a5)
 1b0:	00faa023          	sw	a5,0(s5)

000001b4 <.L20>:
 1b4:	01c12083          	lw	ra,28(sp)
 1b8:	01812403          	lw	s0,24(sp)
 1bc:	01412483          	lw	s1,20(sp)
 1c0:	01012903          	lw	s2,16(sp)
 1c4:	00c12983          	lw	s3,12(sp)
 1c8:	00412a83          	lw	s5,4(sp)
 1cc:	000a0513          	addi	a0,s4,0
 1d0:	00812a03          	lw	s4,8(sp)
 1d4:	02010113          	addi	sp,sp,32
 1d8:	00008067          	jalr	zero,0(ra)

000001dc <control_transfer>:
 1dc:	fe010113          	addi	sp,sp,-32
 1e0:	00812c23          	sw	s0,24(sp)
 1e4:	01212823          	sw	s2,16(sp)
 1e8:	00078413          	addi	s0,a5,0
 1ec:	00070913          	addi	s2,a4,0
 1f0:	0016c783          	lbu	a5,1(a3)
 1f4:	0036c703          	lbu	a4,3(a3)
 1f8:	00912a23          	sw	s1,20(sp)
 1fc:	01879793          	slli	a5,a5,0x18
 200:	01071713          	slli	a4,a4,0x10
 204:	00e7e7b3          	or	a5,a5,a4
 208:	0006c703          	lbu	a4,0(a3)
 20c:	00050493          	addi	s1,a0,0
 210:	01412423          	sw	s4,8(sp)
 214:	00e7e7b3          	or	a5,a5,a4
 218:	0026c703          	lbu	a4,2(a3)
 21c:	00112e23          	sw	ra,28(sp)
 220:	01312623          	sw	s3,12(sp)
 224:	00871713          	slli	a4,a4,0x8
 228:	00e7e7b3          	or	a5,a5,a4
 22c:	00052703          	lw	a4,0(a0)
 230:	00852503          	lw	a0,8(a0)
 234:	00080a13          	addi	s4,a6,0
 238:	00068593          	addi	a1,a3,0
 23c:	02f72623          	sw	a5,44(a4)
 240:	00800613          	addi	a2,zero,8
 244:	00000097          	auipc	ra,0x0
			244: R_RISCV_CALL	copy_bytes
			244: R_RISCV_RELAX	*ABS*
 248:	000080e7          	jalr	ra,0(ra) # 244 <control_transfer+0x68>
 24c:	080a1263          	bne	s4,zero,2d0 <.L42>
			24c: R_RISCV_BRANCH	.L42
 250:	08090063          	beq	s2,zero,2d0 <.L42>
			250: R_RISCV_BRANCH	.L42
 254:	00800593          	addi	a1,zero,8
 258:	00040e63          	beq	s0,zero,274 <.L43>
			258: R_RISCV_BRANCH	.L43
 25c:	0084a503          	lw	a0,8(s1)
 260:	00090593          	addi	a1,s2,0
 264:	00040613          	addi	a2,s0,0
 268:	00000097          	auipc	ra,0x0
			268: R_RISCV_CALL	copy_bytes
			268: R_RISCV_RELAX	*ABS*
 26c:	000080e7          	jalr	ra,0(ra) # 268 <control_transfer+0x8c>
 270:	00040593          	addi	a1,s0,0

00000274 <.L43>:
 274:	02d00613          	addi	a2,zero,45
 278:	00048513          	addi	a0,s1,0
 27c:	00000097          	auipc	ra,0x0
			27c: R_RISCV_CALL	start_dma.constprop.0
			27c: R_RISCV_RELAX	*ABS*
 280:	000080e7          	jalr	ra,0(ra) # 27c <.L43+0x8>
 284:	00050993          	addi	s3,a0,0
 288:	04051c63          	bne	a0,zero,2e0 <.L47>
			288: R_RISCV_BRANCH	.L47
 28c:	020a0063          	beq	s4,zero,2ac <.L41>
			28c: R_RISCV_BRANCH	.L41
 290:	00090e63          	beq	s2,zero,2ac <.L41>
			290: R_RISCV_BRANCH	.L41
 294:	00040c63          	beq	s0,zero,2ac <.L41>
			294: R_RISCV_BRANCH	.L41
 298:	0084a583          	lw	a1,8(s1)
 29c:	00040613          	addi	a2,s0,0
 2a0:	00090513          	addi	a0,s2,0
 2a4:	00000097          	auipc	ra,0x0
			2a4: R_RISCV_CALL	copy_bytes
			2a4: R_RISCV_RELAX	*ABS*
 2a8:	000080e7          	jalr	ra,0(ra) # 2a4 <.L43+0x30>

000002ac <.L41>:
 2ac:	01c12083          	lw	ra,28(sp)
 2b0:	01812403          	lw	s0,24(sp)
 2b4:	01412483          	lw	s1,20(sp)
 2b8:	01012903          	lw	s2,16(sp)
 2bc:	00812a03          	lw	s4,8(sp)
 2c0:	00098513          	addi	a0,s3,0
 2c4:	00c12983          	lw	s3,12(sp)
 2c8:	02010113          	addi	sp,sp,32
 2cc:	00008067          	jalr	zero,0(ra)

000002d0 <.L42>:
 2d0:	00040593          	addi	a1,s0,0
 2d4:	fa0410e3          	bne	s0,zero,274 <.L43>
			2d4: R_RISCV_BRANCH	.L43
 2d8:	00800593          	addi	a1,zero,8
 2dc:	f99ff06f          	jal	zero,274 <.L43>
			2dc: R_RISCV_JAL	.L43

000002e0 <.L47>:
 2e0:	fff00993          	addi	s3,zero,-1
 2e4:	fc9ff06f          	jal	zero,2ac <.L41>
			2e4: R_RISCV_JAL	.L41

000002e8 <hvs_usb_mmio_hcd_init>:
 2e8:	00e52623          	sw	a4,12(a0)
 2ec:	00018737          	lui	a4,0x18
 2f0:	6a070713          	addi	a4,a4,1696 # 186a0 <hvs_usb_mmio_hcd_init+0x183b8>
 2f4:	00b52023          	sw	a1,0(a0)
 2f8:	00c52223          	sw	a2,4(a0)
 2fc:	00d52423          	sw	a3,8(a0)
 300:	00e52823          	sw	a4,16(a0)
 304:	00f00713          	addi	a4,zero,15
 308:	00e5a223          	sw	a4,4(a1)
 30c:	00300713          	addi	a4,zero,3
 310:	02e5ac23          	sw	a4,56(a1)
 314:	00000637          	lui	a2,0x0
			314: R_RISCV_HI20	.LANCHOR0
			314: R_RISCV_RELAX	*ABS*
 318:	01f00713          	addi	a4,zero,31
 31c:	00e5a623          	sw	a4,12(a1)
 320:	00100693          	addi	a3,zero,1
 324:	00050593          	addi	a1,a0,0
 328:	00060613          	addi	a2,a2,0 # 0 <copy_bytes>
			328: R_RISCV_LO12_I	.LANCHOR0
			328: R_RISCV_RELAX	*ABS*
 32c:	00078513          	addi	a0,a5,0
 330:	00000317          	auipc	t1,0x0
			330: R_RISCV_CALL	hvs_usb_host_init
			330: R_RISCV_RELAX	*ABS*
 334:	00030067          	jalr	zero,0(t1) # 330 <hvs_usb_mmio_hcd_init+0x48>
=== harvos_yaml.o ===

C:\Users\dennis\Documents\HarvOS\Template_MiSTer-master\build\supervisor\harvos_yaml.o:     file format elf32-littleriscv


Disassembly of section .text:

00000000 <copy_token.part.0>:
   0:	fff58593          	addi	a1,a1,-1
   4:	00000793          	addi	a5,zero,0

00000008 <.L2>:
   8:	00f50733          	add	a4,a0,a5
   c:	00b78463          	beq	a5,a1,14 <.L3>
			c: R_RISCV_BRANCH	.L3
  10:	00f69663          	bne	a3,a5,1c <.L4>
			10: R_RISCV_BRANCH	.L4

00000014 <.L3>:
  14:	00070023          	sb	zero,0(a4)
  18:	00008067          	jalr	zero,0(ra)

0000001c <.L4>:
  1c:	00f60833          	add	a6,a2,a5
  20:	00084803          	lbu	a6,0(a6)
  24:	00178793          	addi	a5,a5,1
  28:	01070023          	sb	a6,0(a4)
  2c:	fddff06f          	jal	zero,8 <.L2>
			2c: R_RISCV_JAL	.L2

00000030 <streq_ci>:
  30:	00050693          	addi	a3,a0,0
  34:	00000713          	addi	a4,zero,0
  38:	01900813          	addi	a6,zero,25

0000003c <.L6>:
  3c:	00e687b3          	add	a5,a3,a4
  40:	0007c783          	lbu	a5,0(a5)
  44:	00e58633          	add	a2,a1,a4
  48:	00064503          	lbu	a0,0(a2)
  4c:	00078463          	beq	a5,zero,54 <.L10>
			4c: R_RISCV_BRANCH	.L10
  50:	00051863          	bne	a0,zero,60 <.L11>
			50: R_RISCV_BRANCH	.L11

00000054 <.L10>:
  54:	40a78533          	sub	a0,a5,a0
  58:	00153513          	sltiu	a0,a0,1
  5c:	00008067          	jalr	zero,0(ra)

00000060 <.L11>:
  60:	fbf78613          	addi	a2,a5,-65
  64:	0ff67613          	andi	a2,a2,255
  68:	00c86663          	bltu	a6,a2,74 <.L7>
			68: R_RISCV_BRANCH	.L7
  6c:	02078793          	addi	a5,a5,32
  70:	0ff7f793          	andi	a5,a5,255

00000074 <.L7>:
  74:	fbf50613          	addi	a2,a0,-65
  78:	0ff67613          	andi	a2,a2,255
  7c:	00c86663          	bltu	a6,a2,88 <.L8>
			7c: R_RISCV_BRANCH	.L8
  80:	02050513          	addi	a0,a0,32
  84:	0ff57513          	andi	a0,a0,255

00000088 <.L8>:
  88:	00f51663          	bne	a0,a5,94 <.L12>
			88: R_RISCV_BRANCH	.L12
  8c:	00170713          	addi	a4,a4,1
  90:	fadff06f          	jal	zero,3c <.L6>
			90: R_RISCV_JAL	.L6

00000094 <.L12>:
  94:	00000513          	addi	a0,zero,0
  98:	00008067          	jalr	zero,0(ra)

0000009c <service_bit>:
  9c:	fd010113          	addi	sp,sp,-48
  a0:	40a586b3          	sub	a3,a1,a0
  a4:	02912223          	sw	s1,36(sp)
  a8:	01800593          	addi	a1,zero,24
  ac:	00060493          	addi	s1,a2,0
  b0:	00050613          	addi	a2,a0,0
  b4:	00810513          	addi	a0,sp,8
  b8:	02112623          	sw	ra,44(sp)
  bc:	02812423          	sw	s0,40(sp)
  c0:	00000097          	auipc	ra,0x0
			c0: R_RISCV_CALL	copy_token.part.0
			c0: R_RISCV_RELAX	*ABS*
  c4:	000080e7          	jalr	ra,0(ra) # c0 <service_bit+0x24>
  c8:	000005b7          	lui	a1,0x0
			c8: R_RISCV_HI20	.LC0
			c8: R_RISCV_RELAX	*ABS*
  cc:	00058593          	addi	a1,a1,0 # 0 <copy_token.part.0>
			cc: R_RISCV_LO12_I	.LC0
			cc: R_RISCV_RELAX	*ABS*
  d0:	00810513          	addi	a0,sp,8
  d4:	00000097          	auipc	ra,0x0
			d4: R_RISCV_CALL	streq_ci
			d4: R_RISCV_RELAX	*ABS*
  d8:	000080e7          	jalr	ra,0(ra) # d4 <service_bit+0x38>
  dc:	00100793          	addi	a5,zero,1
  e0:	08051063          	bne	a0,zero,160 <.L25>
			e0: R_RISCV_BRANCH	.L25
  e4:	000005b7          	lui	a1,0x0
			e4: R_RISCV_HI20	.LC1
			e4: R_RISCV_RELAX	*ABS*
  e8:	00050413          	addi	s0,a0,0
  ec:	00058593          	addi	a1,a1,0 # 0 <copy_token.part.0>
			ec: R_RISCV_LO12_I	.LC1
			ec: R_RISCV_RELAX	*ABS*
  f0:	00810513          	addi	a0,sp,8
  f4:	00000097          	auipc	ra,0x0
			f4: R_RISCV_CALL	streq_ci
			f4: R_RISCV_RELAX	*ABS*
  f8:	000080e7          	jalr	ra,0(ra) # f4 <service_bit+0x58>
  fc:	00200793          	addi	a5,zero,2
 100:	08051e63          	bne	a0,zero,19c <.L26>
			100: R_RISCV_BRANCH	.L26
 104:	000005b7          	lui	a1,0x0
			104: R_RISCV_HI20	.LC2
			104: R_RISCV_RELAX	*ABS*
 108:	00058593          	addi	a1,a1,0 # 0 <copy_token.part.0>
			108: R_RISCV_LO12_I	.LC2
			108: R_RISCV_RELAX	*ABS*
 10c:	00810513          	addi	a0,sp,8
 110:	00000097          	auipc	ra,0x0
			110: R_RISCV_CALL	streq_ci
			110: R_RISCV_RELAX	*ABS*
 114:	000080e7          	jalr	ra,0(ra) # 110 <service_bit+0x74>
 118:	00050413          	addi	s0,a0,0
 11c:	00400793          	addi	a5,zero,4
 120:	04051063          	bne	a0,zero,160 <.L25>
			120: R_RISCV_BRANCH	.L25
 124:	000005b7          	lui	a1,0x0
			124: R_RISCV_HI20	.LC3
			124: R_RISCV_RELAX	*ABS*
 128:	00058593          	addi	a1,a1,0 # 0 <copy_token.part.0>
			128: R_RISCV_LO12_I	.LC3
			128: R_RISCV_RELAX	*ABS*
 12c:	00810513          	addi	a0,sp,8
 130:	00000097          	auipc	ra,0x0
			130: R_RISCV_CALL	streq_ci
			130: R_RISCV_RELAX	*ABS*
 134:	000080e7          	jalr	ra,0(ra) # 130 <service_bit+0x94>
 138:	00800793          	addi	a5,zero,8
 13c:	06051063          	bne	a0,zero,19c <.L26>
			13c: R_RISCV_BRANCH	.L26
 140:	000005b7          	lui	a1,0x0
			140: R_RISCV_HI20	.LC4
			140: R_RISCV_RELAX	*ABS*
 144:	00058593          	addi	a1,a1,0 # 0 <copy_token.part.0>
			144: R_RISCV_LO12_I	.LC4
			144: R_RISCV_RELAX	*ABS*
 148:	00810513          	addi	a0,sp,8
 14c:	00000097          	auipc	ra,0x0
			14c: R_RISCV_CALL	streq_ci
			14c: R_RISCV_RELAX	*ABS*
 150:	000080e7          	jalr	ra,0(ra) # 14c <service_bit+0xb0>
 154:	00050413          	addi	s0,a0,0
 158:	02050463          	beq	a0,zero,180 <.L22>
			158: R_RISCV_BRANCH	.L22
 15c:	01000793          	addi	a5,zero,16

00000160 <.L25>:
 160:	00f4a023          	sw	a5,0(s1)
 164:	00000413          	addi	s0,zero,0

00000168 <.L16>:
 168:	02c12083          	lw	ra,44(sp)
 16c:	00040513          	addi	a0,s0,0
 170:	02812403          	lw	s0,40(sp)
 174:	02412483          	lw	s1,36(sp)
 178:	03010113          	addi	sp,sp,48
 17c:	00008067          	jalr	zero,0(ra)

00000180 <.L22>:
 180:	000005b7          	lui	a1,0x0
			180: R_RISCV_HI20	.LC5
			180: R_RISCV_RELAX	*ABS*
 184:	00058593          	addi	a1,a1,0 # 0 <copy_token.part.0>
			184: R_RISCV_LO12_I	.LC5
			184: R_RISCV_RELAX	*ABS*
 188:	00810513          	addi	a0,sp,8
 18c:	00000097          	auipc	ra,0x0
			18c: R_RISCV_CALL	streq_ci
			18c: R_RISCV_RELAX	*ABS*
 190:	000080e7          	jalr	ra,0(ra) # 18c <.L22+0xc>
 194:	00050863          	beq	a0,zero,1a4 <.L23>
			194: R_RISCV_BRANCH	.L23
 198:	02000793          	addi	a5,zero,32

0000019c <.L26>:
 19c:	00f4a023          	sw	a5,0(s1)
 1a0:	fc9ff06f          	jal	zero,168 <.L16>
			1a0: R_RISCV_JAL	.L16

000001a4 <.L23>:
 1a4:	ffa00413          	addi	s0,zero,-6
 1a8:	fc1ff06f          	jal	zero,168 <.L16>
			1a8: R_RISCV_JAL	.L16

000001ac <trim>:
 1ac:	02000693          	addi	a3,zero,32
 1b0:	00d00613          	addi	a2,zero,13

000001b4 <.L28>:
 1b4:	00052783          	lw	a5,0(a0)
 1b8:	0005a703          	lw	a4,0(a1)
 1bc:	04e7f063          	bgeu	a5,a4,1fc <.L29>
			1bc: R_RISCV_BRANCH	.L29
 1c0:	0007c703          	lbu	a4,0(a5)
 1c4:	00d70463          	beq	a4,a3,1cc <.L30>
			1c4: R_RISCV_BRANCH	.L30
 1c8:	02c71a63          	bne	a4,a2,1fc <.L29>
			1c8: R_RISCV_BRANCH	.L29

000001cc <.L30>:
 1cc:	00178793          	addi	a5,a5,1
 1d0:	00f52023          	sw	a5,0(a0)
 1d4:	fe1ff06f          	jal	zero,1b4 <.L28>
			1d4: R_RISCV_JAL	.L28

000001d8 <.L33>:
 1d8:	fff78793          	addi	a5,a5,-1
 1dc:	00f5a023          	sw	a5,0(a1)

000001e0 <.L31>:
 1e0:	0005a783          	lw	a5,0(a1)
 1e4:	00052703          	lw	a4,0(a0)
 1e8:	00f77863          	bgeu	a4,a5,1f8 <.L27>
			1e8: R_RISCV_BRANCH	.L27
 1ec:	fff7c703          	lbu	a4,-1(a5)
 1f0:	fec704e3          	beq	a4,a2,1d8 <.L33>
			1f0: R_RISCV_BRANCH	.L33
 1f4:	fed702e3          	beq	a4,a3,1d8 <.L33>
			1f4: R_RISCV_BRANCH	.L33

000001f8 <.L27>:
 1f8:	00008067          	jalr	zero,0(ra)

000001fc <.L29>:
 1fc:	02000613          	addi	a2,zero,32
 200:	00d00693          	addi	a3,zero,13
 204:	fddff06f          	jal	zero,1e0 <.L31>
			204: R_RISCV_JAL	.L31

00000208 <hvs_yaml_parse_app_config>:
 208:	fff58713          	addi	a4,a1,-1
 20c:	000017b7          	lui	a5,0x1
 210:	4ef77a63          	bgeu	a4,a5,704 <.L90>
			210: R_RISCV_BRANCH	.L90
 214:	f7010113          	addi	sp,sp,-144
 218:	08812423          	sw	s0,136(sp)
 21c:	09212023          	sw	s2,128(sp)
 220:	07312e23          	sw	s3,124(sp)
 224:	07412c23          	sw	s4,120(sp)
 228:	00050993          	addi	s3,a0,0
 22c:	00060a13          	addi	s4,a2,0
 230:	00068413          	addi	s0,a3,0
 234:	08112623          	sw	ra,140(sp)
 238:	08912223          	sw	s1,132(sp)
 23c:	07512a23          	sw	s5,116(sp)
 240:	07612823          	sw	s6,112(sp)
 244:	07712623          	sw	s7,108(sp)
 248:	07812423          	sw	s8,104(sp)
 24c:	07912223          	sw	s9,100(sp)
 250:	07a12023          	sw	s10,96(sp)
 254:	05b12e23          	sw	s11,92(sp)
 258:	00000913          	addi	s2,zero,0
 25c:	00900693          	addi	a3,zero,9
 260:	06000613          	addi	a2,zero,96
 264:	01f00513          	addi	a0,zero,31
 268:	00a00813          	addi	a6,zero,10
 26c:	00d00893          	addi	a7,zero,13

00000270 <.L39>:
 270:	012987b3          	add	a5,s3,s2
 274:	0007c783          	lbu	a5,0(a5) # 1000 <.L71+0x874>
 278:	04d79263          	bne	a5,a3,2bc <.L36>
			278: R_RISCV_BRANCH	.L36

0000027c <.L37>:
 27c:	ff800513          	addi	a0,zero,-8

00000280 <.L34>:
 280:	08c12083          	lw	ra,140(sp)
 284:	08812403          	lw	s0,136(sp)
 288:	08412483          	lw	s1,132(sp)
 28c:	08012903          	lw	s2,128(sp)
 290:	07c12983          	lw	s3,124(sp)
 294:	07812a03          	lw	s4,120(sp)
 298:	07412a83          	lw	s5,116(sp)
 29c:	07012b03          	lw	s6,112(sp)
 2a0:	06c12b83          	lw	s7,108(sp)
 2a4:	06812c03          	lw	s8,104(sp)
 2a8:	06412c83          	lw	s9,100(sp)
 2ac:	06012d03          	lw	s10,96(sp)
 2b0:	05c12d83          	lw	s11,92(sp)
 2b4:	09010113          	addi	sp,sp,144
 2b8:	00008067          	jalr	zero,0(ra)

000002bc <.L36>:
 2bc:	fda78713          	addi	a4,a5,-38
 2c0:	0fb77713          	andi	a4,a4,251
 2c4:	fa070ce3          	beq	a4,zero,27c <.L37>
			2c4: R_RISCV_BRANCH	.L37
 2c8:	f8578713          	addi	a4,a5,-123
 2cc:	0fd77713          	andi	a4,a4,253
 2d0:	fa0706e3          	beq	a4,zero,27c <.L37>
			2d0: R_RISCV_BRANCH	.L37
 2d4:	fac784e3          	beq	a5,a2,27c <.L37>
			2d4: R_RISCV_BRANCH	.L37
 2d8:	00f56663          	bltu	a0,a5,2e4 <.L38>
			2d8: R_RISCV_BRANCH	.L38
 2dc:	01078463          	beq	a5,a6,2e4 <.L38>
			2dc: R_RISCV_BRANCH	.L38
 2e0:	19179c63          	bne	a5,a7,478 <.L91>
			2e0: R_RISCV_BRANCH	.L91

000002e4 <.L38>:
 2e4:	00190913          	addi	s2,s2,1
 2e8:	f92594e3          	bne	a1,s2,270 <.L39>
			2e8: R_RISCV_BRANCH	.L39
 2ec:	02c40713          	addi	a4,s0,44
 2f0:	00040793          	addi	a5,s0,0

000002f4 <.L40>:
 2f4:	0cf71663          	bne	a4,a5,3c0 <.L41>
			2f4: R_RISCV_BRANCH	.L41
 2f8:	80080ab7          	lui	s5,0x80080
 2fc:	00000b93          	addi	s7,zero,0
 300:	00000b13          	addi	s6,zero,0
 304:	00000493          	addi	s1,zero,0
 308:	00000db7          	lui	s11,0x0
			308: R_RISCV_HI20	.LC9
			308: R_RISCV_RELAX	*ABS*
 30c:	001a8a93          	addi	s5,s5,1 # 80080001 <.L71+0x8007f875>

00000310 <.L86>:
 310:	009986b3          	add	a3,s3,s1
 314:	00a00613          	addi	a2,zero,10

00000318 <.L42>:
 318:	009987b3          	add	a5,s3,s1
 31c:	0124f863          	bgeu	s1,s2,32c <.L43>
			31c: R_RISCV_BRANCH	.L43
 320:	0007c583          	lbu	a1,0(a5)
 324:	00148493          	addi	s1,s1,1
 328:	fec598e3          	bne	a1,a2,318 <.L42>
			328: R_RISCV_BRANCH	.L42

0000032c <.L43>:
 32c:	01c10593          	addi	a1,sp,28
 330:	01810513          	addi	a0,sp,24
 334:	00d12c23          	sw	a3,24(sp)
 338:	00f12e23          	sw	a5,28(sp)
 33c:	00000097          	auipc	ra,0x0
			33c: R_RISCV_CALL	trim
			33c: R_RISCV_RELAX	*ABS*
 340:	000080e7          	jalr	ra,0(ra) # 33c <.L43+0x10>
 344:	01812783          	lw	a5,24(sp)
 348:	01c12683          	lw	a3,28(sp)
 34c:	06d78263          	beq	a5,a3,3b0 <.L85>
			34c: R_RISCV_BRANCH	.L85
 350:	0007c603          	lbu	a2,0(a5)
 354:	02300593          	addi	a1,zero,35
 358:	04b60c63          	beq	a2,a1,3b0 <.L85>
			358: R_RISCV_BRANCH	.L85
 35c:	060b8863          	beq	s7,zero,3cc <.L46>
			35c: R_RISCV_BRANCH	.L46
 360:	06d7f663          	bgeu	a5,a3,3cc <.L46>
			360: R_RISCV_BRANCH	.L46
 364:	02d00593          	addi	a1,zero,45
 368:	06b61263          	bne	a2,a1,3cc <.L46>
			368: R_RISCV_BRANCH	.L46
 36c:	00178793          	addi	a5,a5,1
 370:	02410593          	addi	a1,sp,36
 374:	02010513          	addi	a0,sp,32
 378:	02f12023          	sw	a5,32(sp)
 37c:	02d12223          	sw	a3,36(sp)
 380:	00000097          	auipc	ra,0x0
			380: R_RISCV_CALL	trim
			380: R_RISCV_RELAX	*ABS*
 384:	000080e7          	jalr	ra,0(ra) # 380 <.L43+0x54>
 388:	02412583          	lw	a1,36(sp)
 38c:	02012503          	lw	a0,32(sp)
 390:	03810613          	addi	a2,sp,56
 394:	00000097          	auipc	ra,0x0
			394: R_RISCV_CALL	service_bit
			394: R_RISCV_RELAX	*ABS*
 398:	000080e7          	jalr	ra,0(ra) # 394 <.L43+0x68>
 39c:	ee0512e3          	bne	a0,zero,280 <.L34>
			39c: R_RISCV_BRANCH	.L34
 3a0:	02042783          	lw	a5,32(s0)
 3a4:	03812683          	lw	a3,56(sp)
 3a8:	00d7e7b3          	or	a5,a5,a3
 3ac:	02f42023          	sw	a5,32(s0)

000003b0 <.L85>:
 3b0:	f724e0e3          	bltu	s1,s2,310 <.L86>
			3b0: R_RISCV_BRANCH	.L86
 3b4:	320b1c63          	bne	s6,zero,6ec <.L125>
			3b4: R_RISCV_BRANCH	.L125
 3b8:	00000693          	addi	a3,zero,0
 3bc:	3080006f          	jal	zero,6c4 <.L87>
			3bc: R_RISCV_JAL	.L87

000003c0 <.L41>:
 3c0:	00178793          	addi	a5,a5,1
 3c4:	fe078fa3          	sb	zero,-1(a5)
 3c8:	f2dff06f          	jal	zero,2f4 <.L40>
			3c8: R_RISCV_JAL	.L40

000003cc <.L46>:
 3cc:	03a00713          	addi	a4,zero,58

000003d0 <.L50>:
 3d0:	0ad7f263          	bgeu	a5,a3,474 <.L49>
			3d0: R_RISCV_BRANCH	.L49
 3d4:	0007c603          	lbu	a2,0(a5)
 3d8:	00178593          	addi	a1,a5,1
 3dc:	08e61863          	bne	a2,a4,46c <.L92>
			3dc: R_RISCV_BRANCH	.L92

000003e0 <.L51>:
 3e0:	00178713          	addi	a4,a5,1
 3e4:	01c10593          	addi	a1,sp,28
 3e8:	01810513          	addi	a0,sp,24
 3ec:	00f12e23          	sw	a5,28(sp)
 3f0:	02e12023          	sw	a4,32(sp)
 3f4:	02d12223          	sw	a3,36(sp)
 3f8:	00000097          	auipc	ra,0x0
			3f8: R_RISCV_CALL	trim
			3f8: R_RISCV_RELAX	*ABS*
 3fc:	000080e7          	jalr	ra,0(ra) # 3f8 <.L51+0x18>
 400:	02410593          	addi	a1,sp,36
 404:	02010513          	addi	a0,sp,32
 408:	00000097          	auipc	ra,0x0
			408: R_RISCV_CALL	trim
			408: R_RISCV_RELAX	*ABS*
 40c:	000080e7          	jalr	ra,0(ra) # 408 <.L51+0x28>
 410:	01812603          	lw	a2,24(sp)
 414:	01c12683          	lw	a3,28(sp)
 418:	01800593          	addi	a1,zero,24
 41c:	03810513          	addi	a0,sp,56
 420:	40c686b3          	sub	a3,a3,a2
 424:	00000097          	auipc	ra,0x0
			424: R_RISCV_CALL	copy_token.part.0
			424: R_RISCV_RELAX	*ABS*
 428:	000080e7          	jalr	ra,0(ra) # 424 <.L51+0x44>
 42c:	000007b7          	lui	a5,0x0
			42c: R_RISCV_HI20	.LC6
			42c: R_RISCV_RELAX	*ABS*
 430:	00078593          	addi	a1,a5,0 # 0 <copy_token.part.0>
			430: R_RISCV_LO12_I	.LC6
			430: R_RISCV_RELAX	*ABS*
 434:	03810513          	addi	a0,sp,56
 438:	00000097          	auipc	ra,0x0
			438: R_RISCV_CALL	streq_ci
			438: R_RISCV_RELAX	*ABS*
 43c:	000080e7          	jalr	ra,0(ra) # 438 <.L51+0x58>
 440:	04050063          	beq	a0,zero,480 <.L52>
			440: R_RISCV_BRANCH	.L52
 444:	02012603          	lw	a2,32(sp)
 448:	02412683          	lw	a3,36(sp)
 44c:	02000593          	addi	a1,zero,32
 450:	00040513          	addi	a0,s0,0
 454:	40c686b3          	sub	a3,a3,a2
 458:	00000097          	auipc	ra,0x0
			458: R_RISCV_CALL	copy_token.part.0
			458: R_RISCV_RELAX	*ABS*
 45c:	000080e7          	jalr	ra,0(ra) # 458 <.L51+0x78>
 460:	00000b93          	addi	s7,zero,0
 464:	00100b13          	addi	s6,zero,1
 468:	f49ff06f          	jal	zero,3b0 <.L85>
			468: R_RISCV_JAL	.L85

0000046c <.L92>:
 46c:	00058793          	addi	a5,a1,0
 470:	f61ff06f          	jal	zero,3d0 <.L50>
			470: R_RISCV_JAL	.L50

00000474 <.L49>:
 474:	f6f696e3          	bne	a3,a5,3e0 <.L51>
			474: R_RISCV_BRANCH	.L51

00000478 <.L91>:
 478:	ffa00513          	addi	a0,zero,-6
 47c:	e05ff06f          	jal	zero,280 <.L34>
			47c: R_RISCV_JAL	.L34

00000480 <.L52>:
 480:	000007b7          	lui	a5,0x0
			480: R_RISCV_HI20	.LC7
			480: R_RISCV_RELAX	*ABS*
 484:	00078593          	addi	a1,a5,0 # 0 <copy_token.part.0>
			484: R_RISCV_LO12_I	.LC7
			484: R_RISCV_RELAX	*ABS*
 488:	03810513          	addi	a0,sp,56
 48c:	00000097          	auipc	ra,0x0
			48c: R_RISCV_CALL	streq_ci
			48c: R_RISCV_RELAX	*ABS*
 490:	000080e7          	jalr	ra,0(ra) # 48c <.L52+0xc>
 494:	0a050463          	beq	a0,zero,53c <.L54>
			494: R_RISCV_BRANCH	.L54
 498:	02012c83          	lw	s9,32(sp)
 49c:	02412c03          	lw	s8,36(sp)
 4a0:	218c8c63          	beq	s9,s8,6b8 <.L94>
			4a0: R_RISCV_BRANCH	.L94
 4a4:	098cf063          	bgeu	s9,s8,524 <.L95>
			4a4: R_RISCV_BRANCH	.L95
 4a8:	000cc603          	lbu	a2,0(s9)
 4ac:	05b00693          	addi	a3,zero,91
 4b0:	00000b93          	addi	s7,zero,0
 4b4:	00d61663          	bne	a2,a3,4c0 <.L55>
			4b4: R_RISCV_BRANCH	.L55
 4b8:	001c8c93          	addi	s9,s9,1
 4bc:	00100b93          	addi	s7,zero,1

000004c0 <.L55>:
 4c0:	05d00d13          	addi	s10,zero,93
 4c4:	2c80006f          	jal	zero,78c <.L71>
			4c4: R_RISCV_JAL	.L71

000004c8 <.L58>:
 4c8:	001c8c93          	addi	s9,s9,1
 4cc:	259c0063          	beq	s8,s9,70c <.L56>
			4cc: R_RISCV_BRANCH	.L56

000004d0 <.L74>:
 4d0:	000cc683          	lbu	a3,0(s9)
 4d4:	ff368693          	addi	a3,a3,-13
 4d8:	0ff6f693          	andi	a3,a3,255
 4dc:	00d66863          	bltu	a2,a3,4ec <.L57>
			4dc: R_RISCV_BRANCH	.L57
 4e0:	00dad6b3          	srl	a3,s5,a3
 4e4:	0016f693          	andi	a3,a3,1
 4e8:	fe0690e3          	bne	a3,zero,4c8 <.L58>
			4e8: R_RISCV_BRANCH	.L58

000004ec <.L57>:
 4ec:	220b8263          	beq	s7,zero,710 <.L59>
			4ec: R_RISCV_BRANCH	.L59
 4f0:	238cfa63          	bgeu	s9,s8,724 <.L60>
			4f0: R_RISCV_BRANCH	.L60
 4f4:	000cc683          	lbu	a3,0(s9)
 4f8:	23a69663          	bne	a3,s10,724 <.L60>
			4f8: R_RISCV_BRANCH	.L60
 4fc:	001c8793          	addi	a5,s9,1
 500:	02000693          	addi	a3,zero,32
 504:	00d00613          	addi	a2,zero,13

00000508 <.L61>:
 508:	0187fc63          	bgeu	a5,s8,520 <.L62>
			508: R_RISCV_BRANCH	.L62
 50c:	0007c703          	lbu	a4,0(a5)
 510:	00d70463          	beq	a4,a3,518 <.L63>
			510: R_RISCV_BRANCH	.L63
 514:	f6c712e3          	bne	a4,a2,478 <.L91>
			514: R_RISCV_BRANCH	.L91

00000518 <.L63>:
 518:	00178793          	addi	a5,a5,1
 51c:	fedff06f          	jal	zero,508 <.L61>
			51c: R_RISCV_JAL	.L61

00000520 <.L62>:
 520:	f4fc1ce3          	bne	s8,a5,478 <.L91>
			520: R_RISCV_BRANCH	.L91

00000524 <.L95>:
 524:	00000b93          	addi	s7,zero,0
 528:	e89ff06f          	jal	zero,3b0 <.L85>
			528: R_RISCV_JAL	.L85

0000052c <.L68>:
 52c:	001c8c93          	addi	s9,s9,1
 530:	1f80006f          	jal	zero,728 <.L66>
			530: R_RISCV_JAL	.L66

00000534 <.L73>:
 534:	e60b8ee3          	beq	s7,zero,3b0 <.L85>
			534: R_RISCV_BRANCH	.L85
 538:	f41ff06f          	jal	zero,478 <.L91>
			538: R_RISCV_JAL	.L91

0000053c <.L54>:
 53c:	000007b7          	lui	a5,0x0
			53c: R_RISCV_HI20	.LC8
			53c: R_RISCV_RELAX	*ABS*
 540:	00078593          	addi	a1,a5,0 # 0 <copy_token.part.0>
			540: R_RISCV_LO12_I	.LC8
			540: R_RISCV_RELAX	*ABS*
 544:	03810513          	addi	a0,sp,56
 548:	00000097          	auipc	ra,0x0
			548: R_RISCV_CALL	streq_ci
			548: R_RISCV_RELAX	*ABS*
 54c:	000080e7          	jalr	ra,0(ra) # 548 <.L54+0xc>
 550:	00051c63          	bne	a0,zero,568 <.L76>
			550: R_RISCV_BRANCH	.L76
 554:	000d8593          	addi	a1,s11,0 # 0 <copy_token.part.0>
			554: R_RISCV_LO12_I	.LC9
			554: R_RISCV_RELAX	*ABS*
 558:	03810513          	addi	a0,sp,56
 55c:	00000097          	auipc	ra,0x0
			55c: R_RISCV_CALL	streq_ci
			55c: R_RISCV_RELAX	*ABS*
 560:	000080e7          	jalr	ra,0(ra) # 55c <.L54+0x20>
 564:	06050663          	beq	a0,zero,5d0 <.L77>
			564: R_RISCV_BRANCH	.L77

00000568 <.L76>:
 568:	02012c03          	lw	s8,32(sp)
 56c:	02412c83          	lw	s9,36(sp)
 570:	f19c04e3          	beq	s8,s9,478 <.L91>
			570: R_RISCV_BRANCH	.L91
 574:	00000b93          	addi	s7,zero,0
 578:	00900d13          	addi	s10,zero,9

0000057c <.L78>:
 57c:	019c6663          	bltu	s8,s9,588 <.L79>
			57c: R_RISCV_BRANCH	.L79
 580:	03742223          	sw	s7,36(s0)
 584:	fa1ff06f          	jal	zero,524 <.L95>
			584: R_RISCV_JAL	.L95

00000588 <.L79>:
 588:	000c4603          	lbu	a2,0(s8)
 58c:	fd060513          	addi	a0,a2,-48
 590:	00c12623          	sw	a2,12(sp)
 594:	0ff57793          	andi	a5,a0,255
 598:	eefd60e3          	bltu	s10,a5,478 <.L91>
			598: R_RISCV_BRANCH	.L91
 59c:	00a00593          	addi	a1,zero,10
 5a0:	fff54513          	xori	a0,a0,-1
 5a4:	00000097          	auipc	ra,0x0
			5a4: R_RISCV_CALL	__udivsi3
			5a4: R_RISCV_RELAX	*ABS*
 5a8:	000080e7          	jalr	ra,0(ra) # 5a4 <.L79+0x1c>
 5ac:	ed7566e3          	bltu	a0,s7,478 <.L91>
			5ac: R_RISCV_BRANCH	.L91
 5b0:	002b9793          	slli	a5,s7,0x2
 5b4:	017787b3          	add	a5,a5,s7
 5b8:	00c12603          	lw	a2,12(sp)
 5bc:	00179793          	slli	a5,a5,0x1
 5c0:	fd078793          	addi	a5,a5,-48
 5c4:	00f60bb3          	add	s7,a2,a5
 5c8:	001c0c13          	addi	s8,s8,1
 5cc:	fb1ff06f          	jal	zero,57c <.L78>
			5cc: R_RISCV_JAL	.L78

000005d0 <.L77>:
 5d0:	000005b7          	lui	a1,0x0
			5d0: R_RISCV_HI20	.LC3
			5d0: R_RISCV_RELAX	*ABS*
 5d4:	00058593          	addi	a1,a1,0 # 0 <copy_token.part.0>
			5d4: R_RISCV_LO12_I	.LC3
			5d4: R_RISCV_RELAX	*ABS*
 5d8:	03810513          	addi	a0,sp,56
 5dc:	00000097          	auipc	ra,0x0
			5dc: R_RISCV_CALL	streq_ci
			5dc: R_RISCV_RELAX	*ABS*
 5e0:	000080e7          	jalr	ra,0(ra) # 5dc <.L77+0xc>
 5e4:	0c050263          	beq	a0,zero,6a8 <.L80>
			5e4: R_RISCV_BRANCH	.L80
 5e8:	02012603          	lw	a2,32(sp)
 5ec:	02412683          	lw	a3,36(sp)
 5f0:	00800593          	addi	a1,zero,8
 5f4:	03010513          	addi	a0,sp,48
 5f8:	40c686b3          	sub	a3,a3,a2
 5fc:	00000097          	auipc	ra,0x0
			5fc: R_RISCV_CALL	copy_token.part.0
			5fc: R_RISCV_RELAX	*ABS*
 600:	000080e7          	jalr	ra,0(ra) # 5fc <.L77+0x2c>
 604:	000005b7          	lui	a1,0x0
			604: R_RISCV_HI20	.LC10
			604: R_RISCV_RELAX	*ABS*
 608:	00058593          	addi	a1,a1,0 # 0 <copy_token.part.0>
			608: R_RISCV_LO12_I	.LC10
			608: R_RISCV_RELAX	*ABS*
 60c:	03010513          	addi	a0,sp,48
 610:	00000097          	auipc	ra,0x0
			610: R_RISCV_CALL	streq_ci
			610: R_RISCV_RELAX	*ABS*
 614:	000080e7          	jalr	ra,0(ra) # 610 <.L77+0x40>
 618:	00050a63          	beq	a0,zero,62c <.L81>
			618: R_RISCV_BRANCH	.L81

0000061c <.L82>:
 61c:	02842783          	lw	a5,40(s0)
 620:	0017e793          	ori	a5,a5,1
 624:	02f42423          	sw	a5,40(s0)
 628:	efdff06f          	jal	zero,524 <.L95>
			628: R_RISCV_JAL	.L95

0000062c <.L81>:
 62c:	000005b7          	lui	a1,0x0
			62c: R_RISCV_HI20	.LC11
			62c: R_RISCV_RELAX	*ABS*
 630:	00058593          	addi	a1,a1,0 # 0 <copy_token.part.0>
			630: R_RISCV_LO12_I	.LC11
			630: R_RISCV_RELAX	*ABS*
 634:	03010513          	addi	a0,sp,48
 638:	00000097          	auipc	ra,0x0
			638: R_RISCV_CALL	streq_ci
			638: R_RISCV_RELAX	*ABS*
 63c:	000080e7          	jalr	ra,0(ra) # 638 <.L81+0xc>
 640:	fc051ee3          	bne	a0,zero,61c <.L82>
			640: R_RISCV_BRANCH	.L82
 644:	000005b7          	lui	a1,0x0
			644: R_RISCV_HI20	.LC12
			644: R_RISCV_RELAX	*ABS*
 648:	00058593          	addi	a1,a1,0 # 0 <copy_token.part.0>
			648: R_RISCV_LO12_I	.LC12
			648: R_RISCV_RELAX	*ABS*
 64c:	03010513          	addi	a0,sp,48
 650:	00000097          	auipc	ra,0x0
			650: R_RISCV_CALL	streq_ci
			650: R_RISCV_RELAX	*ABS*
 654:	000080e7          	jalr	ra,0(ra) # 650 <.L81+0x24>
 658:	fc0512e3          	bne	a0,zero,61c <.L82>
			658: R_RISCV_BRANCH	.L82
 65c:	000005b7          	lui	a1,0x0
			65c: R_RISCV_HI20	.LC13
			65c: R_RISCV_RELAX	*ABS*
 660:	00058593          	addi	a1,a1,0 # 0 <copy_token.part.0>
			660: R_RISCV_LO12_I	.LC13
			660: R_RISCV_RELAX	*ABS*
 664:	03010513          	addi	a0,sp,48
 668:	00000097          	auipc	ra,0x0
			668: R_RISCV_CALL	streq_ci
			668: R_RISCV_RELAX	*ABS*
 66c:	000080e7          	jalr	ra,0(ra) # 668 <.L81+0x3c>
 670:	ea051ae3          	bne	a0,zero,524 <.L95>
			670: R_RISCV_BRANCH	.L95
 674:	000005b7          	lui	a1,0x0
			674: R_RISCV_HI20	.LC14
			674: R_RISCV_RELAX	*ABS*
 678:	00058593          	addi	a1,a1,0 # 0 <copy_token.part.0>
			678: R_RISCV_LO12_I	.LC14
			678: R_RISCV_RELAX	*ABS*
 67c:	03010513          	addi	a0,sp,48
 680:	00000097          	auipc	ra,0x0
			680: R_RISCV_CALL	streq_ci
			680: R_RISCV_RELAX	*ABS*
 684:	000080e7          	jalr	ra,0(ra) # 680 <.L81+0x54>
 688:	e8051ee3          	bne	a0,zero,524 <.L95>
			688: R_RISCV_BRANCH	.L95
 68c:	000005b7          	lui	a1,0x0
			68c: R_RISCV_HI20	.LC15
			68c: R_RISCV_RELAX	*ABS*
 690:	00058593          	addi	a1,a1,0 # 0 <copy_token.part.0>
			690: R_RISCV_LO12_I	.LC15
			690: R_RISCV_RELAX	*ABS*
 694:	03010513          	addi	a0,sp,48

00000698 <.L132>:
 698:	00000097          	auipc	ra,0x0
			698: R_RISCV_CALL	streq_ci
			698: R_RISCV_RELAX	*ABS*
 69c:	000080e7          	jalr	ra,0(ra) # 698 <.L132>
 6a0:	e80512e3          	bne	a0,zero,524 <.L95>
			6a0: R_RISCV_BRANCH	.L95
 6a4:	dd5ff06f          	jal	zero,478 <.L91>
			6a4: R_RISCV_JAL	.L91

000006a8 <.L80>:
 6a8:	000005b7          	lui	a1,0x0
			6a8: R_RISCV_HI20	.LC16
			6a8: R_RISCV_RELAX	*ABS*
 6ac:	00058593          	addi	a1,a1,0 # 0 <copy_token.part.0>
			6ac: R_RISCV_LO12_I	.LC16
			6ac: R_RISCV_RELAX	*ABS*
 6b0:	03810513          	addi	a0,sp,56
 6b4:	fe5ff06f          	jal	zero,698 <.L132>
			6b4: R_RISCV_JAL	.L132

000006b8 <.L94>:
 6b8:	00100b93          	addi	s7,zero,1
 6bc:	cf5ff06f          	jal	zero,3b0 <.L85>
			6bc: R_RISCV_JAL	.L85

000006c0 <.L89>:
 6c0:	00168693          	addi	a3,a3,1

000006c4 <.L87>:
 6c4:	00da07b3          	add	a5,s4,a3
 6c8:	0007c783          	lbu	a5,0(a5)
 6cc:	fe079ae3          	bne	a5,zero,6c0 <.L89>
			6cc: R_RISCV_BRANCH	.L89
 6d0:	000a0613          	addi	a2,s4,0
 6d4:	02000593          	addi	a1,zero,32
 6d8:	00040513          	addi	a0,s0,0
 6dc:	00000097          	auipc	ra,0x0
			6dc: R_RISCV_CALL	copy_token.part.0
			6dc: R_RISCV_RELAX	*ABS*
 6e0:	000080e7          	jalr	ra,0(ra) # 6dc <.L87+0x18>

000006e4 <.L130>:
 6e4:	00000513          	addi	a0,zero,0
 6e8:	b99ff06f          	jal	zero,280 <.L34>
			6e8: R_RISCV_JAL	.L34

000006ec <.L125>:
 6ec:	000a0593          	addi	a1,s4,0
 6f0:	00040513          	addi	a0,s0,0
 6f4:	00000097          	auipc	ra,0x0
			6f4: R_RISCV_CALL	streq_ci
			6f4: R_RISCV_RELAX	*ABS*
 6f8:	000080e7          	jalr	ra,0(ra) # 6f4 <.L125+0x8>
 6fc:	fe0514e3          	bne	a0,zero,6e4 <.L130>
			6fc: R_RISCV_BRANCH	.L130
 700:	b7dff06f          	jal	zero,27c <.L37>
			700: R_RISCV_JAL	.L37

00000704 <.L90>:
 704:	ffa00513          	addi	a0,zero,-6
 708:	00008067          	jalr	zero,0(ra)

0000070c <.L56>:
 70c:	000b9c63          	bne	s7,zero,724 <.L60>
			70c: R_RISCV_BRANCH	.L60

00000710 <.L59>:
 710:	018cfa63          	bgeu	s9,s8,724 <.L60>
			710: R_RISCV_BRANCH	.L60
 714:	000cc683          	lbu	a3,0(s9)
 718:	fa568693          	addi	a3,a3,-91
 71c:	0fd6f693          	andi	a3,a3,253
 720:	d4068ce3          	beq	a3,zero,478 <.L91>
			720: R_RISCV_BRANCH	.L91

00000724 <.L60>:
 724:	03912423          	sw	s9,40(sp)

00000728 <.L66>:
 728:	018cfa63          	bgeu	s9,s8,73c <.L67>
			728: R_RISCV_BRANCH	.L67
 72c:	000cc683          	lbu	a3,0(s9)
 730:	02c00793          	addi	a5,zero,44
 734:	00f68463          	beq	a3,a5,73c <.L67>
			734: R_RISCV_BRANCH	.L67
 738:	dfa69ae3          	bne	a3,s10,52c <.L68>
			738: R_RISCV_BRANCH	.L68

0000073c <.L67>:
 73c:	02c10593          	addi	a1,sp,44
 740:	02810513          	addi	a0,sp,40
 744:	03912623          	sw	s9,44(sp)
 748:	00000097          	auipc	ra,0x0
			748: R_RISCV_CALL	trim
			748: R_RISCV_RELAX	*ABS*
 74c:	000080e7          	jalr	ra,0(ra) # 748 <.L67+0xc>
 750:	02812503          	lw	a0,40(sp)
 754:	02c12583          	lw	a1,44(sp)
 758:	dcb50ee3          	beq	a0,a1,534 <.L73>
			758: R_RISCV_BRANCH	.L73
 75c:	03010613          	addi	a2,sp,48
 760:	00000097          	auipc	ra,0x0
			760: R_RISCV_CALL	service_bit
			760: R_RISCV_RELAX	*ABS*
 764:	000080e7          	jalr	ra,0(ra) # 760 <.L67+0x24>
 768:	d00518e3          	bne	a0,zero,478 <.L91>
			768: R_RISCV_BRANCH	.L91
 76c:	02042683          	lw	a3,32(s0)
 770:	03012603          	lw	a2,48(sp)
 774:	00c6e6b3          	or	a3,a3,a2
 778:	02d42023          	sw	a3,32(s0)
 77c:	000b9863          	bne	s7,zero,78c <.L71>
			77c: R_RISCV_BRANCH	.L71
 780:	db8cfae3          	bgeu	s9,s8,534 <.L73>
			780: R_RISCV_BRANCH	.L73
 784:	000cc683          	lbu	a3,0(s9)
 788:	cfa688e3          	beq	a3,s10,478 <.L91>
			788: R_RISCV_BRANCH	.L91

0000078c <.L71>:
 78c:	db8cf4e3          	bgeu	s9,s8,534 <.L73>
			78c: R_RISCV_BRANCH	.L73
 790:	01f00613          	addi	a2,zero,31
 794:	d3dff06f          	jal	zero,4d0 <.L74>
			794: R_RISCV_JAL	.L74
