Timing Analyzer report for mycore
Sat Aug 23 15:22:35 2025
Quartus Prime Version 22.1std.2 Build 922 07/20/2023 SC Lite Edition


---------------------
; Table of Contents ;
---------------------
  1. Legal Notice
  2. Timing Analyzer Summary
  3. Parallel Compilation
  4. SDC File List
  5. Clocks
  6. Fmax Summary
  7. Timing Closure Recommendations
  8. Setup Summary
  9. Hold Summary
 10. Recovery Summary
 11. Removal Summary
 12. Minimum Pulse Width Summary
 13. Metastability Summary
 14. Board Trace Model Assignments
 15. Input Transition Times
 16. Signal Integrity Metrics (Slow 1100mv 100c Model)
 17. Setup Transfers
 18. Hold Transfers
 19. Recovery Transfers
 20. Removal Transfers
 21. Report TCCS
 22. Report RSKM
 23. Unconstrained Paths Summary
 24. Clock Status Summary
 25. Unconstrained Input Ports
 26. Unconstrained Output Ports
 27. Unconstrained Input Ports
 28. Unconstrained Output Ports
 29. Timing Analyzer Messages



----------------
; Legal Notice ;
----------------
Copyright (C) 2023  Intel Corporation. All rights reserved.
Your use of Intel Corporation's design tools, logic functions 
and other software and tools, and any partner logic 
functions, and any output files from any of the foregoing 
(including device programming or simulation files), and any 
associated documentation or information are expressly subject 
to the terms and conditions of the Intel Program License 
Subscription Agreement, the Intel Quartus Prime License Agreement,
the Intel FPGA IP License Agreement, or other applicable license
agreement, including, without limitation, that your use is for
the sole purpose of programming logic devices manufactured by
Intel and sold by Intel or its authorized distributors.  Please
refer to the applicable agreement for further details, at
https://fpgasoftware.intel.com/eula.



+--------------------------------------------------------------------------------+
; Timing Analyzer Summary                                                        ;
+-----------------------+--------------------------------------------------------+
; Quartus Prime Version ; Version 22.1std.2 Build 922 07/20/2023 SC Lite Edition ;
; Timing Analyzer       ; Legacy Timing Analyzer                                 ;
; Revision Name         ; mycore                                                 ;
; Device Family         ; Cyclone V                                              ;
; Device Name           ; 5CSEBA6U23I7                                           ;
; Timing Models         ; Final                                                  ;
; Delay Model           ; Slow 1100mV 100C Model                                 ;
; Rise/Fall Delays      ; Enabled                                                ;
+-----------------------+--------------------------------------------------------+


+------------------------------------------+
; Parallel Compilation                     ;
+----------------------------+-------------+
; Processors                 ; Number      ;
+----------------------------+-------------+
; Number detected on machine ; 20          ;
; Maximum allowed            ; 10          ;
;                            ;             ;
; Average used               ; 1.09        ;
; Maximum used               ; 10          ;
;                            ;             ;
; Usage by Processor         ; % Time Used ;
;     Processor 1            ; 100.0%      ;
;     Processor 2            ;   3.3%      ;
;     Processor 3            ;   2.8%      ;
;     Processor 4            ;   2.6%      ;
;     Processor 5            ;   0.0%      ;
;     Processor 6            ;   0.0%      ;
;     Processor 7            ;   0.0%      ;
;     Processor 8            ;   0.0%      ;
;     Processor 9            ;   0.0%      ;
;     Processor 10           ;   0.0%      ;
+----------------------------+-------------+


+-----------------------------------------------------+
; SDC File List                                       ;
+-----------------+--------+--------------------------+
; SDC File Path   ; Status ; Read at                  ;
+-----------------+--------+--------------------------+
; sys/sys_top.sdc ; OK     ; Sat Aug 23 15:22:34 2025 ;
; mycore.sdc      ; OK     ; Sat Aug 23 15:22:34 2025 ;
+-----------------+--------+--------------------------+


+--------------------------------------------------------------------------------------------------------------------------------------------------------------------------------------------------------------------------------------------------------------------------------------------------------------------------------------------------------------------------------------------------------------------------------------------------------------------------------------------+
; Clocks                                                                                                                                                                                                                                                                                                                                                                                                                                                                                     ;
+---------------------------------------------------------------------------------+-----------+---------+------------+-------+--------+------------+-----------+-------------+-------+--------+-----------+------------+----------+-------------------------------------------------------------------------------+------------------------------------------------------------------------------------+-------------------------------------------------------------------------------------+
; Clock Name                                                                      ; Type      ; Period  ; Frequency  ; Rise  ; Fall   ; Duty Cycle ; Divide by ; Multiply by ; Phase ; Offset ; Edge List ; Edge Shift ; Inverted ; Master                                                                        ; Source                                                                             ; Targets                                                                             ;
+---------------------------------------------------------------------------------+-----------+---------+------------+-------+--------+------------+-----------+-------------+-------+--------+-----------+------------+----------+-------------------------------------------------------------------------------+------------------------------------------------------------------------------------+-------------------------------------------------------------------------------------+
; emu|pll|pll_inst|altera_pll_i|general[0].gpll~FRACTIONAL_PLL|vcoph[0]           ; Generated ; 3.333   ; 300.0 MHz  ; 0.000 ; 1.666  ; 50.00      ; 2         ; 12          ;       ;        ;           ;            ; false    ; FPGA_CLK2_50                                                                  ; emu|pll|pll_inst|altera_pll_i|general[0].gpll~FRACTIONAL_PLL|refclkin              ; { emu|pll|pll_inst|altera_pll_i|general[0].gpll~FRACTIONAL_PLL|vcoph[0] }           ;
; emu|pll|pll_inst|altera_pll_i|general[0].gpll~PLL_OUTPUT_COUNTER|divclk         ; Generated ; 50.000  ; 20.0 MHz   ; 0.000 ; 25.000 ; 50.00      ; 15        ; 1           ;       ;        ;           ;            ; false    ; emu|pll|pll_inst|altera_pll_i|general[0].gpll~FRACTIONAL_PLL|vcoph[0]         ; emu|pll|pll_inst|altera_pll_i|general[0].gpll~PLL_OUTPUT_COUNTER|vco0ph[0]         ; { emu|pll|pll_inst|altera_pll_i|general[0].gpll~PLL_OUTPUT_COUNTER|divclk }         ;
; FPGA_CLK1_50                                                                    ; Base      ; 20.000  ; 50.0 MHz   ; 0.000 ; 10.000 ;            ;           ;             ;       ;        ;           ;            ;          ;                                                                               ;                                                                                    ; { FPGA_CLK1_50 }                                                                    ;
; FPGA_CLK2_50                                                                    ; Base      ; 20.000  ; 50.0 MHz   ; 0.000 ; 10.000 ;            ;           ;             ;       ;        ;           ;            ;          ;                                                                               ;                                                                                    ; { FPGA_CLK2_50 }                                                                    ;
; FPGA_CLK3_50                                                                    ; Base      ; 20.000  ; 50.0 MHz   ; 0.000 ; 10.000 ;            ;           ;             ;       ;        ;           ;            ;          ;                                                                               ;                                                                                    ; { FPGA_CLK3_50 }                                                                    ;
; hdmi_sck                                                                        ; Base      ; 100.000 ; 10.0 MHz   ; 0.000 ; 50.000 ;            ;           ;             ;       ;        ;           ;            ;          ;                                                                               ;                                                                                    ; { hdmi_i2c|out_clk }                                                                ;
; pll_audio|pll_audio_inst|altera_pll_i|general[0].gpll~FRACTIONAL_PLL|vcoph[0]   ; Generated ; 2.393   ; 417.87 MHz ; 0.000 ; 1.196  ; 50.00      ; 512       ; 4279        ;       ;        ;           ;            ; false    ; FPGA_CLK3_50                                                                  ; pll_audio|pll_audio_inst|altera_pll_i|general[0].gpll~FRACTIONAL_PLL|refclkin      ; { pll_audio|pll_audio_inst|altera_pll_i|general[0].gpll~FRACTIONAL_PLL|vcoph[0] }   ;
; pll_audio|pll_audio_inst|altera_pll_i|general[0].gpll~PLL_OUTPUT_COUNTER|divclk ; Generated ; 40.682  ; 24.58 MHz  ; 0.000 ; 20.341 ; 50.00      ; 17        ; 1           ;       ;        ;           ;            ; false    ; pll_audio|pll_audio_inst|altera_pll_i|general[0].gpll~FRACTIONAL_PLL|vcoph[0] ; pll_audio|pll_audio_inst|altera_pll_i|general[0].gpll~PLL_OUTPUT_COUNTER|vco0ph[0] ; { pll_audio|pll_audio_inst|altera_pll_i|general[0].gpll~PLL_OUTPUT_COUNTER|divclk } ;
; sysmem|fpga_interfaces|clocks_resets|h2f_user0_clk                              ; Base      ; 10.000  ; 100.0 MHz  ; 0.000 ; 5.000  ;            ;           ;             ;       ;        ;           ;            ;          ;                                                                               ;                                                                                    ; { sysmem|fpga_interfaces|clocks_resets|h2f_user0_clk }                              ;
+---------------------------------------------------------------------------------+-----------+---------+------------+-------+--------+------------+-----------+-------------+-------+--------+-----------+------------+----------+-------------------------------------------------------------------------------+------------------------------------------------------------------------------------+-------------------------------------------------------------------------------------+


+-----------------------------------------------------------------------------------------------------------------------+
; Fmax Summary                                                                                                          ;
+------------+-----------------+---------------------------------------------------------------------------------+------+
; Fmax       ; Restricted Fmax ; Clock Name                                                                      ; Note ;
+------------+-----------------+---------------------------------------------------------------------------------+------+
; 59.38 MHz  ; 59.38 MHz       ; pll_audio|pll_audio_inst|altera_pll_i|general[0].gpll~PLL_OUTPUT_COUNTER|divclk ;      ;
; 91.8 MHz   ; 91.8 MHz        ; emu|pll|pll_inst|altera_pll_i|general[0].gpll~PLL_OUTPUT_COUNTER|divclk         ;      ;
; 154.92 MHz ; 154.92 MHz      ; FPGA_CLK2_50                                                                    ;      ;
+------------+-----------------+---------------------------------------------------------------------------------+------+
This panel reports FMAX for every clock in the design, regardless of the user-specified clock periods.  FMAX is only computed for paths where the source and destination registers or ports are driven by the same clock.  Paths of different clocks, including generated clocks, are ignored.  For paths between a clock and its inversion, FMAX is computed as if the rising and falling edges are scaled along with FMAX, such that the duty cycle (in terms of a percentage) is maintained. Altera recommends that you always use clock constraints and other slack reports for sign-off analysis.


----------------------------------
; Timing Closure Recommendations ;
----------------------------------
HTML report is unavailable in plain text report export.


+----------------------------------------------------------------------------------------------------------+
; Setup Summary                                                                                            ;
+---------------------------------------------------------------------------------+--------+---------------+
; Clock                                                                           ; Slack  ; End Point TNS ;
+---------------------------------------------------------------------------------+--------+---------------+
; FPGA_CLK2_50                                                                    ; 13.545 ; 0.000         ;
; pll_audio|pll_audio_inst|altera_pll_i|general[0].gpll~PLL_OUTPUT_COUNTER|divclk ; 23.840 ; 0.000         ;
; emu|pll|pll_inst|altera_pll_i|general[0].gpll~PLL_OUTPUT_COUNTER|divclk         ; 39.107 ; 0.000         ;
+---------------------------------------------------------------------------------+--------+---------------+


+---------------------------------------------------------------------------------------------------------+
; Hold Summary                                                                                            ;
+---------------------------------------------------------------------------------+-------+---------------+
; Clock                                                                           ; Slack ; End Point TNS ;
+---------------------------------------------------------------------------------+-------+---------------+
; emu|pll|pll_inst|altera_pll_i|general[0].gpll~PLL_OUTPUT_COUNTER|divclk         ; 0.262 ; 0.000         ;
; pll_audio|pll_audio_inst|altera_pll_i|general[0].gpll~PLL_OUTPUT_COUNTER|divclk ; 0.282 ; 0.000         ;
; FPGA_CLK2_50                                                                    ; 0.387 ; 0.000         ;
+---------------------------------------------------------------------------------+-------+---------------+


--------------------
; Recovery Summary ;
--------------------
No paths to report.


-------------------
; Removal Summary ;
-------------------
No paths to report.


+----------------------------------------------------------------------------------------------------------+
; Minimum Pulse Width Summary                                                                              ;
+---------------------------------------------------------------------------------+--------+---------------+
; Clock                                                                           ; Slack  ; End Point TNS ;
+---------------------------------------------------------------------------------+--------+---------------+
; pll_audio|pll_audio_inst|altera_pll_i|general[0].gpll~FRACTIONAL_PLL|vcoph[0]   ; 1.196  ; 0.000         ;
; emu|pll|pll_inst|altera_pll_i|general[0].gpll~FRACTIONAL_PLL|vcoph[0]           ; 1.666  ; 0.000         ;
; sysmem|fpga_interfaces|clocks_resets|h2f_user0_clk                              ; 4.268  ; 0.000         ;
; FPGA_CLK2_50                                                                    ; 9.174  ; 0.000         ;
; FPGA_CLK3_50                                                                    ; 9.730  ; 0.000         ;
; pll_audio|pll_audio_inst|altera_pll_i|general[0].gpll~PLL_OUTPUT_COUNTER|divclk ; 18.940 ; 0.000         ;
; emu|pll|pll_inst|altera_pll_i|general[0].gpll~PLL_OUTPUT_COUNTER|divclk         ; 23.584 ; 0.000         ;
+---------------------------------------------------------------------------------+--------+---------------+


-------------------------
; Metastability Summary ;
-------------------------
Worst-Case MTBF of Design is 1e+09 years or 3.15e+16 seconds.
Typical MTBF of Design is 1e+09 years or 3.15e+16 seconds.

Number of Synchronizer Chains Found: 84
Shortest Synchronizer Chain: 2 Registers
Fraction of Chains for which MTBFs Could Not be Calculated: 0.988
Worst Case Available Settling Time: 48.730 ns

Worst-Case MTBF values are calculated based on the worst-case silicon characteristics, with worst-case operating conditions.
  - Under worst-case conditions, an increase of 100ps in available settling time will increase MTBF values by a factor of 8.0
Typical MTBF values are calculated based on the nominal silicon characteristics, at nominal operating conditions.
  - Under typical conditions, an increase of 100ps in available settling time will increase MTBF values by a factor of 17.8



+------------------------------------------------------------------------------------------------------------------------------------------------------------------------------------------------------------------------------------------------------------------------------------------------------------------------------------------------------------------------------------------------------------------+
; Board Trace Model Assignments                                                                                                                                                                                                                                                                                                                                                                                    ;
+---------------+--------------+-------------------+-------------------------+-------------------------+---------------+---------------------+----------------+------------------+--------+------------------+------------------------+------------------------+--------------+---------------+-----------------+-------+---------------------+--------------------+---------------+-----------------+-------------+
; Pin           ; I/O Standard ; Near Tline Length ; Near Tline L per Length ; Near Tline C per Length ; Near Series R ; Near Differential R ; Near Pull-up R ; Near Pull-down R ; Near C ; Far Tline Length ; Far Tline L per Length ; Far Tline C per Length ; Far Series R ; Far Pull-up R ; Far Pull-down R ; Far C ; Termination Voltage ; Far Differential R ; EBD File Name ; EBD Signal Name ; EBD Far-end ;
+---------------+--------------+-------------------+-------------------------+-------------------------+---------------+---------------------+----------------+------------------+--------+------------------+------------------------+------------------------+--------------+---------------+-----------------+-------+---------------------+--------------------+---------------+-----------------+-------------+
; HDMI_I2C_SCL  ; 3.3-V LVTTL  ; 0 in              ; 0 H/in                  ; 0 F/in                  ; short         ; -                   ; open           ; open             ; open   ; 0 in             ; 0 H/in                 ; 0 F/in                 ; short        ; open          ; open            ; open  ; 0 V                 ; -                  ; n/a           ; n/a             ; n/a         ;
; HDMI_MCLK     ; 3.3-V LVTTL  ; 0 in              ; 0 H/in                  ; 0 F/in                  ; short         ; -                   ; open           ; open             ; open   ; 0 in             ; 0 H/in                 ; 0 F/in                 ; short        ; open          ; open            ; open  ; 0 V                 ; -                  ; n/a           ; n/a             ; n/a         ;
; HDMI_SCLK     ; 3.3-V LVTTL  ; 0 in              ; 0 H/in                  ; 0 F/in                  ; short         ; -                   ; open           ; open             ; open   ; 0 in             ; 0 H/in                 ; 0 F/in                 ; short        ; open          ; open            ; open  ; 0 V                 ; -                  ; n/a           ; n/a             ; n/a         ;
; HDMI_LRCLK    ; 3.3-V LVTTL  ; 0 in              ; 0 H/in                  ; 0 F/in                  ; short         ; -                   ; open           ; open             ; open   ; 0 in             ; 0 H/in                 ; 0 F/in                 ; short        ; open          ; open            ; open  ; 0 V                 ; -                  ; n/a           ; n/a             ; n/a         ;
; HDMI_I2S      ; 3.3-V LVTTL  ; 0 in              ; 0 H/in                  ; 0 F/in                  ; short         ; -                   ; open           ; open             ; open   ; 0 in             ; 0 H/in                 ; 0 F/in                 ; short        ; open          ; open            ; open  ; 0 V                 ; -                  ; n/a           ; n/a             ; n/a         ;
; HDMI_TX_CLK   ; 3.3-V LVTTL  ; 0 in              ; 0 H/in                  ; 0 F/in                  ; short         ; -                   ; open           ; open             ; open   ; 0 in             ; 0 H/in                 ; 0 F/in                 ; short        ; open          ; open            ; open  ; 0 V                 ; -                  ; n/a           ; n/a             ; n/a         ;
; HDMI_TX_DE    ; 3.3-V LVTTL  ; 0 in              ; 0 H/in                  ; 0 F/in                  ; short         ; -                   ; open           ; open             ; open   ; 0 in             ; 0 H/in                 ; 0 F/in                 ; short        ; open          ; open            ; open  ; 0 V                 ; -                  ; n/a           ; n/a             ; n/a         ;
; HDMI_TX_D[0]  ; 3.3-V LVTTL  ; 0 in              ; 0 H/in                  ; 0 F/in                  ; short         ; -                   ; open           ; open             ; open   ; 0 in             ; 0 H/in                 ; 0 F/in                 ; short        ; open          ; open            ; open  ; 0 V                 ; -                  ; n/a           ; n/a             ; n/a         ;
; HDMI_TX_D[1]  ; 3.3-V LVTTL  ; 0 in              ; 0 H/in                  ; 0 F/in                  ; short         ; -                   ; open           ; open             ; open   ; 0 in             ; 0 H/in                 ; 0 F/in                 ; short        ; open          ; open            ; open  ; 0 V                 ; -                  ; n/a           ; n/a             ; n/a         ;
; HDMI_TX_D[2]  ; 3.3-V LVTTL  ; 0 in              ; 0 H/in                  ; 0 F/in                  ; short         ; -                   ; open           ; open             ; open   ; 0 in             ; 0 H/in                 ; 0 F/in                 ; short        ; open          ; open            ; open  ; 0 V                 ; -                  ; n/a           ; n/a             ; n/a         ;
; HDMI_TX_D[3]  ; 3.3-V LVTTL  ; 0 in              ; 0 H/in                  ; 0 F/in                  ; short         ; -                   ; open           ; open             ; open   ; 0 in             ; 0 H/in                 ; 0 F/in                 ; short        ; open          ; open            ; open  ; 0 V                 ; -                  ; n/a           ; n/a             ; n/a         ;
; HDMI_TX_D[4]  ; 3.3-V LVTTL  ; 0 in              ; 0 H/in                  ; 0 F/in                  ; short         ; -                   ; open           ; open             ; open   ; 0 in             ; 0 H/in                 ; 0 F/in                 ; short        ; open          ; open            ; open  ; 0 V                 ; -                  ; n/a           ; n/a             ; n/a         ;
; HDMI_TX_D[5]  ; 3.3-V LVTTL  ; 0 in              ; 0 H/in                  ; 0 F/in                  ; short         ; -                   ; open           ; open             ; open   ; 0 in             ; 0 H/in                 ; 0 F/in                 ; short        ; open          ; open            ; open  ; 0 V                 ; -                  ; n/a           ; n/a             ; n/a         ;
; HDMI_TX_D[6]  ; 3.3-V LVTTL  ; 0 in              ; 0 H/in                  ; 0 F/in                  ; short         ; -                   ; open           ; open             ; open   ; 0 in             ; 0 H/in                 ; 0 F/in                 ; short        ; open          ; open            ; open  ; 0 V                 ; -                  ; n/a           ; n/a             ; n/a         ;
; HDMI_TX_D[7]  ; 3.3-V LVTTL  ; 0 in              ; 0 H/in                  ; 0 F/in                  ; short         ; -                   ; open           ; open             ; open   ; 0 in             ; 0 H/in                 ; 0 F/in                 ; short        ; open          ; open            ; open  ; 0 V                 ; -                  ; n/a           ; n/a             ; n/a         ;
; HDMI_TX_D[8]  ; 3.3-V LVTTL  ; 0 in              ; 0 H/in                  ; 0 F/in                  ; short         ; -                   ; open           ; open             ; open   ; 0 in             ; 0 H/in                 ; 0 F/in                 ; short        ; open          ; open            ; open  ; 0 V                 ; -                  ; n/a           ; n/a             ; n/a         ;
; HDMI_TX_D[9]  ; 3.3-V LVTTL  ; 0 in              ; 0 H/in                  ; 0 F/in                  ; short         ; -                   ; open           ; open             ; open   ; 0 in             ; 0 H/in                 ; 0 F/in                 ; short        ; open          ; open            ; open  ; 0 V                 ; -                  ; n/a           ; n/a             ; n/a         ;
; HDMI_TX_D[10] ; 3.3-V LVTTL  ; 0 in              ; 0 H/in                  ; 0 F/in                  ; short         ; -                   ; open           ; open             ; open   ; 0 in             ; 0 H/in                 ; 0 F/in                 ; short        ; open          ; open            ; open  ; 0 V                 ; -                  ; n/a           ; n/a             ; n/a         ;
; HDMI_TX_D[11] ; 3.3-V LVTTL  ; 0 in              ; 0 H/in                  ; 0 F/in                  ; short         ; -                   ; open           ; open             ; open   ; 0 in             ; 0 H/in                 ; 0 F/in                 ; short        ; open          ; open            ; open  ; 0 V                 ; -                  ; n/a           ; n/a             ; n/a         ;
; HDMI_TX_D[12] ; 3.3-V LVTTL  ; 0 in              ; 0 H/in                  ; 0 F/in                  ; short         ; -                   ; open           ; open             ; open   ; 0 in             ; 0 H/in                 ; 0 F/in                 ; short        ; open          ; open            ; open  ; 0 V                 ; -                  ; n/a           ; n/a             ; n/a         ;
; HDMI_TX_D[13] ; 3.3-V LVTTL  ; 0 in              ; 0 H/in                  ; 0 F/in                  ; short         ; -                   ; open           ; open             ; open   ; 0 in             ; 0 H/in                 ; 0 F/in                 ; short        ; open          ; open            ; open  ; 0 V                 ; -                  ; n/a           ; n/a             ; n/a         ;
; HDMI_TX_D[14] ; 3.3-V LVTTL  ; 0 in              ; 0 H/in                  ; 0 F/in                  ; short         ; -                   ; open           ; open             ; open   ; 0 in             ; 0 H/in                 ; 0 F/in                 ; short        ; open          ; open            ; open  ; 0 V                 ; -                  ; n/a           ; n/a             ; n/a         ;
; HDMI_TX_D[15] ; 3.3-V LVTTL  ; 0 in              ; 0 H/in                  ; 0 F/in                  ; short         ; -                   ; open           ; open             ; open   ; 0 in             ; 0 H/in                 ; 0 F/in                 ; short        ; open          ; open            ; open  ; 0 V                 ; -                  ; n/a           ; n/a             ; n/a         ;
; HDMI_TX_D[16] ; 3.3-V LVTTL  ; 0 in              ; 0 H/in                  ; 0 F/in                  ; short         ; -                   ; open           ; open             ; open   ; 0 in             ; 0 H/in                 ; 0 F/in                 ; short        ; open          ; open            ; open  ; 0 V                 ; -                  ; n/a           ; n/a             ; n/a         ;
; HDMI_TX_D[17] ; 3.3-V LVTTL  ; 0 in              ; 0 H/in                  ; 0 F/in                  ; short         ; -                   ; open           ; open             ; open   ; 0 in             ; 0 H/in                 ; 0 F/in                 ; short        ; open          ; open            ; open  ; 0 V                 ; -                  ; n/a           ; n/a             ; n/a         ;
; HDMI_TX_D[18] ; 3.3-V LVTTL  ; 0 in              ; 0 H/in                  ; 0 F/in                  ; short         ; -                   ; open           ; open             ; open   ; 0 in             ; 0 H/in                 ; 0 F/in                 ; short        ; open          ; open            ; open  ; 0 V                 ; -                  ; n/a           ; n/a             ; n/a         ;
; HDMI_TX_D[19] ; 3.3-V LVTTL  ; 0 in              ; 0 H/in                  ; 0 F/in                  ; short         ; -                   ; open           ; open             ; open   ; 0 in             ; 0 H/in                 ; 0 F/in                 ; short        ; open          ; open            ; open  ; 0 V                 ; -                  ; n/a           ; n/a             ; n/a         ;
; HDMI_TX_D[20] ; 3.3-V LVTTL  ; 0 in              ; 0 H/in                  ; 0 F/in                  ; short         ; -                   ; open           ; open             ; open   ; 0 in             ; 0 H/in                 ; 0 F/in                 ; short        ; open          ; open            ; open  ; 0 V                 ; -                  ; n/a           ; n/a             ; n/a         ;
; HDMI_TX_D[21] ; 3.3-V LVTTL  ; 0 in              ; 0 H/in                  ; 0 F/in                  ; short         ; -                   ; open           ; open             ; open   ; 0 in             ; 0 H/in                 ; 0 F/in                 ; short        ; open          ; open            ; open  ; 0 V                 ; -                  ; n/a           ; n/a             ; n/a         ;
; HDMI_TX_D[22] ; 3.3-V LVTTL  ; 0 in              ; 0 H/in                  ; 0 F/in                  ; short         ; -                   ; open           ; open             ; open   ; 0 in             ; 0 H/in                 ; 0 F/in                 ; short        ; open          ; open            ; open  ; 0 V                 ; -                  ; n/a           ; n/a             ; n/a         ;
; HDMI_TX_D[23] ; 3.3-V LVTTL  ; 0 in              ; 0 H/in                  ; 0 F/in                  ; short         ; -                   ; open           ; open             ; open   ; 0 in             ; 0 H/in                 ; 0 F/in                 ; short        ; open          ; open            ; open  ; 0 V                 ; -                  ; n/a           ; n/a             ; n/a         ;
; HDMI_TX_HS    ; 3.3-V LVTTL  ; 0 in              ; 0 H/in                  ; 0 F/in                  ; short         ; -                   ; open           ; open             ; open   ; 0 in             ; 0 H/in                 ; 0 F/in                 ; short        ; open          ; open            ; open  ; 0 V                 ; -                  ; n/a           ; n/a             ; n/a         ;
; HDMI_TX_VS    ; 3.3-V LVTTL  ; 0 in              ; 0 H/in                  ; 0 F/in                  ; short         ; -                   ; open           ; open             ; open   ; 0 in             ; 0 H/in                 ; 0 F/in                 ; short        ; open          ; open            ; open  ; 0 V                 ; -                  ; n/a           ; n/a             ; n/a         ;
; SDRAM_A[0]    ; 3.3-V LVTTL  ; 0 in              ; 0 H/in                  ; 0 F/in                  ; short         ; -                   ; open           ; open             ; open   ; 0 in             ; 0 H/in                 ; 0 F/in                 ; short        ; open          ; open            ; open  ; 0 V                 ; -                  ; n/a           ; n/a             ; n/a         ;
; SDRAM_A[1]    ; 3.3-V LVTTL  ; 0 in              ; 0 H/in                  ; 0 F/in                  ; short         ; -                   ; open           ; open             ; open   ; 0 in             ; 0 H/in                 ; 0 F/in                 ; short        ; open          ; open            ; open  ; 0 V                 ; -                  ; n/a           ; n/a             ; n/a         ;
; SDRAM_A[2]    ; 3.3-V LVTTL  ; 0 in              ; 0 H/in                  ; 0 F/in                  ; short         ; -                   ; open           ; open             ; open   ; 0 in             ; 0 H/in                 ; 0 F/in                 ; short        ; open          ; open            ; open  ; 0 V                 ; -                  ; n/a           ; n/a             ; n/a         ;
; SDRAM_A[3]    ; 3.3-V LVTTL  ; 0 in              ; 0 H/in                  ; 0 F/in                  ; short         ; -                   ; open           ; open             ; open   ; 0 in             ; 0 H/in                 ; 0 F/in                 ; short        ; open          ; open            ; open  ; 0 V                 ; -                  ; n/a           ; n/a             ; n/a         ;
; SDRAM_A[4]    ; 3.3-V LVTTL  ; 0 in              ; 0 H/in                  ; 0 F/in                  ; short         ; -                   ; open           ; open             ; open   ; 0 in             ; 0 H/in                 ; 0 F/in                 ; short        ; open          ; open            ; open  ; 0 V                 ; -                  ; n/a           ; n/a             ; n/a         ;
; SDRAM_A[5]    ; 3.3-V LVTTL  ; 0 in              ; 0 H/in                  ; 0 F/in                  ; short         ; -                   ; open           ; open             ; open   ; 0 in             ; 0 H/in                 ; 0 F/in                 ; short        ; open          ; open            ; open  ; 0 V                 ; -                  ; n/a           ; n/a             ; n/a         ;
; SDRAM_A[6]    ; 3.3-V LVTTL  ; 0 in              ; 0 H/in                  ; 0 F/in                  ; short         ; -                   ; open           ; open             ; open   ; 0 in             ; 0 H/in                 ; 0 F/in                 ; short        ; open          ; open            ; open  ; 0 V                 ; -                  ; n/a           ; n/a             ; n/a         ;
; SDRAM_A[7]    ; 3.3-V LVTTL  ; 0 in              ; 0 H/in                  ; 0 F/in                  ; short         ; -                   ; open           ; open             ; open   ; 0 in             ; 0 H/in                 ; 0 F/in                 ; short        ; open          ; open            ; open  ; 0 V                 ; -                  ; n/a           ; n/a             ; n/a         ;
; SDRAM_A[8]    ; 3.3-V LVTTL  ; 0 in              ; 0 H/in                  ; 0 F/in                  ; short         ; -                   ; open           ; open             ; open   ; 0 in             ; 0 H/in                 ; 0 F/in                 ; short        ; open          ; open            ; open  ; 0 V                 ; -                  ; n/a           ; n/a             ; n/a         ;
; SDRAM_A[9]    ; 3.3-V LVTTL  ; 0 in              ; 0 H/in                  ; 0 F/in                  ; short         ; -                   ; open           ; open             ; open   ; 0 in             ; 0 H/in                 ; 0 F/in                 ; short        ; open          ; open            ; open  ; 0 V                 ; -                  ; n/a           ; n/a             ; n/a         ;
; SDRAM_A[10]   ; 3.3-V LVTTL  ; 0 in              ; 0 H/in                  ; 0 F/in                  ; short         ; -                   ; open           ; open             ; open   ; 0 in             ; 0 H/in                 ; 0 F/in                 ; short        ; open          ; open            ; open  ; 0 V                 ; -                  ; n/a           ; n/a             ; n/a         ;
; SDRAM_A[11]   ; 3.3-V LVTTL  ; 0 in              ; 0 H/in                  ; 0 F/in                  ; short         ; -                   ; open           ; open             ; open   ; 0 in             ; 0 H/in                 ; 0 F/in                 ; short        ; open          ; open            ; open  ; 0 V                 ; -                  ; n/a           ; n/a             ; n/a         ;
; SDRAM_A[12]   ; 3.3-V LVTTL  ; 0 in              ; 0 H/in                  ; 0 F/in                  ; short         ; -                   ; open           ; open             ; open   ; 0 in             ; 0 H/in                 ; 0 F/in                 ; short        ; open          ; open            ; open  ; 0 V                 ; -                  ; n/a           ; n/a             ; n/a         ;
; SDRAM_DQML    ; 3.3-V LVTTL  ; 0 in              ; 0 H/in                  ; 0 F/in                  ; short         ; -                   ; open           ; open             ; open   ; 0 in             ; 0 H/in                 ; 0 F/in                 ; short        ; open          ; open            ; open  ; 0 V                 ; -                  ; n/a           ; n/a             ; n/a         ;
; SDRAM_DQMH    ; 3.3-V LVTTL  ; 0 in              ; 0 H/in                  ; 0 F/in                  ; short         ; -                   ; open           ; open             ; open   ; 0 in             ; 0 H/in                 ; 0 F/in                 ; short        ; open          ; open            ; open  ; 0 V                 ; -                  ; n/a           ; n/a             ; n/a         ;
; SDRAM_nWE     ; 3.3-V LVTTL  ; 0 in              ; 0 H/in                  ; 0 F/in                  ; short         ; -                   ; open           ; open             ; open   ; 0 in             ; 0 H/in                 ; 0 F/in                 ; short        ; open          ; open            ; open  ; 0 V                 ; -                  ; n/a           ; n/a             ; n/a         ;
; SDRAM_nCAS    ; 3.3-V LVTTL  ; 0 in              ; 0 H/in                  ; 0 F/in                  ; short         ; -                   ; open           ; open             ; open   ; 0 in             ; 0 H/in                 ; 0 F/in                 ; short        ; open          ; open            ; open  ; 0 V                 ; -                  ; n/a           ; n/a             ; n/a         ;
; SDRAM_nRAS    ; 3.3-V LVTTL  ; 0 in              ; 0 H/in                  ; 0 F/in                  ; short         ; -                   ; open           ; open             ; open   ; 0 in             ; 0 H/in                 ; 0 F/in                 ; short        ; open          ; open            ; open  ; 0 V                 ; -                  ; n/a           ; n/a             ; n/a         ;
; SDRAM_nCS     ; 3.3-V LVTTL  ; 0 in              ; 0 H/in                  ; 0 F/in                  ; short         ; -                   ; open           ; open             ; open   ; 0 in             ; 0 H/in                 ; 0 F/in                 ; short        ; open          ; open            ; open  ; 0 V                 ; -                  ; n/a           ; n/a             ; n/a         ;
; SDRAM_BA[0]   ; 3.3-V LVTTL  ; 0 in              ; 0 H/in                  ; 0 F/in                  ; short         ; -                   ; open           ; open             ; open   ; 0 in             ; 0 H/in                 ; 0 F/in                 ; short        ; open          ; open            ; open  ; 0 V                 ; -                  ; n/a           ; n/a             ; n/a         ;
; SDRAM_BA[1]   ; 3.3-V LVTTL  ; 0 in              ; 0 H/in                  ; 0 F/in                  ; short         ; -                   ; open           ; open             ; open   ; 0 in             ; 0 H/in                 ; 0 F/in                 ; short        ; open          ; open            ; open  ; 0 V                 ; -                  ; n/a           ; n/a             ; n/a         ;
; SDRAM_CLK     ; 3.3-V LVTTL  ; 0 in              ; 0 H/in                  ; 0 F/in                  ; short         ; -                   ; open           ; open             ; open   ; 0 in             ; 0 H/in                 ; 0 F/in                 ; short        ; open          ; open            ; open  ; 0 V                 ; -                  ; n/a           ; n/a             ; n/a         ;
; SDRAM_CKE     ; 3.3-V LVTTL  ; 0 in              ; 0 H/in                  ; 0 F/in                  ; short         ; -                   ; open           ; open             ; open   ; 0 in             ; 0 H/in                 ; 0 F/in                 ; short        ; open          ; open            ; open  ; 0 V                 ; -                  ; n/a           ; n/a             ; n/a         ;
; VGA_R[0]      ; 3.3-V LVTTL  ; 0 in              ; 0 H/in                  ; 0 F/in                  ; short         ; -                   ; open           ; open             ; open   ; 0 in             ; 0 H/in                 ; 0 F/in                 ; short        ; open          ; open            ; open  ; 0 V                 ; -                  ; n/a           ; n/a             ; n/a         ;
; VGA_R[1]      ; 3.3-V LVTTL  ; 0 in              ; 0 H/in                  ; 0 F/in                  ; short         ; -                   ; open           ; open             ; open   ; 0 in             ; 0 H/in                 ; 0 F/in                 ; short        ; open          ; open            ; open  ; 0 V                 ; -                  ; n/a           ; n/a             ; n/a         ;
; VGA_R[2]      ; 3.3-V LVTTL  ; 0 in              ; 0 H/in                  ; 0 F/in                  ; short         ; -                   ; open           ; open             ; open   ; 0 in             ; 0 H/in                 ; 0 F/in                 ; short        ; open          ; open            ; open  ; 0 V                 ; -                  ; n/a           ; n/a             ; n/a         ;
; VGA_R[3]      ; 3.3-V LVTTL  ; 0 in              ; 0 H/in                  ; 0 F/in                  ; short         ; -                   ; open           ; open             ; open   ; 0 in             ; 0 H/in                 ; 0 F/in                 ; short        ; open          ; open            ; open  ; 0 V                 ; -                  ; n/a           ; n/a             ; n/a         ;
; VGA_R[4]      ; 3.3-V LVTTL  ; 0 in              ; 0 H/in                  ; 0 F/in                  ; short         ; -                   ; open           ; open             ; open   ; 0 in             ; 0 H/in                 ; 0 F/in                 ; short        ; open          ; open            ; open  ; 0 V                 ; -                  ; n/a           ; n/a             ; n/a         ;
; VGA_R[5]      ; 3.3-V LVTTL  ; 0 in              ; 0 H/in                  ; 0 F/in                  ; short         ; -                   ; open           ; open             ; open   ; 0 in             ; 0 H/in                 ; 0 F/in                 ; short        ; open          ; open            ; open  ; 0 V                 ; -                  ; n/a           ; n/a             ; n/a         ;
; VGA_G[0]      ; 3.3-V LVTTL  ; 0 in              ; 0 H/in                  ; 0 F/in                  ; short         ; -                   ; open           ; open             ; open   ; 0 in             ; 0 H/in                 ; 0 F/in                 ; short        ; open          ; open            ; open  ; 0 V                 ; -                  ; n/a           ; n/a             ; n/a         ;
; VGA_G[1]      ; 3.3-V LVTTL  ; 0 in              ; 0 H/in                  ; 0 F/in                  ; short         ; -                   ; open           ; open             ; open   ; 0 in             ; 0 H/in                 ; 0 F/in                 ; short        ; open          ; open            ; open  ; 0 V                 ; -                  ; n/a           ; n/a             ; n/a         ;
; VGA_G[2]      ; 3.3-V LVTTL  ; 0 in              ; 0 H/in                  ; 0 F/in                  ; short         ; -                   ; open           ; open             ; open   ; 0 in             ; 0 H/in                 ; 0 F/in                 ; short        ; open          ; open            ; open  ; 0 V                 ; -                  ; n/a           ; n/a             ; n/a         ;
; VGA_G[3]      ; 3.3-V LVTTL  ; 0 in              ; 0 H/in                  ; 0 F/in                  ; short         ; -                   ; open           ; open             ; open   ; 0 in             ; 0 H/in                 ; 0 F/in                 ; short        ; open          ; open            ; open  ; 0 V                 ; -                  ; n/a           ; n/a             ; n/a         ;
; VGA_G[4]      ; 3.3-V LVTTL  ; 0 in              ; 0 H/in                  ; 0 F/in                  ; short         ; -                   ; open           ; open             ; open   ; 0 in             ; 0 H/in                 ; 0 F/in                 ; short        ; open          ; open            ; open  ; 0 V                 ; -                  ; n/a           ; n/a             ; n/a         ;
; VGA_G[5]      ; 3.3-V LVTTL  ; 0 in              ; 0 H/in                  ; 0 F/in                  ; short         ; -                   ; open           ; open             ; open   ; 0 in             ; 0 H/in                 ; 0 F/in                 ; short        ; open          ; open            ; open  ; 0 V                 ; -                  ; n/a           ; n/a             ; n/a         ;
; VGA_B[0]      ; 3.3-V LVTTL  ; 0 in              ; 0 H/in                  ; 0 F/in                  ; short         ; -                   ; open           ; open             ; open   ; 0 in             ; 0 H/in                 ; 0 F/in                 ; short        ; open          ; open            ; open  ; 0 V                 ; -                  ; n/a           ; n/a             ; n/a         ;
; VGA_B[1]      ; 3.3-V LVTTL  ; 0 in              ; 0 H/in                  ; 0 F/in                  ; short         ; -                   ; open           ; open             ; open   ; 0 in             ; 0 H/in                 ; 0 F/in                 ; short        ; open          ; open            ; open  ; 0 V                 ; -                  ; n/a           ; n/a             ; n/a         ;
; VGA_B[2]      ; 3.3-V LVTTL  ; 0 in              ; 0 H/in                  ; 0 F/in                  ; short         ; -                   ; open           ; open             ; open   ; 0 in             ; 0 H/in                 ; 0 F/in                 ; short        ; open          ; open            ; open  ; 0 V                 ; -                  ; n/a           ; n/a             ; n/a         ;
; VGA_B[3]      ; 3.3-V LVTTL  ; 0 in              ; 0 H/in                  ; 0 F/in                  ; short         ; -                   ; open           ; open             ; open   ; 0 in             ; 0 H/in                 ; 0 F/in                 ; short        ; open          ; open            ; open  ; 0 V                 ; -                  ; n/a           ; n/a             ; n/a         ;
; VGA_B[4]      ; 3.3-V LVTTL  ; 0 in              ; 0 H/in                  ; 0 F/in                  ; short         ; -                   ; open           ; open             ; open   ; 0 in             ; 0 H/in                 ; 0 F/in                 ; short        ; open          ; open            ; open  ; 0 V                 ; -                  ; n/a           ; n/a             ; n/a         ;
; VGA_B[5]      ; 3.3-V LVTTL  ; 0 in              ; 0 H/in                  ; 0 F/in                  ; short         ; -                   ; open           ; open             ; open   ; 0 in             ; 0 H/in                 ; 0 F/in                 ; short        ; open          ; open            ; open  ; 0 V                 ; -                  ; n/a           ; n/a             ; n/a         ;
; VGA_VS        ; 3.3-V LVTTL  ; 0 in              ; 0 H/in                  ; 0 F/in                  ; short         ; -                   ; open           ; open             ; open   ; 0 in             ; 0 H/in                 ; 0 F/in                 ; short        ; open          ; open            ; open  ; 0 V                 ; -                  ; n/a           ; n/a             ; n/a         ;
; AUDIO_L       ; 3.3-V LVTTL  ; 0 in              ; 0 H/in                  ; 0 F/in                  ; short         ; -                   ; open           ; open             ; open   ; 0 in             ; 0 H/in                 ; 0 F/in                 ; short        ; open          ; open            ; open  ; 0 V                 ; -                  ; n/a           ; n/a             ; n/a         ;
; AUDIO_R       ; 3.3-V LVTTL  ; 0 in              ; 0 H/in                  ; 0 F/in                  ; short         ; -                   ; open           ; open             ; open   ; 0 in             ; 0 H/in                 ; 0 F/in                 ; short        ; open          ; open            ; open  ; 0 V                 ; -                  ; n/a           ; n/a             ; n/a         ;
; AUDIO_SPDIF   ; 3.3-V LVTTL  ; 0 in              ; 0 H/in                  ; 0 F/in                  ; short         ; -                   ; open           ; open             ; open   ; 0 in             ; 0 H/in                 ; 0 F/in                 ; short        ; open          ; open            ; open  ; 0 V                 ; -                  ; n/a           ; n/a             ; n/a         ;
; SDIO_CLK      ; 3.3-V LVTTL  ; 0 in              ; 0 H/in                  ; 0 F/in                  ; short         ; -                   ; open           ; open             ; open   ; 0 in             ; 0 H/in                 ; 0 F/in                 ; short        ; open          ; open            ; open  ; 0 V                 ; -                  ; n/a           ; n/a             ; n/a         ;
; LED_USER      ; 3.3-V LVTTL  ; 0 in              ; 0 H/in                  ; 0 F/in                  ; short         ; -                   ; open           ; open             ; open   ; 0 in             ; 0 H/in                 ; 0 F/in                 ; short        ; open          ; open            ; open  ; 0 V                 ; -                  ; n/a           ; n/a             ; n/a         ;
; LED_HDD       ; 3.3-V LVTTL  ; 0 in              ; 0 H/in                  ; 0 F/in                  ; short         ; -                   ; open           ; open             ; open   ; 0 in             ; 0 H/in                 ; 0 F/in                 ; short        ; open          ; open            ; open  ; 0 V                 ; -                  ; n/a           ; n/a             ; n/a         ;
; LED_POWER     ; 3.3-V LVTTL  ; 0 in              ; 0 H/in                  ; 0 F/in                  ; short         ; -                   ; open           ; open             ; open   ; 0 in             ; 0 H/in                 ; 0 F/in                 ; short        ; open          ; open            ; open  ; 0 V                 ; -                  ; n/a           ; n/a             ; n/a         ;
; SD_SPI_CS     ; 3.3-V LVTTL  ; 0 in              ; 0 H/in                  ; 0 F/in                  ; short         ; -                   ; open           ; open             ; open   ; 0 in             ; 0 H/in                 ; 0 F/in                 ; short        ; open          ; open            ; open  ; 0 V                 ; -                  ; n/a           ; n/a             ; n/a         ;
; SD_SPI_CLK    ; 3.3-V LVTTL  ; 0 in              ; 0 H/in                  ; 0 F/in                  ; short         ; -                   ; open           ; open             ; open   ; 0 in             ; 0 H/in                 ; 0 F/in                 ; short        ; open          ; open            ; open  ; 0 V                 ; -                  ; n/a           ; n/a             ; n/a         ;
; SD_SPI_MOSI   ; 3.3-V LVTTL  ; 0 in              ; 0 H/in                  ; 0 F/in                  ; short         ; -                   ; open           ; open             ; open   ; 0 in             ; 0 H/in                 ; 0 F/in                 ; short        ; open          ; open            ; open  ; 0 V                 ; -                  ; n/a           ; n/a             ; n/a         ;
; IO_SCL        ; 3.3-V LVTTL  ; 0 in              ; 0 H/in                  ; 0 F/in                  ; short         ; -                   ; open           ; open             ; open   ; 0 in             ; 0 H/in                 ; 0 F/in                 ; short        ; open          ; open            ; open  ; 0 V                 ; -                  ; n/a           ; n/a             ; n/a         ;
; ADC_SCK       ; 3.3-V LVTTL  ; 0 in              ; 0 H/in                  ; 0 F/in                  ; short         ; -                   ; open           ; open             ; open   ; 0 in             ; 0 H/in                 ; 0 F/in                 ; short        ; open          ; open            ; open  ; 0 V                 ; -                  ; n/a           ; n/a             ; n/a         ;
; ADC_SDI       ; 3.3-V LVTTL  ; 0 in              ; 0 H/in                  ; 0 F/in                  ; short         ; -                   ; open           ; open             ; open   ; 0 in             ; 0 H/in                 ; 0 F/in                 ; short        ; open          ; open            ; open  ; 0 V                 ; -                  ; n/a           ; n/a             ; n/a         ;
; ADC_CONVST    ; 3.3-V LVTTL  ; 0 in              ; 0 H/in                  ; 0 F/in                  ; short         ; -                   ; open           ; open             ; open   ; 0 in             ; 0 H/in                 ; 0 F/in                 ; short        ; open          ; open            ; open  ; 0 V                 ; -                  ; n/a           ; n/a             ; n/a         ;
; LED[0]        ; 3.3-V LVTTL  ; 0 in              ; 0 H/in                  ; 0 F/in                  ; short         ; -                   ; open           ; open             ; open   ; 0 in             ; 0 H/in                 ; 0 F/in                 ; short        ; open          ; open            ; open  ; 0 V                 ; -                  ; n/a           ; n/a             ; n/a         ;
; LED[1]        ; 3.3-V LVTTL  ; 0 in              ; 0 H/in                  ; 0 F/in                  ; short         ; -                   ; open           ; open             ; open   ; 0 in             ; 0 H/in                 ; 0 F/in                 ; short        ; open          ; open            ; open  ; 0 V                 ; -                  ; n/a           ; n/a             ; n/a         ;
; LED[2]        ; 3.3-V LVTTL  ; 0 in              ; 0 H/in                  ; 0 F/in                  ; short         ; -                   ; open           ; open             ; open   ; 0 in             ; 0 H/in                 ; 0 F/in                 ; short        ; open          ; open            ; open  ; 0 V                 ; -                  ; n/a           ; n/a             ; n/a         ;
; LED[3]        ; 3.3-V LVTTL  ; 0 in              ; 0 H/in                  ; 0 F/in                  ; short         ; -                   ; open           ; open             ; open   ; 0 in             ; 0 H/in                 ; 0 F/in                 ; short        ; open          ; open            ; open  ; 0 V                 ; -                  ; n/a           ; n/a             ; n/a         ;
; LED[4]        ; 3.3-V LVTTL  ; 0 in              ; 0 H/in                  ; 0 F/in                  ; short         ; -                   ; open           ; open             ; open   ; 0 in             ; 0 H/in                 ; 0 F/in                 ; short        ; open          ; open            ; open  ; 0 V                 ; -                  ; n/a           ; n/a             ; n/a         ;
; LED[5]        ; 3.3-V LVTTL  ; 0 in              ; 0 H/in                  ; 0 F/in                  ; short         ; -                   ; open           ; open             ; open   ; 0 in             ; 0 H/in                 ; 0 F/in                 ; short        ; open          ; open            ; open  ; 0 V                 ; -                  ; n/a           ; n/a             ; n/a         ;
; LED[6]        ; 3.3-V LVTTL  ; 0 in              ; 0 H/in                  ; 0 F/in                  ; short         ; -                   ; open           ; open             ; open   ; 0 in             ; 0 H/in                 ; 0 F/in                 ; short        ; open          ; open            ; open  ; 0 V                 ; -                  ; n/a           ; n/a             ; n/a         ;
; LED[7]        ; 3.3-V LVTTL  ; 0 in              ; 0 H/in                  ; 0 F/in                  ; short         ; -                   ; open           ; open             ; open   ; 0 in             ; 0 H/in                 ; 0 F/in                 ; short        ; open          ; open            ; open  ; 0 V                 ; -                  ; n/a           ; n/a             ; n/a         ;
; HDMI_I2C_SDA  ; 3.3-V LVTTL  ; 0 in              ; 0 H/in                  ; 0 F/in                  ; short         ; -                   ; open           ; open             ; open   ; 0 in             ; 0 H/in                 ; 0 F/in                 ; short        ; open          ; open            ; open  ; 0 V                 ; -                  ; n/a           ; n/a             ; n/a         ;
; SDRAM_DQ[0]   ; 3.3-V LVTTL  ; 0 in              ; 0 H/in                  ; 0 F/in                  ; short         ; -                   ; open           ; open             ; open   ; 0 in             ; 0 H/in                 ; 0 F/in                 ; short        ; open          ; open            ; open  ; 0 V                 ; -                  ; n/a           ; n/a             ; n/a         ;
; SDRAM_DQ[1]   ; 3.3-V LVTTL  ; 0 in              ; 0 H/in                  ; 0 F/in                  ; short         ; -                   ; open           ; open             ; open   ; 0 in             ; 0 H/in                 ; 0 F/in                 ; short        ; open          ; open            ; open  ; 0 V                 ; -                  ; n/a           ; n/a             ; n/a         ;
; SDRAM_DQ[2]   ; 3.3-V LVTTL  ; 0 in              ; 0 H/in                  ; 0 F/in                  ; short         ; -                   ; open           ; open             ; open   ; 0 in             ; 0 H/in                 ; 0 F/in                 ; short        ; open          ; open            ; open  ; 0 V                 ; -                  ; n/a           ; n/a             ; n/a         ;
; SDRAM_DQ[3]   ; 3.3-V LVTTL  ; 0 in              ; 0 H/in                  ; 0 F/in                  ; short         ; -                   ; open           ; open             ; open   ; 0 in             ; 0 H/in                 ; 0 F/in                 ; short        ; open          ; open            ; open  ; 0 V                 ; -                  ; n/a           ; n/a             ; n/a         ;
; SDRAM_DQ[4]   ; 3.3-V LVTTL  ; 0 in              ; 0 H/in                  ; 0 F/in                  ; short         ; -                   ; open           ; open             ; open   ; 0 in             ; 0 H/in                 ; 0 F/in                 ; short        ; open          ; open            ; open  ; 0 V                 ; -                  ; n/a           ; n/a             ; n/a         ;
; SDRAM_DQ[5]   ; 3.3-V LVTTL  ; 0 in              ; 0 H/in                  ; 0 F/in                  ; short         ; -                   ; open           ; open             ; open   ; 0 in             ; 0 H/in                 ; 0 F/in                 ; short        ; open          ; open            ; open  ; 0 V                 ; -                  ; n/a           ; n/a             ; n/a         ;
; SDRAM_DQ[6]   ; 3.3-V LVTTL  ; 0 in              ; 0 H/in                  ; 0 F/in                  ; short         ; -                   ; open           ; open             ; open   ; 0 in             ; 0 H/in                 ; 0 F/in                 ; short        ; open          ; open            ; open  ; 0 V                 ; -                  ; n/a           ; n/a             ; n/a         ;
; SDRAM_DQ[7]   ; 3.3-V LVTTL  ; 0 in              ; 0 H/in                  ; 0 F/in                  ; short         ; -                   ; open           ; open             ; open   ; 0 in             ; 0 H/in                 ; 0 F/in                 ; short        ; open          ; open            ; open  ; 0 V                 ; -                  ; n/a           ; n/a             ; n/a         ;
; SDRAM_DQ[8]   ; 3.3-V LVTTL  ; 0 in              ; 0 H/in                  ; 0 F/in                  ; short         ; -                   ; open           ; open             ; open   ; 0 in             ; 0 H/in                 ; 0 F/in                 ; short        ; open          ; open            ; open  ; 0 V                 ; -                  ; n/a           ; n/a             ; n/a         ;
; SDRAM_DQ[9]   ; 3.3-V LVTTL  ; 0 in              ; 0 H/in                  ; 0 F/in                  ; short         ; -                   ; open           ; open             ; open   ; 0 in             ; 0 H/in                 ; 0 F/in                 ; short        ; open          ; open            ; open  ; 0 V                 ; -                  ; n/a           ; n/a             ; n/a         ;
; SDRAM_DQ[10]  ; 3.3-V LVTTL  ; 0 in              ; 0 H/in                  ; 0 F/in                  ; short         ; -                   ; open           ; open             ; open   ; 0 in             ; 0 H/in                 ; 0 F/in                 ; short        ; open          ; open            ; open  ; 0 V                 ; -                  ; n/a           ; n/a             ; n/a         ;
; SDRAM_DQ[11]  ; 3.3-V LVTTL  ; 0 in              ; 0 H/in                  ; 0 F/in                  ; short         ; -                   ; open           ; open             ; open   ; 0 in             ; 0 H/in                 ; 0 F/in                 ; short        ; open          ; open            ; open  ; 0 V                 ; -                  ; n/a           ; n/a             ; n/a         ;
; SDRAM_DQ[12]  ; 3.3-V LVTTL  ; 0 in              ; 0 H/in                  ; 0 F/in                  ; short         ; -                   ; open           ; open             ; open   ; 0 in             ; 0 H/in                 ; 0 F/in                 ; short        ; open          ; open            ; open  ; 0 V                 ; -                  ; n/a           ; n/a             ; n/a         ;
; SDRAM_DQ[13]  ; 3.3-V LVTTL  ; 0 in              ; 0 H/in                  ; 0 F/in                  ; short         ; -                   ; open           ; open             ; open   ; 0 in             ; 0 H/in                 ; 0 F/in                 ; short        ; open          ; open            ; open  ; 0 V                 ; -                  ; n/a           ; n/a             ; n/a         ;
; SDRAM_DQ[14]  ; 3.3-V LVTTL  ; 0 in              ; 0 H/in                  ; 0 F/in                  ; short         ; -                   ; open           ; open             ; open   ; 0 in             ; 0 H/in                 ; 0 F/in                 ; short        ; open          ; open            ; open  ; 0 V                 ; -                  ; n/a           ; n/a             ; n/a         ;
; SDRAM_DQ[15]  ; 3.3-V LVTTL  ; 0 in              ; 0 H/in                  ; 0 F/in                  ; short         ; -                   ; open           ; open             ; open   ; 0 in             ; 0 H/in                 ; 0 F/in                 ; short        ; open          ; open            ; open  ; 0 V                 ; -                  ; n/a           ; n/a             ; n/a         ;
; VGA_HS        ; 3.3-V LVTTL  ; 0 in              ; 0 H/in                  ; 0 F/in                  ; short         ; -                   ; open           ; open             ; open   ; 0 in             ; 0 H/in                 ; 0 F/in                 ; short        ; open          ; open            ; open  ; 0 V                 ; -                  ; n/a           ; n/a             ; n/a         ;
; SDIO_DAT[0]   ; 3.3-V LVTTL  ; 0 in              ; 0 H/in                  ; 0 F/in                  ; short         ; -                   ; open           ; open             ; open   ; 0 in             ; 0 H/in                 ; 0 F/in                 ; short        ; open          ; open            ; open  ; 0 V                 ; -                  ; n/a           ; n/a             ; n/a         ;
; SDIO_DAT[1]   ; 3.3-V LVTTL  ; 0 in              ; 0 H/in                  ; 0 F/in                  ; short         ; -                   ; open           ; open             ; open   ; 0 in             ; 0 H/in                 ; 0 F/in                 ; short        ; open          ; open            ; open  ; 0 V                 ; -                  ; n/a           ; n/a             ; n/a         ;
; SDIO_DAT[2]   ; 3.3-V LVTTL  ; 0 in              ; 0 H/in                  ; 0 F/in                  ; short         ; -                   ; open           ; open             ; open   ; 0 in             ; 0 H/in                 ; 0 F/in                 ; short        ; open          ; open            ; open  ; 0 V                 ; -                  ; n/a           ; n/a             ; n/a         ;
; SDIO_DAT[3]   ; 3.3-V LVTTL  ; 0 in              ; 0 H/in                  ; 0 F/in                  ; short         ; -                   ; open           ; open             ; open   ; 0 in             ; 0 H/in                 ; 0 F/in                 ; short        ; open          ; open            ; open  ; 0 V                 ; -                  ; n/a           ; n/a             ; n/a         ;
; SDIO_CMD      ; 3.3-V LVTTL  ; 0 in              ; 0 H/in                  ; 0 F/in                  ; short         ; -                   ; open           ; open             ; open   ; 0 in             ; 0 H/in                 ; 0 F/in                 ; short        ; open          ; open            ; open  ; 0 V                 ; -                  ; n/a           ; n/a             ; n/a         ;
; SDCD_SPDIF    ; 3.3-V LVTTL  ; 0 in              ; 0 H/in                  ; 0 F/in                  ; short         ; -                   ; open           ; open             ; open   ; 0 in             ; 0 H/in                 ; 0 F/in                 ; short        ; open          ; open            ; open  ; 0 V                 ; -                  ; n/a           ; n/a             ; n/a         ;
; IO_SDA        ; 3.3-V LVTTL  ; 0 in              ; 0 H/in                  ; 0 F/in                  ; short         ; -                   ; open           ; open             ; open   ; 0 in             ; 0 H/in                 ; 0 F/in                 ; short        ; open          ; open            ; open  ; 0 V                 ; -                  ; n/a           ; n/a             ; n/a         ;
; USER_IO[0]    ; 3.3-V LVTTL  ; 0 in              ; 0 H/in                  ; 0 F/in                  ; short         ; -                   ; open           ; open             ; open   ; 0 in             ; 0 H/in                 ; 0 F/in                 ; short        ; open          ; open            ; open  ; 0 V                 ; -                  ; n/a           ; n/a             ; n/a         ;
; USER_IO[1]    ; 3.3-V LVTTL  ; 0 in              ; 0 H/in                  ; 0 F/in                  ; short         ; -                   ; open           ; open             ; open   ; 0 in             ; 0 H/in                 ; 0 F/in                 ; short        ; open          ; open            ; open  ; 0 V                 ; -                  ; n/a           ; n/a             ; n/a         ;
; USER_IO[2]    ; 3.3-V LVTTL  ; 0 in              ; 0 H/in                  ; 0 F/in                  ; short         ; -                   ; open           ; open             ; open   ; 0 in             ; 0 H/in                 ; 0 F/in                 ; short        ; open          ; open            ; open  ; 0 V                 ; -                  ; n/a           ; n/a             ; n/a         ;
; USER_IO[3]    ; 3.3-V LVTTL  ; 0 in              ; 0 H/in                  ; 0 F/in                  ; short         ; -                   ; open           ; open             ; open   ; 0 in             ; 0 H/in                 ; 0 F/in                 ; short        ; open          ; open            ; open  ; 0 V                 ; -                  ; n/a           ; n/a             ; n/a         ;
; USER_IO[4]    ; 3.3-V LVTTL  ; 0 in              ; 0 H/in                  ; 0 F/in                  ; short         ; -                   ; open           ; open             ; open   ; 0 in             ; 0 H/in                 ; 0 F/in                 ; short        ; open          ; open            ; open  ; 0 V                 ; -                  ; n/a           ; n/a             ; n/a         ;
; USER_IO[5]    ; 3.3-V LVTTL  ; 0 in              ; 0 H/in                  ; 0 F/in                  ; short         ; -                   ; open           ; open             ; open   ; 0 in             ; 0 H/in                 ; 0 F/in                 ; short        ; open          ; open            ; open  ; 0 V                 ; -                  ; n/a           ; n/a             ; n/a         ;
; USER_IO[6]    ; 3.3-V LVTTL  ; 0 in              ; 0 H/in                  ; 0 F/in                  ; short         ; -                   ; open           ; open             ; open   ; 0 in             ; 0 H/in                 ; 0 F/in                 ; short        ; open          ; open            ; open  ; 0 V                 ; -                  ; n/a           ; n/a             ; n/a         ;
+---------------+--------------+-------------------+-------------------------+-------------------------+---------------+---------------------+----------------+------------------+--------+------------------+------------------------+------------------------+--------------+---------------+-----------------+-------+---------------------+--------------------+---------------+-----------------+-------------+


+-----------------------------------------------------------------+
; Input Transition Times                                          ;
+--------------+--------------+-----------------+-----------------+
; Pin          ; I/O Standard ; 10-90 Rise Time ; 90-10 Fall Time ;
+--------------+--------------+-----------------+-----------------+
; FPGA_CLK1_50 ; 3.3-V LVTTL  ; 2640 ps         ; 2640 ps         ;
; HDMI_TX_INT  ; 3.3-V LVTTL  ; 2640 ps         ; 2640 ps         ;
; SD_SPI_MISO  ; 3.3-V LVTTL  ; 2640 ps         ; 2640 ps         ;
; ADC_SDO      ; 3.3-V LVTTL  ; 2640 ps         ; 2640 ps         ;
; HDMI_I2C_SDA ; 3.3-V LVTTL  ; 2640 ps         ; 2640 ps         ;
; SDRAM_DQ[0]  ; 3.3-V LVTTL  ; 2640 ps         ; 2640 ps         ;
; SDRAM_DQ[1]  ; 3.3-V LVTTL  ; 2640 ps         ; 2640 ps         ;
; SDRAM_DQ[2]  ; 3.3-V LVTTL  ; 2640 ps         ; 2640 ps         ;
; SDRAM_DQ[3]  ; 3.3-V LVTTL  ; 2640 ps         ; 2640 ps         ;
; SDRAM_DQ[4]  ; 3.3-V LVTTL  ; 2640 ps         ; 2640 ps         ;
; SDRAM_DQ[5]  ; 3.3-V LVTTL  ; 2640 ps         ; 2640 ps         ;
; SDRAM_DQ[6]  ; 3.3-V LVTTL  ; 2640 ps         ; 2640 ps         ;
; SDRAM_DQ[7]  ; 3.3-V LVTTL  ; 2640 ps         ; 2640 ps         ;
; SDRAM_DQ[8]  ; 3.3-V LVTTL  ; 2640 ps         ; 2640 ps         ;
; SDRAM_DQ[9]  ; 3.3-V LVTTL  ; 2640 ps         ; 2640 ps         ;
; SDRAM_DQ[10] ; 3.3-V LVTTL  ; 2640 ps         ; 2640 ps         ;
; SDRAM_DQ[11] ; 3.3-V LVTTL  ; 2640 ps         ; 2640 ps         ;
; SDRAM_DQ[12] ; 3.3-V LVTTL  ; 2640 ps         ; 2640 ps         ;
; SDRAM_DQ[13] ; 3.3-V LVTTL  ; 2640 ps         ; 2640 ps         ;
; SDRAM_DQ[14] ; 3.3-V LVTTL  ; 2640 ps         ; 2640 ps         ;
; SDRAM_DQ[15] ; 3.3-V LVTTL  ; 2640 ps         ; 2640 ps         ;
; VGA_HS       ; 3.3-V LVTTL  ; 2640 ps         ; 2640 ps         ;
; SDIO_DAT[0]  ; 3.3-V LVTTL  ; 2640 ps         ; 2640 ps         ;
; SDIO_DAT[1]  ; 3.3-V LVTTL  ; 2640 ps         ; 2640 ps         ;
; SDIO_DAT[2]  ; 3.3-V LVTTL  ; 2640 ps         ; 2640 ps         ;
; SDIO_DAT[3]  ; 3.3-V LVTTL  ; 2640 ps         ; 2640 ps         ;
; SDIO_CMD     ; 3.3-V LVTTL  ; 2640 ps         ; 2640 ps         ;
; SDCD_SPDIF   ; 3.3-V LVTTL  ; 2640 ps         ; 2640 ps         ;
; IO_SDA       ; 3.3-V LVTTL  ; 2640 ps         ; 2640 ps         ;
; USER_IO[0]   ; 3.3-V LVTTL  ; 2640 ps         ; 2640 ps         ;
; USER_IO[1]   ; 3.3-V LVTTL  ; 2640 ps         ; 2640 ps         ;
; USER_IO[2]   ; 3.3-V LVTTL  ; 2640 ps         ; 2640 ps         ;
; USER_IO[3]   ; 3.3-V LVTTL  ; 2640 ps         ; 2640 ps         ;
; USER_IO[4]   ; 3.3-V LVTTL  ; 2640 ps         ; 2640 ps         ;
; USER_IO[5]   ; 3.3-V LVTTL  ; 2640 ps         ; 2640 ps         ;
; USER_IO[6]   ; 3.3-V LVTTL  ; 2640 ps         ; 2640 ps         ;
; SW[3]        ; 3.3-V LVTTL  ; 2640 ps         ; 2640 ps         ;
; BTN_RESET    ; 3.3-V LVTTL  ; 2640 ps         ; 2640 ps         ;
; FPGA_CLK3_50 ; 3.3-V LVTTL  ; 2640 ps         ; 2640 ps         ;
; VGA_EN       ; 3.3-V LVTTL  ; 2640 ps         ; 2640 ps         ;
; SW[0]        ; 3.3-V LVTTL  ; 2640 ps         ; 2640 ps         ;
; SW[2]        ; 3.3-V LVTTL  ; 2640 ps         ; 2640 ps         ;
; FPGA_CLK2_50 ; 3.3-V LVTTL  ; 2640 ps         ; 2640 ps         ;
; SW[1]        ; 3.3-V LVTTL  ; 2640 ps         ; 2640 ps         ;
; KEY[0]       ; 3.3-V LVTTL  ; 2640 ps         ; 2640 ps         ;
; BTN_OSD      ; 3.3-V LVTTL  ; 2640 ps         ; 2640 ps         ;
; KEY[1]       ; 3.3-V LVTTL  ; 2640 ps         ; 2640 ps         ;
; BTN_USER     ; 3.3-V LVTTL  ; 2640 ps         ; 2640 ps         ;
+--------------+--------------+-----------------+-----------------+


+--------------------------------------------------------------------------------------------------------------------------------------------------------------------------------------------------------------------------------------------------------------------------------------------------------------------------------------------------------------------------------------------------------------------------------------------------------------------------------------------------------------------------------------------------------------------------------------------------------------------------------------------------------------------------------------------+
; Signal Integrity Metrics (Slow 1100mv 100c Model)                                                                                                                                                                                                                                                                                                                                                                                                                                                                                                                                                                                                                                          ;
+---------------+--------------+---------------------+---------------------+------------------------------+------------------------------+---------------------+---------------------+--------------------------------------+--------------------------------------+-----------------------------+-----------------------------+----------------------------+----------------------------+-----------------------------+-----------------------------+--------------------+--------------------+-------------------------------------+-------------------------------------+----------------------------+----------------------------+---------------------------+---------------------------+
; Pin           ; I/O Standard ; Board Delay on Rise ; Board Delay on Fall ; Steady State Voh at FPGA Pin ; Steady State Vol at FPGA Pin ; Voh Max at FPGA Pin ; Vol Min at FPGA Pin ; Ringback Voltage on Rise at FPGA Pin ; Ringback Voltage on Fall at FPGA Pin ; 10-90 Rise Time at FPGA Pin ; 90-10 Fall Time at FPGA Pin ; Monotonic Rise at FPGA Pin ; Monotonic Fall at FPGA Pin ; Steady State Voh at Far-end ; Steady State Vol at Far-end ; Voh Max at Far-end ; Vol Min at Far-end ; Ringback Voltage on Rise at Far-end ; Ringback Voltage on Fall at Far-end ; 10-90 Rise Time at Far-end ; 90-10 Fall Time at Far-end ; Monotonic Rise at Far-end ; Monotonic Fall at Far-end ;
+---------------+--------------+---------------------+---------------------+------------------------------+------------------------------+---------------------+---------------------+--------------------------------------+--------------------------------------+-----------------------------+-----------------------------+----------------------------+----------------------------+-----------------------------+-----------------------------+--------------------+--------------------+-------------------------------------+-------------------------------------+----------------------------+----------------------------+---------------------------+---------------------------+
; HDMI_I2C_SCL  ; 3.3-V LVTTL  ; 0 s                 ; 0 s                 ; 3.08 V                       ; 3.87e-05 V                   ; 3.11 V              ; -0.0814 V           ; 0.131 V                              ; 0.136 V                              ; 5.88e-10 s                  ; 3.2e-10 s                   ; Yes                        ; Yes                        ; 3.08 V                      ; 3.87e-05 V                  ; 3.11 V             ; -0.0814 V          ; 0.131 V                             ; 0.136 V                             ; 5.88e-10 s                 ; 3.2e-10 s                  ; Yes                       ; Yes                       ;
; HDMI_MCLK     ; 3.3-V LVTTL  ; 0 s                 ; 0 s                 ; 3.08 V                       ; 3.09e-05 V                   ; 3.09 V              ; -0.0462 V           ; 0.045 V                              ; 0.085 V                              ; 5.49e-10 s                  ; 3.06e-10 s                  ; Yes                        ; Yes                        ; 3.08 V                      ; 3.09e-05 V                  ; 3.09 V             ; -0.0462 V          ; 0.045 V                             ; 0.085 V                             ; 5.49e-10 s                 ; 3.06e-10 s                 ; Yes                       ; Yes                       ;
; HDMI_SCLK     ; 3.3-V LVTTL  ; 0 s                 ; 0 s                 ; 3.08 V                       ; 3.09e-05 V                   ; 3.09 V              ; -0.0462 V           ; 0.045 V                              ; 0.085 V                              ; 5.49e-10 s                  ; 3.06e-10 s                  ; Yes                        ; Yes                        ; 3.08 V                      ; 3.09e-05 V                  ; 3.09 V             ; -0.0462 V          ; 0.045 V                             ; 0.085 V                             ; 5.49e-10 s                 ; 3.06e-10 s                 ; Yes                       ; Yes                       ;
; HDMI_LRCLK    ; 3.3-V LVTTL  ; 0 s                 ; 0 s                 ; 3.08 V                       ; 3.87e-05 V                   ; 3.11 V              ; -0.0814 V           ; 0.131 V                              ; 0.136 V                              ; 5.88e-10 s                  ; 3.2e-10 s                   ; Yes                        ; Yes                        ; 3.08 V                      ; 3.87e-05 V                  ; 3.11 V             ; -0.0814 V          ; 0.131 V                             ; 0.136 V                             ; 5.88e-10 s                 ; 3.2e-10 s                  ; Yes                       ; Yes                       ;
; HDMI_I2S      ; 3.3-V LVTTL  ; 0 s                 ; 0 s                 ; 3.08 V                       ; 3.87e-05 V                   ; 3.11 V              ; -0.0814 V           ; 0.131 V                              ; 0.136 V                              ; 5.88e-10 s                  ; 3.2e-10 s                   ; Yes                        ; Yes                        ; 3.08 V                      ; 3.87e-05 V                  ; 3.11 V             ; -0.0814 V          ; 0.131 V                             ; 0.136 V                             ; 5.88e-10 s                 ; 3.2e-10 s                  ; Yes                       ; Yes                       ;
; HDMI_TX_CLK   ; 3.3-V LVTTL  ; 0 s                 ; 0 s                 ; 3.08 V                       ; 3.73e-05 V                   ; 3.11 V              ; -0.104 V            ; 0.101 V                              ; 0.139 V                              ; 5.54e-10 s                  ; 3.16e-10 s                  ; Yes                        ; Yes                        ; 3.08 V                      ; 3.73e-05 V                  ; 3.11 V             ; -0.104 V           ; 0.101 V                             ; 0.139 V                             ; 5.54e-10 s                 ; 3.16e-10 s                 ; Yes                       ; Yes                       ;
; HDMI_TX_DE    ; 3.3-V LVTTL  ; 0 s                 ; 0 s                 ; 3.08 V                       ; 3.09e-05 V                   ; 3.09 V              ; -0.0462 V           ; 0.045 V                              ; 0.085 V                              ; 5.49e-10 s                  ; 3.06e-10 s                  ; Yes                        ; Yes                        ; 3.08 V                      ; 3.09e-05 V                  ; 3.09 V             ; -0.0462 V          ; 0.045 V                             ; 0.085 V                             ; 5.49e-10 s                 ; 3.06e-10 s                 ; Yes                       ; Yes                       ;
; HDMI_TX_D[0]  ; 3.3-V LVTTL  ; 0 s                 ; 0 s                 ; 3.08 V                       ; 3.09e-05 V                   ; 3.09 V              ; -0.0462 V           ; 0.045 V                              ; 0.085 V                              ; 5.49e-10 s                  ; 3.06e-10 s                  ; Yes                        ; Yes                        ; 3.08 V                      ; 3.09e-05 V                  ; 3.09 V             ; -0.0462 V          ; 0.045 V                             ; 0.085 V                             ; 5.49e-10 s                 ; 3.06e-10 s                 ; Yes                       ; Yes                       ;
; HDMI_TX_D[1]  ; 3.3-V LVTTL  ; 0 s                 ; 0 s                 ; 3.08 V                       ; 3.87e-05 V                   ; 3.11 V              ; -0.0814 V           ; 0.131 V                              ; 0.136 V                              ; 5.88e-10 s                  ; 3.2e-10 s                   ; Yes                        ; Yes                        ; 3.08 V                      ; 3.87e-05 V                  ; 3.11 V             ; -0.0814 V          ; 0.131 V                             ; 0.136 V                             ; 5.88e-10 s                 ; 3.2e-10 s                  ; Yes                       ; Yes                       ;
; HDMI_TX_D[2]  ; 3.3-V LVTTL  ; 0 s                 ; 0 s                 ; 3.08 V                       ; 3.87e-05 V                   ; 3.11 V              ; -0.0814 V           ; 0.131 V                              ; 0.136 V                              ; 5.88e-10 s                  ; 3.2e-10 s                   ; Yes                        ; Yes                        ; 3.08 V                      ; 3.87e-05 V                  ; 3.11 V             ; -0.0814 V          ; 0.131 V                             ; 0.136 V                             ; 5.88e-10 s                 ; 3.2e-10 s                  ; Yes                       ; Yes                       ;
; HDMI_TX_D[3]  ; 3.3-V LVTTL  ; 0 s                 ; 0 s                 ; 3.08 V                       ; 3.09e-05 V                   ; 3.09 V              ; -0.0462 V           ; 0.045 V                              ; 0.085 V                              ; 5.49e-10 s                  ; 3.06e-10 s                  ; Yes                        ; Yes                        ; 3.08 V                      ; 3.09e-05 V                  ; 3.09 V             ; -0.0462 V          ; 0.045 V                             ; 0.085 V                             ; 5.49e-10 s                 ; 3.06e-10 s                 ; Yes                       ; Yes                       ;
; HDMI_TX_D[4]  ; 3.3-V LVTTL  ; 0 s                 ; 0 s                 ; 3.08 V                       ; 3.87e-05 V                   ; 3.11 V              ; -0.0814 V           ; 0.131 V                              ; 0.136 V                              ; 5.88e-10 s                  ; 3.2e-10 s                   ; Yes                        ; Yes                        ; 3.08 V                      ; 3.87e-05 V                  ; 3.11 V             ; -0.0814 V          ; 0.131 V                             ; 0.136 V                             ; 5.88e-10 s                 ; 3.2e-10 s                  ; Yes                       ; Yes                       ;
; HDMI_TX_D[5]  ; 3.3-V LVTTL  ; 0 s                 ; 0 s                 ; 3.08 V                       ; 3.87e-05 V                   ; 3.11 V              ; -0.0814 V           ; 0.131 V                              ; 0.136 V                              ; 5.88e-10 s                  ; 3.2e-10 s                   ; Yes                        ; Yes                        ; 3.08 V                      ; 3.87e-05 V                  ; 3.11 V             ; -0.0814 V          ; 0.131 V                             ; 0.136 V                             ; 5.88e-10 s                 ; 3.2e-10 s                  ; Yes                       ; Yes                       ;
; HDMI_TX_D[6]  ; 3.3-V LVTTL  ; 0 s                 ; 0 s                 ; 3.08 V                       ; 3.09e-05 V                   ; 3.09 V              ; -0.0462 V           ; 0.045 V                              ; 0.085 V                              ; 5.49e-10 s                  ; 3.06e-10 s                  ; Yes                        ; Yes                        ; 3.08 V                      ; 3.09e-05 V                  ; 3.09 V             ; -0.0462 V          ; 0.045 V                             ; 0.085 V                             ; 5.49e-10 s                 ; 3.06e-10 s                 ; Yes                       ; Yes                       ;
; HDMI_TX_D[7]  ; 3.3-V LVTTL  ; 0 s                 ; 0 s                 ; 3.08 V                       ; 3.73e-05 V                   ; 3.11 V              ; -0.104 V            ; 0.101 V                              ; 0.139 V                              ; 5.54e-10 s                  ; 3.16e-10 s                  ; Yes                        ; Yes                        ; 3.08 V                      ; 3.73e-05 V                  ; 3.11 V             ; -0.104 V           ; 0.101 V                             ; 0.139 V                             ; 5.54e-10 s                 ; 3.16e-10 s                 ; Yes                       ; Yes                       ;
; HDMI_TX_D[8]  ; 3.3-V LVTTL  ; 0 s                 ; 0 s                 ; 3.08 V                       ; 3.09e-05 V                   ; 3.09 V              ; -0.0462 V           ; 0.045 V                              ; 0.085 V                              ; 5.49e-10 s                  ; 3.06e-10 s                  ; Yes                        ; Yes                        ; 3.08 V                      ; 3.09e-05 V                  ; 3.09 V             ; -0.0462 V          ; 0.045 V                             ; 0.085 V                             ; 5.49e-10 s                 ; 3.06e-10 s                 ; Yes                       ; Yes                       ;
; HDMI_TX_D[9]  ; 3.3-V LVTTL  ; 0 s                 ; 0 s                 ; 3.08 V                       ; 3.73e-05 V                   ; 3.11 V              ; -0.105 V            ; 0.101 V                              ; 0.142 V                              ; 5.54e-10 s                  ; 3.16e-10 s                  ; Yes                        ; Yes                        ; 3.08 V                      ; 3.73e-05 V                  ; 3.11 V             ; -0.105 V           ; 0.101 V                             ; 0.142 V                             ; 5.54e-10 s                 ; 3.16e-10 s                 ; Yes                       ; Yes                       ;
; HDMI_TX_D[10] ; 3.3-V LVTTL  ; 0 s                 ; 0 s                 ; 3.08 V                       ; 3.09e-05 V                   ; 3.09 V              ; -0.0462 V           ; 0.045 V                              ; 0.085 V                              ; 5.49e-10 s                  ; 3.06e-10 s                  ; Yes                        ; Yes                        ; 3.08 V                      ; 3.09e-05 V                  ; 3.09 V             ; -0.0462 V          ; 0.045 V                             ; 0.085 V                             ; 5.49e-10 s                 ; 3.06e-10 s                 ; Yes                       ; Yes                       ;
; HDMI_TX_D[11] ; 3.3-V LVTTL  ; 0 s                 ; 0 s                 ; 3.08 V                       ; 3.73e-05 V                   ; 3.11 V              ; -0.105 V            ; 0.101 V                              ; 0.142 V                              ; 5.54e-10 s                  ; 3.16e-10 s                  ; Yes                        ; Yes                        ; 3.08 V                      ; 3.73e-05 V                  ; 3.11 V             ; -0.105 V           ; 0.101 V                             ; 0.142 V                             ; 5.54e-10 s                 ; 3.16e-10 s                 ; Yes                       ; Yes                       ;
; HDMI_TX_D[12] ; 3.3-V LVTTL  ; 0 s                 ; 0 s                 ; 3.08 V                       ; 3.73e-05 V                   ; 3.11 V              ; -0.104 V            ; 0.101 V                              ; 0.139 V                              ; 5.54e-10 s                  ; 3.16e-10 s                  ; Yes                        ; Yes                        ; 3.08 V                      ; 3.73e-05 V                  ; 3.11 V             ; -0.104 V           ; 0.101 V                             ; 0.139 V                             ; 5.54e-10 s                 ; 3.16e-10 s                 ; Yes                       ; Yes                       ;
; HDMI_TX_D[13] ; 3.3-V LVTTL  ; 0 s                 ; 0 s                 ; 3.08 V                       ; 3.73e-05 V                   ; 3.11 V              ; -0.105 V            ; 0.101 V                              ; 0.142 V                              ; 5.54e-10 s                  ; 3.16e-10 s                  ; Yes                        ; Yes                        ; 3.08 V                      ; 3.73e-05 V                  ; 3.11 V             ; -0.105 V           ; 0.101 V                             ; 0.142 V                             ; 5.54e-10 s                 ; 3.16e-10 s                 ; Yes                       ; Yes                       ;
; HDMI_TX_D[14] ; 3.3-V LVTTL  ; 0 s                 ; 0 s                 ; 3.08 V                       ; 3.73e-05 V                   ; 3.11 V              ; -0.105 V            ; 0.101 V                              ; 0.142 V                              ; 5.54e-10 s                  ; 3.16e-10 s                  ; Yes                        ; Yes                        ; 3.08 V                      ; 3.73e-05 V                  ; 3.11 V             ; -0.105 V           ; 0.101 V                             ; 0.142 V                             ; 5.54e-10 s                 ; 3.16e-10 s                 ; Yes                       ; Yes                       ;
; HDMI_TX_D[15] ; 3.3-V LVTTL  ; 0 s                 ; 0 s                 ; 3.08 V                       ; 3.73e-05 V                   ; 3.11 V              ; -0.104 V            ; 0.101 V                              ; 0.139 V                              ; 5.54e-10 s                  ; 3.16e-10 s                  ; Yes                        ; Yes                        ; 3.08 V                      ; 3.73e-05 V                  ; 3.11 V             ; -0.104 V           ; 0.101 V                             ; 0.139 V                             ; 5.54e-10 s                 ; 3.16e-10 s                 ; Yes                       ; Yes                       ;
; HDMI_TX_D[16] ; 3.3-V LVTTL  ; 0 s                 ; 0 s                 ; 3.08 V                       ; 3.73e-05 V                   ; 3.11 V              ; -0.104 V            ; 0.101 V                              ; 0.139 V                              ; 5.54e-10 s                  ; 3.16e-10 s                  ; Yes                        ; Yes                        ; 3.08 V                      ; 3.73e-05 V                  ; 3.11 V             ; -0.104 V           ; 0.101 V                             ; 0.139 V                             ; 5.54e-10 s                 ; 3.16e-10 s                 ; Yes                       ; Yes                       ;
; HDMI_TX_D[17] ; 3.3-V LVTTL  ; 0 s                 ; 0 s                 ; 3.08 V                       ; 3.73e-05 V                   ; 3.11 V              ; -0.105 V            ; 0.101 V                              ; 0.142 V                              ; 5.54e-10 s                  ; 3.16e-10 s                  ; Yes                        ; Yes                        ; 3.08 V                      ; 3.73e-05 V                  ; 3.11 V             ; -0.105 V           ; 0.101 V                             ; 0.142 V                             ; 5.54e-10 s                 ; 3.16e-10 s                 ; Yes                       ; Yes                       ;
; HDMI_TX_D[18] ; 3.3-V LVTTL  ; 0 s                 ; 0 s                 ; 3.08 V                       ; 3.73e-05 V                   ; 3.11 V              ; -0.105 V            ; 0.101 V                              ; 0.142 V                              ; 5.54e-10 s                  ; 3.16e-10 s                  ; Yes                        ; Yes                        ; 3.08 V                      ; 3.73e-05 V                  ; 3.11 V             ; -0.105 V           ; 0.101 V                             ; 0.142 V                             ; 5.54e-10 s                 ; 3.16e-10 s                 ; Yes                       ; Yes                       ;
; HDMI_TX_D[19] ; 3.3-V LVTTL  ; 0 s                 ; 0 s                 ; 3.08 V                       ; 3.73e-05 V                   ; 3.11 V              ; -0.105 V            ; 0.101 V                              ; 0.142 V                              ; 5.54e-10 s                  ; 3.16e-10 s                  ; Yes                        ; Yes                        ; 3.08 V                      ; 3.73e-05 V                  ; 3.11 V             ; -0.105 V           ; 0.101 V                             ; 0.142 V                             ; 5.54e-10 s                 ; 3.16e-10 s                 ; Yes                       ; Yes                       ;
; HDMI_TX_D[20] ; 3.3-V LVTTL  ; 0 s                 ; 0 s                 ; 3.08 V                       ; 3.73e-05 V                   ; 3.11 V              ; -0.104 V            ; 0.101 V                              ; 0.139 V                              ; 5.54e-10 s                  ; 3.16e-10 s                  ; Yes                        ; Yes                        ; 3.08 V                      ; 3.73e-05 V                  ; 3.11 V             ; -0.104 V           ; 0.101 V                             ; 0.139 V                             ; 5.54e-10 s                 ; 3.16e-10 s                 ; Yes                       ; Yes                       ;
; HDMI_TX_D[21] ; 3.3-V LVTTL  ; 0 s                 ; 0 s                 ; 3.08 V                       ; 3.73e-05 V                   ; 3.11 V              ; -0.105 V            ; 0.101 V                              ; 0.142 V                              ; 5.54e-10 s                  ; 3.16e-10 s                  ; Yes                        ; Yes                        ; 3.08 V                      ; 3.73e-05 V                  ; 3.11 V             ; -0.105 V           ; 0.101 V                             ; 0.142 V                             ; 5.54e-10 s                 ; 3.16e-10 s                 ; Yes                       ; Yes                       ;
; HDMI_TX_D[22] ; 3.3-V LVTTL  ; 0 s                 ; 0 s                 ; 3.08 V                       ; 3.73e-05 V                   ; 3.11 V              ; -0.105 V            ; 0.101 V                              ; 0.142 V                              ; 5.54e-10 s                  ; 3.16e-10 s                  ; Yes                        ; Yes                        ; 3.08 V                      ; 3.73e-05 V                  ; 3.11 V             ; -0.105 V           ; 0.101 V                             ; 0.142 V                             ; 5.54e-10 s                 ; 3.16e-10 s                 ; Yes                       ; Yes                       ;
; HDMI_TX_D[23] ; 3.3-V LVTTL  ; 0 s                 ; 0 s                 ; 3.08 V                       ; 3.73e-05 V                   ; 3.11 V              ; -0.104 V            ; 0.101 V                              ; 0.139 V                              ; 5.54e-10 s                  ; 3.16e-10 s                  ; Yes                        ; Yes                        ; 3.08 V                      ; 3.73e-05 V                  ; 3.11 V             ; -0.104 V           ; 0.101 V                             ; 0.139 V                             ; 5.54e-10 s                 ; 3.16e-10 s                 ; Yes                       ; Yes                       ;
; HDMI_TX_HS    ; 3.3-V LVTTL  ; 0 s                 ; 0 s                 ; 3.08 V                       ; 3.09e-05 V                   ; 3.09 V              ; -0.0462 V           ; 0.045 V                              ; 0.085 V                              ; 5.49e-10 s                  ; 3.06e-10 s                  ; Yes                        ; Yes                        ; 3.08 V                      ; 3.09e-05 V                  ; 3.09 V             ; -0.0462 V          ; 0.045 V                             ; 0.085 V                             ; 5.49e-10 s                 ; 3.06e-10 s                 ; Yes                       ; Yes                       ;
; HDMI_TX_VS    ; 3.3-V LVTTL  ; 0 s                 ; 0 s                 ; 3.08 V                       ; 3.09e-05 V                   ; 3.09 V              ; -0.0462 V           ; 0.045 V                              ; 0.085 V                              ; 5.49e-10 s                  ; 3.06e-10 s                  ; Yes                        ; Yes                        ; 3.08 V                      ; 3.09e-05 V                  ; 3.09 V             ; -0.0462 V          ; 0.045 V                             ; 0.085 V                             ; 5.49e-10 s                 ; 3.06e-10 s                 ; Yes                       ; Yes                       ;
; SDRAM_A[0]    ; 3.3-V LVTTL  ; 0 s                 ; 0 s                 ; 3.08 V                       ; 3.87e-05 V                   ; 3.11 V              ; -0.0814 V           ; 0.131 V                              ; 0.136 V                              ; 5.88e-10 s                  ; 3.2e-10 s                   ; Yes                        ; Yes                        ; 3.08 V                      ; 3.87e-05 V                  ; 3.11 V             ; -0.0814 V          ; 0.131 V                             ; 0.136 V                             ; 5.88e-10 s                 ; 3.2e-10 s                  ; Yes                       ; Yes                       ;
; SDRAM_A[1]    ; 3.3-V LVTTL  ; 0 s                 ; 0 s                 ; 3.08 V                       ; 3.73e-05 V                   ; 3.11 V              ; -0.105 V            ; 0.101 V                              ; 0.142 V                              ; 5.54e-10 s                  ; 3.16e-10 s                  ; Yes                        ; Yes                        ; 3.08 V                      ; 3.73e-05 V                  ; 3.11 V             ; -0.105 V           ; 0.101 V                             ; 0.142 V                             ; 5.54e-10 s                 ; 3.16e-10 s                 ; Yes                       ; Yes                       ;
; SDRAM_A[2]    ; 3.3-V LVTTL  ; 0 s                 ; 0 s                 ; 3.08 V                       ; 3.09e-05 V                   ; 3.09 V              ; -0.0462 V           ; 0.045 V                              ; 0.085 V                              ; 5.49e-10 s                  ; 3.06e-10 s                  ; Yes                        ; Yes                        ; 3.08 V                      ; 3.09e-05 V                  ; 3.09 V             ; -0.0462 V          ; 0.045 V                             ; 0.085 V                             ; 5.49e-10 s                 ; 3.06e-10 s                 ; Yes                       ; Yes                       ;
; SDRAM_A[3]    ; 3.3-V LVTTL  ; 0 s                 ; 0 s                 ; 3.08 V                       ; 3.09e-05 V                   ; 3.09 V              ; -0.0462 V           ; 0.045 V                              ; 0.085 V                              ; 5.49e-10 s                  ; 3.06e-10 s                  ; Yes                        ; Yes                        ; 3.08 V                      ; 3.09e-05 V                  ; 3.09 V             ; -0.0462 V          ; 0.045 V                             ; 0.085 V                             ; 5.49e-10 s                 ; 3.06e-10 s                 ; Yes                       ; Yes                       ;
; SDRAM_A[4]    ; 3.3-V LVTTL  ; 0 s                 ; 0 s                 ; 3.08 V                       ; 3.09e-05 V                   ; 3.09 V              ; -0.0462 V           ; 0.045 V                              ; 0.085 V                              ; 5.49e-10 s                  ; 3.06e-10 s                  ; Yes                        ; Yes                        ; 3.08 V                      ; 3.09e-05 V                  ; 3.09 V             ; -0.0462 V          ; 0.045 V                             ; 0.085 V                             ; 5.49e-10 s                 ; 3.06e-10 s                 ; Yes                       ; Yes                       ;
; SDRAM_A[5]    ; 3.3-V LVTTL  ; 0 s                 ; 0 s                 ; 3.08 V                       ; 3.09e-05 V                   ; 3.09 V              ; -0.0462 V           ; 0.045 V                              ; 0.085 V                              ; 5.49e-10 s                  ; 3.06e-10 s                  ; Yes                        ; Yes                        ; 3.08 V                      ; 3.09e-05 V                  ; 3.09 V             ; -0.0462 V          ; 0.045 V                             ; 0.085 V                             ; 5.49e-10 s                 ; 3.06e-10 s                 ; Yes                       ; Yes                       ;
; SDRAM_A[6]    ; 3.3-V LVTTL  ; 0 s                 ; 0 s                 ; 3.08 V                       ; 3.73e-05 V                   ; 3.11 V              ; -0.105 V            ; 0.101 V                              ; 0.142 V                              ; 5.54e-10 s                  ; 3.16e-10 s                  ; Yes                        ; Yes                        ; 3.08 V                      ; 3.73e-05 V                  ; 3.11 V             ; -0.105 V           ; 0.101 V                             ; 0.142 V                             ; 5.54e-10 s                 ; 3.16e-10 s                 ; Yes                       ; Yes                       ;
; SDRAM_A[7]    ; 3.3-V LVTTL  ; 0 s                 ; 0 s                 ; 3.08 V                       ; 3.09e-05 V                   ; 3.09 V              ; -0.0462 V           ; 0.045 V                              ; 0.085 V                              ; 5.49e-10 s                  ; 3.06e-10 s                  ; Yes                        ; Yes                        ; 3.08 V                      ; 3.09e-05 V                  ; 3.09 V             ; -0.0462 V          ; 0.045 V                             ; 0.085 V                             ; 5.49e-10 s                 ; 3.06e-10 s                 ; Yes                       ; Yes                       ;
; SDRAM_A[8]    ; 3.3-V LVTTL  ; 0 s                 ; 0 s                 ; 3.08 V                       ; 3.87e-05 V                   ; 3.11 V              ; -0.0814 V           ; 0.131 V                              ; 0.136 V                              ; 5.88e-10 s                  ; 3.2e-10 s                   ; Yes                        ; Yes                        ; 3.08 V                      ; 3.87e-05 V                  ; 3.11 V             ; -0.0814 V          ; 0.131 V                             ; 0.136 V                             ; 5.88e-10 s                 ; 3.2e-10 s                  ; Yes                       ; Yes                       ;
; SDRAM_A[9]    ; 3.3-V LVTTL  ; 0 s                 ; 0 s                 ; 3.08 V                       ; 3.09e-05 V                   ; 3.09 V              ; -0.0462 V           ; 0.045 V                              ; 0.085 V                              ; 5.49e-10 s                  ; 3.06e-10 s                  ; Yes                        ; Yes                        ; 3.08 V                      ; 3.09e-05 V                  ; 3.09 V             ; -0.0462 V          ; 0.045 V                             ; 0.085 V                             ; 5.49e-10 s                 ; 3.06e-10 s                 ; Yes                       ; Yes                       ;
; SDRAM_A[10]   ; 3.3-V LVTTL  ; 0 s                 ; 0 s                 ; 3.08 V                       ; 3.73e-05 V                   ; 3.11 V              ; -0.104 V            ; 0.101 V                              ; 0.139 V                              ; 5.54e-10 s                  ; 3.16e-10 s                  ; Yes                        ; Yes                        ; 3.08 V                      ; 3.73e-05 V                  ; 3.11 V             ; -0.104 V           ; 0.101 V                             ; 0.139 V                             ; 5.54e-10 s                 ; 3.16e-10 s                 ; Yes                       ; Yes                       ;
; SDRAM_A[11]   ; 3.3-V LVTTL  ; 0 s                 ; 0 s                 ; 3.08 V                       ; 3.87e-05 V                   ; 3.11 V              ; -0.0814 V           ; 0.131 V                              ; 0.136 V                              ; 5.88e-10 s                  ; 3.2e-10 s                   ; Yes                        ; Yes                        ; 3.08 V                      ; 3.87e-05 V                  ; 3.11 V             ; -0.0814 V          ; 0.131 V                             ; 0.136 V                             ; 5.88e-10 s                 ; 3.2e-10 s                  ; Yes                       ; Yes                       ;
; SDRAM_A[12]   ; 3.3-V LVTTL  ; 0 s                 ; 0 s                 ; 3.08 V                       ; 3.87e-05 V                   ; 3.11 V              ; -0.0814 V           ; 0.131 V                              ; 0.136 V                              ; 5.88e-10 s                  ; 3.2e-10 s                   ; Yes                        ; Yes                        ; 3.08 V                      ; 3.87e-05 V                  ; 3.11 V             ; -0.0814 V          ; 0.131 V                             ; 0.136 V                             ; 5.88e-10 s                 ; 3.2e-10 s                  ; Yes                       ; Yes                       ;
; SDRAM_DQML    ; 3.3-V LVTTL  ; 0 s                 ; 0 s                 ; 3.08 V                       ; 3.87e-05 V                   ; 3.11 V              ; -0.0814 V           ; 0.131 V                              ; 0.136 V                              ; 5.88e-10 s                  ; 3.2e-10 s                   ; Yes                        ; Yes                        ; 3.08 V                      ; 3.87e-05 V                  ; 3.11 V             ; -0.0814 V          ; 0.131 V                             ; 0.136 V                             ; 5.88e-10 s                 ; 3.2e-10 s                  ; Yes                       ; Yes                       ;
; SDRAM_DQMH    ; 3.3-V LVTTL  ; 0 s                 ; 0 s                 ; 3.08 V                       ; 3.09e-05 V                   ; 3.09 V              ; -0.0462 V           ; 0.045 V                              ; 0.085 V                              ; 5.49e-10 s                  ; 3.06e-10 s                  ; Yes                        ; Yes                        ; 3.08 V                      ; 3.09e-05 V                  ; 3.09 V             ; -0.0462 V          ; 0.045 V                             ; 0.085 V                             ; 5.49e-10 s                 ; 3.06e-10 s                 ; Yes                       ; Yes                       ;
; SDRAM_nWE     ; 3.3-V LVTTL  ; 0 s                 ; 0 s                 ; 3.08 V                       ; 3.87e-05 V                   ; 3.11 V              ; -0.0814 V           ; 0.131 V                              ; 0.136 V                              ; 5.88e-10 s                  ; 3.2e-10 s                   ; Yes                        ; Yes                        ; 3.08 V                      ; 3.87e-05 V                  ; 3.11 V             ; -0.0814 V          ; 0.131 V                             ; 0.136 V                             ; 5.88e-10 s                 ; 3.2e-10 s                  ; Yes                       ; Yes                       ;
; SDRAM_nCAS    ; 3.3-V LVTTL  ; 0 s                 ; 0 s                 ; 3.08 V                       ; 3.09e-05 V                   ; 3.09 V              ; -0.0462 V           ; 0.045 V                              ; 0.085 V                              ; 5.49e-10 s                  ; 3.06e-10 s                  ; Yes                        ; Yes                        ; 3.08 V                      ; 3.09e-05 V                  ; 3.09 V             ; -0.0462 V          ; 0.045 V                             ; 0.085 V                             ; 5.49e-10 s                 ; 3.06e-10 s                 ; Yes                       ; Yes                       ;
; SDRAM_nRAS    ; 3.3-V LVTTL  ; 0 s                 ; 0 s                 ; 3.08 V                       ; 3.87e-05 V                   ; 3.11 V              ; -0.0814 V           ; 0.131 V                              ; 0.136 V                              ; 5.88e-10 s                  ; 3.2e-10 s                   ; Yes                        ; Yes                        ; 3.08 V                      ; 3.87e-05 V                  ; 3.11 V             ; -0.0814 V          ; 0.131 V                             ; 0.136 V                             ; 5.88e-10 s                 ; 3.2e-10 s                  ; Yes                       ; Yes                       ;
; SDRAM_nCS     ; 3.3-V LVTTL  ; 0 s                 ; 0 s                 ; 3.08 V                       ; 3.09e-05 V                   ; 3.09 V              ; -0.0462 V           ; 0.045 V                              ; 0.085 V                              ; 5.49e-10 s                  ; 3.06e-10 s                  ; Yes                        ; Yes                        ; 3.08 V                      ; 3.09e-05 V                  ; 3.09 V             ; -0.0462 V          ; 0.045 V                             ; 0.085 V                             ; 5.49e-10 s                 ; 3.06e-10 s                 ; Yes                       ; Yes                       ;
; SDRAM_BA[0]   ; 3.3-V LVTTL  ; 0 s                 ; 0 s                 ; 3.08 V                       ; 3.87e-05 V                   ; 3.11 V              ; -0.0814 V           ; 0.131 V                              ; 0.136 V                              ; 5.88e-10 s                  ; 3.2e-10 s                   ; Yes                        ; Yes                        ; 3.08 V                      ; 3.87e-05 V                  ; 3.11 V             ; -0.0814 V          ; 0.131 V                             ; 0.136 V                             ; 5.88e-10 s                 ; 3.2e-10 s                  ; Yes                       ; Yes                       ;
; SDRAM_BA[1]   ; 3.3-V LVTTL  ; 0 s                 ; 0 s                 ; 3.08 V                       ; 3.73e-05 V                   ; 3.11 V              ; -0.105 V            ; 0.101 V                              ; 0.142 V                              ; 5.54e-10 s                  ; 3.16e-10 s                  ; Yes                        ; Yes                        ; 3.08 V                      ; 3.73e-05 V                  ; 3.11 V             ; -0.105 V           ; 0.101 V                             ; 0.142 V                             ; 5.54e-10 s                 ; 3.16e-10 s                 ; Yes                       ; Yes                       ;
; SDRAM_CLK     ; 3.3-V LVTTL  ; 0 s                 ; 0 s                 ; 3.08 V                       ; 3.09e-05 V                   ; 3.09 V              ; -0.0462 V           ; 0.045 V                              ; 0.085 V                              ; 5.49e-10 s                  ; 3.06e-10 s                  ; Yes                        ; Yes                        ; 3.08 V                      ; 3.09e-05 V                  ; 3.09 V             ; -0.0462 V          ; 0.045 V                             ; 0.085 V                             ; 5.49e-10 s                 ; 3.06e-10 s                 ; Yes                       ; Yes                       ;
; SDRAM_CKE     ; 3.3-V LVTTL  ; 0 s                 ; 0 s                 ; 3.08 V                       ; 3.73e-05 V                   ; 3.11 V              ; -0.104 V            ; 0.101 V                              ; 0.139 V                              ; 5.54e-10 s                  ; 3.16e-10 s                  ; Yes                        ; Yes                        ; 3.08 V                      ; 3.73e-05 V                  ; 3.11 V             ; -0.104 V           ; 0.101 V                             ; 0.139 V                             ; 5.54e-10 s                 ; 3.16e-10 s                 ; Yes                       ; Yes                       ;
; VGA_R[0]      ; 3.3-V LVTTL  ; 0 s                 ; 0 s                 ; 3.08 V                       ; 4.37e-05 V                   ; 3.09 V              ; -0.0146 V           ; 0.138 V                              ; 0.073 V                              ; 7.11e-10 s                  ; 3.79e-10 s                  ; Yes                        ; Yes                        ; 3.08 V                      ; 4.37e-05 V                  ; 3.09 V             ; -0.0146 V          ; 0.138 V                             ; 0.073 V                             ; 7.11e-10 s                 ; 3.79e-10 s                 ; Yes                       ; Yes                       ;
; VGA_R[1]      ; 3.3-V LVTTL  ; 0 s                 ; 0 s                 ; 3.08 V                       ; 5.15e-05 V                   ; 3.12 V              ; -0.037 V            ; 0.165 V                              ; 0.109 V                              ; 7.77e-10 s                  ; 4.14e-10 s                  ; No                         ; Yes                        ; 3.08 V                      ; 5.15e-05 V                  ; 3.12 V             ; -0.037 V           ; 0.165 V                             ; 0.109 V                             ; 7.77e-10 s                 ; 4.14e-10 s                 ; No                        ; Yes                       ;
; VGA_R[2]      ; 3.3-V LVTTL  ; 0 s                 ; 0 s                 ; 3.08 V                       ; 5.01e-05 V                   ; 3.13 V              ; -0.0367 V           ; 0.271 V                              ; 0.085 V                              ; 6.29e-10 s                  ; 3.66e-10 s                  ; Yes                        ; Yes                        ; 3.08 V                      ; 5.01e-05 V                  ; 3.13 V             ; -0.0367 V          ; 0.271 V                             ; 0.085 V                             ; 6.29e-10 s                 ; 3.66e-10 s                 ; Yes                       ; Yes                       ;
; VGA_R[3]      ; 3.3-V LVTTL  ; 0 s                 ; 0 s                 ; 3.08 V                       ; 5.01e-05 V                   ; 3.13 V              ; -0.0359 V           ; 0.272 V                              ; 0.084 V                              ; 6.28e-10 s                  ; 3.67e-10 s                  ; Yes                        ; Yes                        ; 3.08 V                      ; 5.01e-05 V                  ; 3.13 V             ; -0.0359 V          ; 0.272 V                             ; 0.084 V                             ; 6.28e-10 s                 ; 3.67e-10 s                 ; Yes                       ; Yes                       ;
; VGA_R[4]      ; 3.3-V LVTTL  ; 0 s                 ; 0 s                 ; 3.08 V                       ; 5.01e-05 V                   ; 3.13 V              ; -0.0359 V           ; 0.272 V                              ; 0.084 V                              ; 6.28e-10 s                  ; 3.67e-10 s                  ; Yes                        ; Yes                        ; 3.08 V                      ; 5.01e-05 V                  ; 3.13 V             ; -0.0359 V          ; 0.272 V                             ; 0.084 V                             ; 6.28e-10 s                 ; 3.67e-10 s                 ; Yes                       ; Yes                       ;
; VGA_R[5]      ; 3.3-V LVTTL  ; 0 s                 ; 0 s                 ; 3.08 V                       ; 4.37e-05 V                   ; 3.09 V              ; -0.0146 V           ; 0.138 V                              ; 0.073 V                              ; 7.11e-10 s                  ; 3.79e-10 s                  ; Yes                        ; Yes                        ; 3.08 V                      ; 4.37e-05 V                  ; 3.09 V             ; -0.0146 V          ; 0.138 V                             ; 0.073 V                             ; 7.11e-10 s                 ; 3.79e-10 s                 ; Yes                       ; Yes                       ;
; VGA_G[0]      ; 3.3-V LVTTL  ; 0 s                 ; 0 s                 ; 3.08 V                       ; 5.15e-05 V                   ; 3.12 V              ; -0.037 V            ; 0.165 V                              ; 0.109 V                              ; 7.77e-10 s                  ; 4.14e-10 s                  ; No                         ; Yes                        ; 3.08 V                      ; 5.15e-05 V                  ; 3.12 V             ; -0.037 V           ; 0.165 V                             ; 0.109 V                             ; 7.77e-10 s                 ; 4.14e-10 s                 ; No                        ; Yes                       ;
; VGA_G[1]      ; 3.3-V LVTTL  ; 0 s                 ; 0 s                 ; 3.08 V                       ; 5.01e-05 V                   ; 3.13 V              ; -0.0367 V           ; 0.271 V                              ; 0.085 V                              ; 6.29e-10 s                  ; 3.66e-10 s                  ; Yes                        ; Yes                        ; 3.08 V                      ; 5.01e-05 V                  ; 3.13 V             ; -0.0367 V          ; 0.271 V                             ; 0.085 V                             ; 6.29e-10 s                 ; 3.66e-10 s                 ; Yes                       ; Yes                       ;
; VGA_G[2]      ; 3.3-V LVTTL  ; 0 s                 ; 0 s                 ; 3.08 V                       ; 5.01e-05 V                   ; 3.13 V              ; -0.0367 V           ; 0.271 V                              ; 0.085 V                              ; 6.29e-10 s                  ; 3.66e-10 s                  ; Yes                        ; Yes                        ; 3.08 V                      ; 5.01e-05 V                  ; 3.13 V             ; -0.0367 V          ; 0.271 V                             ; 0.085 V                             ; 6.29e-10 s                 ; 3.66e-10 s                 ; Yes                       ; Yes                       ;
; VGA_G[3]      ; 3.3-V LVTTL  ; 0 s                 ; 0 s                 ; 3.08 V                       ; 5.01e-05 V                   ; 3.13 V              ; -0.0367 V           ; 0.271 V                              ; 0.085 V                              ; 6.29e-10 s                  ; 3.66e-10 s                  ; Yes                        ; Yes                        ; 3.08 V                      ; 5.01e-05 V                  ; 3.13 V             ; -0.0367 V          ; 0.271 V                             ; 0.085 V                             ; 6.29e-10 s                 ; 3.66e-10 s                 ; Yes                       ; Yes                       ;
; VGA_G[4]      ; 3.3-V LVTTL  ; 0 s                 ; 0 s                 ; 3.08 V                       ; 5.01e-05 V                   ; 3.13 V              ; -0.0367 V           ; 0.271 V                              ; 0.085 V                              ; 6.29e-10 s                  ; 3.66e-10 s                  ; Yes                        ; Yes                        ; 3.08 V                      ; 5.01e-05 V                  ; 3.13 V             ; -0.0367 V          ; 0.271 V                             ; 0.085 V                             ; 6.29e-10 s                 ; 3.66e-10 s                 ; Yes                       ; Yes                       ;
; VGA_G[5]      ; 3.3-V LVTTL  ; 0 s                 ; 0 s                 ; 3.08 V                       ; 5.01e-05 V                   ; 3.13 V              ; -0.0359 V           ; 0.272 V                              ; 0.084 V                              ; 6.28e-10 s                  ; 3.67e-10 s                  ; Yes                        ; Yes                        ; 3.08 V                      ; 5.01e-05 V                  ; 3.13 V             ; -0.0359 V          ; 0.272 V                             ; 0.084 V                             ; 6.28e-10 s                 ; 3.67e-10 s                 ; Yes                       ; Yes                       ;
; VGA_B[0]      ; 3.3-V LVTTL  ; 0 s                 ; 0 s                 ; 3.08 V                       ; 5.01e-05 V                   ; 3.13 V              ; -0.0367 V           ; 0.271 V                              ; 0.085 V                              ; 6.29e-10 s                  ; 3.66e-10 s                  ; Yes                        ; Yes                        ; 3.08 V                      ; 5.01e-05 V                  ; 3.13 V             ; -0.0367 V          ; 0.271 V                             ; 0.085 V                             ; 6.29e-10 s                 ; 3.66e-10 s                 ; Yes                       ; Yes                       ;
; VGA_B[1]      ; 3.3-V LVTTL  ; 0 s                 ; 0 s                 ; 3.08 V                       ; 5.15e-05 V                   ; 3.12 V              ; -0.037 V            ; 0.165 V                              ; 0.109 V                              ; 7.77e-10 s                  ; 4.14e-10 s                  ; No                         ; Yes                        ; 3.08 V                      ; 5.15e-05 V                  ; 3.12 V             ; -0.037 V           ; 0.165 V                             ; 0.109 V                             ; 7.77e-10 s                 ; 4.14e-10 s                 ; No                        ; Yes                       ;
; VGA_B[2]      ; 3.3-V LVTTL  ; 0 s                 ; 0 s                 ; 3.08 V                       ; 4.37e-05 V                   ; 3.09 V              ; -0.0146 V           ; 0.138 V                              ; 0.073 V                              ; 7.11e-10 s                  ; 3.79e-10 s                  ; Yes                        ; Yes                        ; 3.08 V                      ; 4.37e-05 V                  ; 3.09 V             ; -0.0146 V          ; 0.138 V                             ; 0.073 V                             ; 7.11e-10 s                 ; 3.79e-10 s                 ; Yes                       ; Yes                       ;
; VGA_B[3]      ; 3.3-V LVTTL  ; 0 s                 ; 0 s                 ; 3.08 V                       ; 5.15e-05 V                   ; 3.12 V              ; -0.037 V            ; 0.165 V                              ; 0.109 V                              ; 7.77e-10 s                  ; 4.14e-10 s                  ; No                         ; Yes                        ; 3.08 V                      ; 5.15e-05 V                  ; 3.12 V             ; -0.037 V           ; 0.165 V                             ; 0.109 V                             ; 7.77e-10 s                 ; 4.14e-10 s                 ; No                        ; Yes                       ;
; VGA_B[4]      ; 3.3-V LVTTL  ; 0 s                 ; 0 s                 ; 3.08 V                       ; 5.01e-05 V                   ; 3.13 V              ; -0.0367 V           ; 0.271 V                              ; 0.085 V                              ; 6.29e-10 s                  ; 3.66e-10 s                  ; Yes                        ; Yes                        ; 3.08 V                      ; 5.01e-05 V                  ; 3.13 V             ; -0.0367 V          ; 0.271 V                             ; 0.085 V                             ; 6.29e-10 s                 ; 3.66e-10 s                 ; Yes                       ; Yes                       ;
; VGA_B[5]      ; 3.3-V LVTTL  ; 0 s                 ; 0 s                 ; 3.08 V                       ; 5.01e-05 V                   ; 3.13 V              ; -0.0359 V           ; 0.272 V                              ; 0.084 V                              ; 6.28e-10 s                  ; 3.67e-10 s                  ; Yes                        ; Yes                        ; 3.08 V                      ; 5.01e-05 V                  ; 3.13 V             ; -0.0359 V          ; 0.272 V                             ; 0.084 V                             ; 6.28e-10 s                 ; 3.67e-10 s                 ; Yes                       ; Yes                       ;
; VGA_VS        ; 3.3-V LVTTL  ; 0 s                 ; 0 s                 ; 3.08 V                       ; 5.01e-05 V                   ; 3.13 V              ; -0.0367 V           ; 0.271 V                              ; 0.085 V                              ; 6.29e-10 s                  ; 3.66e-10 s                  ; Yes                        ; Yes                        ; 3.08 V                      ; 5.01e-05 V                  ; 3.13 V             ; -0.0367 V          ; 0.271 V                             ; 0.085 V                             ; 6.29e-10 s                 ; 3.66e-10 s                 ; Yes                       ; Yes                       ;
; AUDIO_L       ; 3.3-V LVTTL  ; 0 s                 ; 0 s                 ; 3.08 V                       ; 5.01e-05 V                   ; 3.13 V              ; -0.0367 V           ; 0.271 V                              ; 0.085 V                              ; 6.29e-10 s                  ; 3.66e-10 s                  ; Yes                        ; Yes                        ; 3.08 V                      ; 5.01e-05 V                  ; 3.13 V             ; -0.0367 V          ; 0.271 V                             ; 0.085 V                             ; 6.29e-10 s                 ; 3.66e-10 s                 ; Yes                       ; Yes                       ;
; AUDIO_R       ; 3.3-V LVTTL  ; 0 s                 ; 0 s                 ; 3.08 V                       ; 5.01e-05 V                   ; 3.13 V              ; -0.0367 V           ; 0.271 V                              ; 0.085 V                              ; 6.29e-10 s                  ; 3.66e-10 s                  ; Yes                        ; Yes                        ; 3.08 V                      ; 5.01e-05 V                  ; 3.13 V             ; -0.0367 V          ; 0.271 V                             ; 0.085 V                             ; 6.29e-10 s                 ; 3.66e-10 s                 ; Yes                       ; Yes                       ;
; AUDIO_SPDIF   ; 3.3-V LVTTL  ; 0 s                 ; 0 s                 ; 3.08 V                       ; 5.01e-05 V                   ; 3.13 V              ; -0.0367 V           ; 0.271 V                              ; 0.085 V                              ; 6.29e-10 s                  ; 3.66e-10 s                  ; Yes                        ; Yes                        ; 3.08 V                      ; 5.01e-05 V                  ; 3.13 V             ; -0.0367 V          ; 0.271 V                             ; 0.085 V                             ; 6.29e-10 s                 ; 3.66e-10 s                 ; Yes                       ; Yes                       ;
; SDIO_CLK      ; 3.3-V LVTTL  ; 0 s                 ; 0 s                 ; 3.08 V                       ; 3.73e-05 V                   ; 3.11 V              ; -0.105 V            ; 0.101 V                              ; 0.142 V                              ; 5.54e-10 s                  ; 3.16e-10 s                  ; Yes                        ; Yes                        ; 3.08 V                      ; 3.73e-05 V                  ; 3.11 V             ; -0.105 V           ; 0.101 V                             ; 0.142 V                             ; 5.54e-10 s                 ; 3.16e-10 s                 ; Yes                       ; Yes                       ;
; LED_USER      ; 3.3-V LVTTL  ; 0 s                 ; 0 s                 ; 3.08 V                       ; 3.87e-05 V                   ; 3.11 V              ; -0.0814 V           ; 0.131 V                              ; 0.136 V                              ; 5.88e-10 s                  ; 3.2e-10 s                   ; Yes                        ; Yes                        ; 3.08 V                      ; 3.87e-05 V                  ; 3.11 V             ; -0.0814 V          ; 0.131 V                             ; 0.136 V                             ; 5.88e-10 s                 ; 3.2e-10 s                  ; Yes                       ; Yes                       ;
; LED_HDD       ; 3.3-V LVTTL  ; 0 s                 ; 0 s                 ; 3.08 V                       ; 3.09e-05 V                   ; 3.09 V              ; -0.0462 V           ; 0.045 V                              ; 0.085 V                              ; 5.49e-10 s                  ; 3.06e-10 s                  ; Yes                        ; Yes                        ; 3.08 V                      ; 3.09e-05 V                  ; 3.09 V             ; -0.0462 V          ; 0.045 V                             ; 0.085 V                             ; 5.49e-10 s                 ; 3.06e-10 s                 ; Yes                       ; Yes                       ;
; LED_POWER     ; 3.3-V LVTTL  ; 0 s                 ; 0 s                 ; 3.08 V                       ; 3.73e-05 V                   ; 3.11 V              ; -0.104 V            ; 0.101 V                              ; 0.139 V                              ; 5.54e-10 s                  ; 3.16e-10 s                  ; Yes                        ; Yes                        ; 3.08 V                      ; 3.73e-05 V                  ; 3.11 V             ; -0.104 V           ; 0.101 V                             ; 0.139 V                             ; 5.54e-10 s                 ; 3.16e-10 s                 ; Yes                       ; Yes                       ;
; SD_SPI_CS     ; 3.3-V LVTTL  ; 0 s                 ; 0 s                 ; 3.08 V                       ; 3.09e-05 V                   ; 3.09 V              ; -0.0462 V           ; 0.045 V                              ; 0.085 V                              ; 5.49e-10 s                  ; 3.06e-10 s                  ; Yes                        ; Yes                        ; 3.08 V                      ; 3.09e-05 V                  ; 3.09 V             ; -0.0462 V          ; 0.045 V                             ; 0.085 V                             ; 5.49e-10 s                 ; 3.06e-10 s                 ; Yes                       ; Yes                       ;
; SD_SPI_CLK    ; 3.3-V LVTTL  ; 0 s                 ; 0 s                 ; 3.08 V                       ; 3.73e-05 V                   ; 3.11 V              ; -0.104 V            ; 0.101 V                              ; 0.139 V                              ; 5.54e-10 s                  ; 3.16e-10 s                  ; Yes                        ; Yes                        ; 3.08 V                      ; 3.73e-05 V                  ; 3.11 V             ; -0.104 V           ; 0.101 V                             ; 0.139 V                             ; 5.54e-10 s                 ; 3.16e-10 s                 ; Yes                       ; Yes                       ;
; SD_SPI_MOSI   ; 3.3-V LVTTL  ; 0 s                 ; 0 s                 ; 3.08 V                       ; 3.09e-05 V                   ; 3.09 V              ; -0.0462 V           ; 0.045 V                              ; 0.085 V                              ; 5.49e-10 s                  ; 3.06e-10 s                  ; Yes                        ; Yes                        ; 3.08 V                      ; 3.09e-05 V                  ; 3.09 V             ; -0.0462 V          ; 0.045 V                             ; 0.085 V                             ; 5.49e-10 s                 ; 3.06e-10 s                 ; Yes                       ; Yes                       ;
; IO_SCL        ; 3.3-V LVTTL  ; 0 s                 ; 0 s                 ; 3.08 V                       ; 3.87e-05 V                   ; 3.11 V              ; -0.0814 V           ; 0.131 V                              ; 0.136 V                              ; 5.88e-10 s                  ; 3.2e-10 s                   ; Yes                        ; Yes                        ; 3.08 V                      ; 3.87e-05 V                  ; 3.11 V             ; -0.0814 V          ; 0.131 V                             ; 0.136 V                             ; 5.88e-10 s                 ; 3.2e-10 s                  ; Yes                       ; Yes                       ;
; ADC_SCK       ; 3.3-V LVTTL  ; 0 s                 ; 0 s                 ; 3.08 V                       ; 3.09e-05 V                   ; 3.09 V              ; -0.0462 V           ; 0.045 V                              ; 0.085 V                              ; 5.49e-10 s                  ; 3.06e-10 s                  ; Yes                        ; Yes                        ; 3.08 V                      ; 3.09e-05 V                  ; 3.09 V             ; -0.0462 V          ; 0.045 V                             ; 0.085 V                             ; 5.49e-10 s                 ; 3.06e-10 s                 ; Yes                       ; Yes                       ;
; ADC_SDI       ; 3.3-V LVTTL  ; 0 s                 ; 0 s                 ; 3.08 V                       ; 3.73e-05 V                   ; 3.11 V              ; -0.104 V            ; 0.101 V                              ; 0.139 V                              ; 5.54e-10 s                  ; 3.16e-10 s                  ; Yes                        ; Yes                        ; 3.08 V                      ; 3.73e-05 V                  ; 3.11 V             ; -0.104 V           ; 0.101 V                             ; 0.139 V                             ; 5.54e-10 s                 ; 3.16e-10 s                 ; Yes                       ; Yes                       ;
; ADC_CONVST    ; 3.3-V LVTTL  ; 0 s                 ; 0 s                 ; 3.08 V                       ; 3.87e-05 V                   ; 3.11 V              ; -0.0814 V           ; 0.131 V                              ; 0.136 V                              ; 5.88e-10 s                  ; 3.2e-10 s                   ; Yes                        ; Yes                        ; 3.08 V                      ; 3.87e-05 V                  ; 3.11 V             ; -0.0814 V          ; 0.131 V                             ; 0.136 V                             ; 5.88e-10 s                 ; 3.2e-10 s                  ; Yes                       ; Yes                       ;
; LED[0]        ; 3.3-V LVTTL  ; 0 s                 ; 0 s                 ; 3.08 V                       ; 3.09e-05 V                   ; 3.09 V              ; -0.0462 V           ; 0.045 V                              ; 0.085 V                              ; 5.49e-10 s                  ; 3.06e-10 s                  ; Yes                        ; Yes                        ; 3.08 V                      ; 3.09e-05 V                  ; 3.09 V             ; -0.0462 V          ; 0.045 V                             ; 0.085 V                             ; 5.49e-10 s                 ; 3.06e-10 s                 ; Yes                       ; Yes                       ;
; LED[1]        ; 3.3-V LVTTL  ; 0 s                 ; 0 s                 ; 3.08 V                       ; 3.73e-05 V                   ; 3.11 V              ; -0.104 V            ; 0.101 V                              ; 0.139 V                              ; 5.54e-10 s                  ; 3.16e-10 s                  ; Yes                        ; Yes                        ; 3.08 V                      ; 3.73e-05 V                  ; 3.11 V             ; -0.104 V           ; 0.101 V                             ; 0.139 V                             ; 5.54e-10 s                 ; 3.16e-10 s                 ; Yes                       ; Yes                       ;
; LED[2]        ; 3.3-V LVTTL  ; 0 s                 ; 0 s                 ; 3.08 V                       ; 3.87e-05 V                   ; 3.11 V              ; -0.0814 V           ; 0.131 V                              ; 0.136 V                              ; 5.88e-10 s                  ; 3.2e-10 s                   ; Yes                        ; Yes                        ; 3.08 V                      ; 3.87e-05 V                  ; 3.11 V             ; -0.0814 V          ; 0.131 V                             ; 0.136 V                             ; 5.88e-10 s                 ; 3.2e-10 s                  ; Yes                       ; Yes                       ;
; LED[3]        ; 3.3-V LVTTL  ; 0 s                 ; 0 s                 ; 3.08 V                       ; 3.09e-05 V                   ; 3.09 V              ; -0.0462 V           ; 0.045 V                              ; 0.085 V                              ; 5.49e-10 s                  ; 3.06e-10 s                  ; Yes                        ; Yes                        ; 3.08 V                      ; 3.09e-05 V                  ; 3.09 V             ; -0.0462 V          ; 0.045 V                             ; 0.085 V                             ; 5.49e-10 s                 ; 3.06e-10 s                 ; Yes                       ; Yes                       ;
; LED[4]        ; 3.3-V LVTTL  ; 0 s                 ; 0 s                 ; 3.08 V                       ; 3.73e-05 V                   ; 3.11 V              ; -0.104 V            ; 0.101 V                              ; 0.139 V                              ; 5.54e-10 s                  ; 3.16e-10 s                  ; Yes                        ; Yes                        ; 3.08 V                      ; 3.73e-05 V                  ; 3.11 V             ; -0.104 V           ; 0.101 V                             ; 0.139 V                             ; 5.54e-10 s                 ; 3.16e-10 s                 ; Yes                       ; Yes                       ;
; LED[5]        ; 3.3-V LVTTL  ; 0 s                 ; 0 s                 ; 3.08 V                       ; 3.73e-05 V                   ; 3.11 V              ; -0.105 V            ; 0.101 V                              ; 0.142 V                              ; 5.54e-10 s                  ; 3.16e-10 s                  ; Yes                        ; Yes                        ; 3.08 V                      ; 3.73e-05 V                  ; 3.11 V             ; -0.105 V           ; 0.101 V                             ; 0.142 V                             ; 5.54e-10 s                 ; 3.16e-10 s                 ; Yes                       ; Yes                       ;
; LED[6]        ; 3.3-V LVTTL  ; 0 s                 ; 0 s                 ; 3.08 V                       ; 3.87e-05 V                   ; 3.11 V              ; -0.0814 V           ; 0.131 V                              ; 0.136 V                              ; 5.88e-10 s                  ; 3.2e-10 s                   ; Yes                        ; Yes                        ; 3.08 V                      ; 3.87e-05 V                  ; 3.11 V             ; -0.0814 V          ; 0.131 V                             ; 0.136 V                             ; 5.88e-10 s                 ; 3.2e-10 s                  ; Yes                       ; Yes                       ;
; LED[7]        ; 3.3-V LVTTL  ; 0 s                 ; 0 s                 ; 3.08 V                       ; 3.73e-05 V                   ; 3.11 V              ; -0.105 V            ; 0.101 V                              ; 0.142 V                              ; 5.54e-10 s                  ; 3.16e-10 s                  ; Yes                        ; Yes                        ; 3.08 V                      ; 3.73e-05 V                  ; 3.11 V             ; -0.105 V           ; 0.101 V                             ; 0.142 V                             ; 5.54e-10 s                 ; 3.16e-10 s                 ; Yes                       ; Yes                       ;
; HDMI_I2C_SDA  ; 3.3-V LVTTL  ; 0 s                 ; 0 s                 ; 3.08 V                       ; 3.73e-05 V                   ; 3.11 V              ; -0.104 V            ; 0.101 V                              ; 0.139 V                              ; 5.54e-10 s                  ; 3.16e-10 s                  ; Yes                        ; Yes                        ; 3.08 V                      ; 3.73e-05 V                  ; 3.11 V             ; -0.104 V           ; 0.101 V                             ; 0.139 V                             ; 5.54e-10 s                 ; 3.16e-10 s                 ; Yes                       ; Yes                       ;
; SDRAM_DQ[0]   ; 3.3-V LVTTL  ; 0 s                 ; 0 s                 ; 3.08 V                       ; 3.73e-05 V                   ; 3.11 V              ; -0.104 V            ; 0.101 V                              ; 0.139 V                              ; 5.54e-10 s                  ; 3.16e-10 s                  ; Yes                        ; Yes                        ; 3.08 V                      ; 3.73e-05 V                  ; 3.11 V             ; -0.104 V           ; 0.101 V                             ; 0.139 V                             ; 5.54e-10 s                 ; 3.16e-10 s                 ; Yes                       ; Yes                       ;
; SDRAM_DQ[1]   ; 3.3-V LVTTL  ; 0 s                 ; 0 s                 ; 3.08 V                       ; 3.87e-05 V                   ; 3.11 V              ; -0.0814 V           ; 0.131 V                              ; 0.136 V                              ; 5.88e-10 s                  ; 3.2e-10 s                   ; Yes                        ; Yes                        ; 3.08 V                      ; 3.87e-05 V                  ; 3.11 V             ; -0.0814 V          ; 0.131 V                             ; 0.136 V                             ; 5.88e-10 s                 ; 3.2e-10 s                  ; Yes                       ; Yes                       ;
; SDRAM_DQ[2]   ; 3.3-V LVTTL  ; 0 s                 ; 0 s                 ; 3.08 V                       ; 3.09e-05 V                   ; 3.09 V              ; -0.0462 V           ; 0.045 V                              ; 0.085 V                              ; 5.49e-10 s                  ; 3.06e-10 s                  ; Yes                        ; Yes                        ; 3.08 V                      ; 3.09e-05 V                  ; 3.09 V             ; -0.0462 V          ; 0.045 V                             ; 0.085 V                             ; 5.49e-10 s                 ; 3.06e-10 s                 ; Yes                       ; Yes                       ;
; SDRAM_DQ[3]   ; 3.3-V LVTTL  ; 0 s                 ; 0 s                 ; 3.08 V                       ; 3.09e-05 V                   ; 3.09 V              ; -0.0462 V           ; 0.045 V                              ; 0.085 V                              ; 5.49e-10 s                  ; 3.06e-10 s                  ; Yes                        ; Yes                        ; 3.08 V                      ; 3.09e-05 V                  ; 3.09 V             ; -0.0462 V          ; 0.045 V                             ; 0.085 V                             ; 5.49e-10 s                 ; 3.06e-10 s                 ; Yes                       ; Yes                       ;
; SDRAM_DQ[4]   ; 3.3-V LVTTL  ; 0 s                 ; 0 s                 ; 3.08 V                       ; 3.73e-05 V                   ; 3.11 V              ; -0.105 V            ; 0.101 V                              ; 0.142 V                              ; 5.54e-10 s                  ; 3.16e-10 s                  ; Yes                        ; Yes                        ; 3.08 V                      ; 3.73e-05 V                  ; 3.11 V             ; -0.105 V           ; 0.101 V                             ; 0.142 V                             ; 5.54e-10 s                 ; 3.16e-10 s                 ; Yes                       ; Yes                       ;
; SDRAM_DQ[5]   ; 3.3-V LVTTL  ; 0 s                 ; 0 s                 ; 3.08 V                       ; 3.73e-05 V                   ; 3.11 V              ; -0.105 V            ; 0.101 V                              ; 0.142 V                              ; 5.54e-10 s                  ; 3.16e-10 s                  ; Yes                        ; Yes                        ; 3.08 V                      ; 3.73e-05 V                  ; 3.11 V             ; -0.105 V           ; 0.101 V                             ; 0.142 V                             ; 5.54e-10 s                 ; 3.16e-10 s                 ; Yes                       ; Yes                       ;
; SDRAM_DQ[6]   ; 3.3-V LVTTL  ; 0 s                 ; 0 s                 ; 3.08 V                       ; 3.73e-05 V                   ; 3.11 V              ; -0.105 V            ; 0.101 V                              ; 0.142 V                              ; 5.54e-10 s                  ; 3.16e-10 s                  ; Yes                        ; Yes                        ; 3.08 V                      ; 3.73e-05 V                  ; 3.11 V             ; -0.105 V           ; 0.101 V                             ; 0.142 V                             ; 5.54e-10 s                 ; 3.16e-10 s                 ; Yes                       ; Yes                       ;
; SDRAM_DQ[7]   ; 3.3-V LVTTL  ; 0 s                 ; 0 s                 ; 3.08 V                       ; 3.73e-05 V                   ; 3.11 V              ; -0.104 V            ; 0.101 V                              ; 0.139 V                              ; 5.54e-10 s                  ; 3.16e-10 s                  ; Yes                        ; Yes                        ; 3.08 V                      ; 3.73e-05 V                  ; 3.11 V             ; -0.104 V           ; 0.101 V                             ; 0.139 V                             ; 5.54e-10 s                 ; 3.16e-10 s                 ; Yes                       ; Yes                       ;
; SDRAM_DQ[8]   ; 3.3-V LVTTL  ; 0 s                 ; 0 s                 ; 3.08 V                       ; 3.87e-05 V                   ; 3.11 V              ; -0.0814 V           ; 0.131 V                              ; 0.136 V                              ; 5.88e-10 s                  ; 3.2e-10 s                   ; Yes                        ; Yes                        ; 3.08 V                      ; 3.87e-05 V                  ; 3.11 V             ; -0.0814 V          ; 0.131 V                             ; 0.136 V                             ; 5.88e-10 s                 ; 3.2e-10 s                  ; Yes                       ; Yes                       ;
; SDRAM_DQ[9]   ; 3.3-V LVTTL  ; 0 s                 ; 0 s                 ; 3.08 V                       ; 3.87e-05 V                   ; 3.11 V              ; -0.0814 V           ; 0.131 V                              ; 0.136 V                              ; 5.88e-10 s                  ; 3.2e-10 s                   ; Yes                        ; Yes                        ; 3.08 V                      ; 3.87e-05 V                  ; 3.11 V             ; -0.0814 V          ; 0.131 V                             ; 0.136 V                             ; 5.88e-10 s                 ; 3.2e-10 s                  ; Yes                       ; Yes                       ;
; SDRAM_DQ[10]  ; 3.3-V LVTTL  ; 0 s                 ; 0 s                 ; 3.08 V                       ; 3.73e-05 V                   ; 3.11 V              ; -0.105 V            ; 0.101 V                              ; 0.142 V                              ; 5.54e-10 s                  ; 3.16e-10 s                  ; Yes                        ; Yes                        ; 3.08 V                      ; 3.73e-05 V                  ; 3.11 V             ; -0.105 V           ; 0.101 V                             ; 0.142 V                             ; 5.54e-10 s                 ; 3.16e-10 s                 ; Yes                       ; Yes                       ;
; SDRAM_DQ[11]  ; 3.3-V LVTTL  ; 0 s                 ; 0 s                 ; 3.08 V                       ; 3.09e-05 V                   ; 3.09 V              ; -0.0462 V           ; 0.045 V                              ; 0.085 V                              ; 5.49e-10 s                  ; 3.06e-10 s                  ; Yes                        ; Yes                        ; 3.08 V                      ; 3.09e-05 V                  ; 3.09 V             ; -0.0462 V          ; 0.045 V                             ; 0.085 V                             ; 5.49e-10 s                 ; 3.06e-10 s                 ; Yes                       ; Yes                       ;
; SDRAM_DQ[12]  ; 3.3-V LVTTL  ; 0 s                 ; 0 s                 ; 3.08 V                       ; 3.73e-05 V                   ; 3.11 V              ; -0.104 V            ; 0.101 V                              ; 0.139 V                              ; 5.54e-10 s                  ; 3.16e-10 s                  ; Yes                        ; Yes                        ; 3.08 V                      ; 3.73e-05 V                  ; 3.11 V             ; -0.104 V           ; 0.101 V                             ; 0.139 V                             ; 5.54e-10 s                 ; 3.16e-10 s                 ; Yes                       ; Yes                       ;
; SDRAM_DQ[13]  ; 3.3-V LVTTL  ; 0 s                 ; 0 s                 ; 3.08 V                       ; 3.73e-05 V                   ; 3.11 V              ; -0.104 V            ; 0.101 V                              ; 0.139 V                              ; 5.54e-10 s                  ; 3.16e-10 s                  ; Yes                        ; Yes                        ; 3.08 V                      ; 3.73e-05 V                  ; 3.11 V             ; -0.104 V           ; 0.101 V                             ; 0.139 V                             ; 5.54e-10 s                 ; 3.16e-10 s                 ; Yes                       ; Yes                       ;
; SDRAM_DQ[14]  ; 3.3-V LVTTL  ; 0 s                 ; 0 s                 ; 3.08 V                       ; 3.73e-05 V                   ; 3.11 V              ; -0.105 V            ; 0.101 V                              ; 0.142 V                              ; 5.54e-10 s                  ; 3.16e-10 s                  ; Yes                        ; Yes                        ; 3.08 V                      ; 3.73e-05 V                  ; 3.11 V             ; -0.105 V           ; 0.101 V                             ; 0.142 V                             ; 5.54e-10 s                 ; 3.16e-10 s                 ; Yes                       ; Yes                       ;
; SDRAM_DQ[15]  ; 3.3-V LVTTL  ; 0 s                 ; 0 s                 ; 3.08 V                       ; 3.73e-05 V                   ; 3.11 V              ; -0.104 V            ; 0.101 V                              ; 0.139 V                              ; 5.54e-10 s                  ; 3.16e-10 s                  ; Yes                        ; Yes                        ; 3.08 V                      ; 3.73e-05 V                  ; 3.11 V             ; -0.104 V           ; 0.101 V                             ; 0.139 V                             ; 5.54e-10 s                 ; 3.16e-10 s                 ; Yes                       ; Yes                       ;
; VGA_HS        ; 3.3-V LVTTL  ; 0 s                 ; 0 s                 ; 3.08 V                       ; 5.01e-05 V                   ; 3.13 V              ; -0.0359 V           ; 0.272 V                              ; 0.084 V                              ; 6.28e-10 s                  ; 3.67e-10 s                  ; Yes                        ; Yes                        ; 3.08 V                      ; 5.01e-05 V                  ; 3.13 V             ; -0.0359 V          ; 0.272 V                             ; 0.084 V                             ; 6.28e-10 s                 ; 3.67e-10 s                 ; Yes                       ; Yes                       ;
; SDIO_DAT[0]   ; 3.3-V LVTTL  ; 0 s                 ; 0 s                 ; 3.08 V                       ; 3.87e-05 V                   ; 3.11 V              ; -0.0814 V           ; 0.131 V                              ; 0.136 V                              ; 5.88e-10 s                  ; 3.2e-10 s                   ; Yes                        ; Yes                        ; 3.08 V                      ; 3.87e-05 V                  ; 3.11 V             ; -0.0814 V          ; 0.131 V                             ; 0.136 V                             ; 5.88e-10 s                 ; 3.2e-10 s                  ; Yes                       ; Yes                       ;
; SDIO_DAT[1]   ; 3.3-V LVTTL  ; 0 s                 ; 0 s                 ; 3.08 V                       ; 3.09e-05 V                   ; 3.09 V              ; -0.0462 V           ; 0.045 V                              ; 0.085 V                              ; 5.49e-10 s                  ; 3.06e-10 s                  ; Yes                        ; Yes                        ; 3.08 V                      ; 3.09e-05 V                  ; 3.09 V             ; -0.0462 V          ; 0.045 V                             ; 0.085 V                             ; 5.49e-10 s                 ; 3.06e-10 s                 ; Yes                       ; Yes                       ;
; SDIO_DAT[2]   ; 3.3-V LVTTL  ; 0 s                 ; 0 s                 ; 3.08 V                       ; 3.73e-05 V                   ; 3.11 V              ; -0.105 V            ; 0.101 V                              ; 0.142 V                              ; 5.54e-10 s                  ; 3.16e-10 s                  ; Yes                        ; Yes                        ; 3.08 V                      ; 3.73e-05 V                  ; 3.11 V             ; -0.105 V           ; 0.101 V                             ; 0.142 V                             ; 5.54e-10 s                 ; 3.16e-10 s                 ; Yes                       ; Yes                       ;
; SDIO_DAT[3]   ; 3.3-V LVTTL  ; 0 s                 ; 0 s                 ; 3.08 V                       ; 3.73e-05 V                   ; 3.11 V              ; -0.105 V            ; 0.101 V                              ; 0.142 V                              ; 5.54e-10 s                  ; 3.16e-10 s                  ; Yes                        ; Yes                        ; 3.08 V                      ; 3.73e-05 V                  ; 3.11 V             ; -0.105 V           ; 0.101 V                             ; 0.142 V                             ; 5.54e-10 s                 ; 3.16e-10 s                 ; Yes                       ; Yes                       ;
; SDIO_CMD      ; 3.3-V LVTTL  ; 0 s                 ; 0 s                 ; 3.08 V                       ; 3.73e-05 V                   ; 3.11 V              ; -0.104 V            ; 0.101 V                              ; 0.139 V                              ; 5.54e-10 s                  ; 3.16e-10 s                  ; Yes                        ; Yes                        ; 3.08 V                      ; 3.73e-05 V                  ; 3.11 V             ; -0.104 V           ; 0.101 V                             ; 0.139 V                             ; 5.54e-10 s                 ; 3.16e-10 s                 ; Yes                       ; Yes                       ;
; SDCD_SPDIF    ; 3.3-V LVTTL  ; 0 s                 ; 0 s                 ; 3.08 V                       ; 3.73e-05 V                   ; 3.11 V              ; -0.105 V            ; 0.101 V                              ; 0.142 V                              ; 5.54e-10 s                  ; 3.16e-10 s                  ; Yes                        ; Yes                        ; 3.08 V                      ; 3.73e-05 V                  ; 3.11 V             ; -0.105 V           ; 0.101 V                             ; 0.142 V                             ; 5.54e-10 s                 ; 3.16e-10 s                 ; Yes                       ; Yes                       ;
; IO_SDA        ; 3.3-V LVTTL  ; 0 s                 ; 0 s                 ; 3.08 V                       ; 3.73e-05 V                   ; 3.11 V              ; -0.104 V            ; 0.101 V                              ; 0.139 V                              ; 5.54e-10 s                  ; 3.16e-10 s                  ; Yes                        ; Yes                        ; 3.08 V                      ; 3.73e-05 V                  ; 3.11 V             ; -0.104 V           ; 0.101 V                             ; 0.139 V                             ; 5.54e-10 s                 ; 3.16e-10 s                 ; Yes                       ; Yes                       ;
; USER_IO[0]    ; 3.3-V LVTTL  ; 0 s                 ; 0 s                 ; 3.08 V                       ; 3.73e-05 V                   ; 3.11 V              ; -0.104 V            ; 0.101 V                              ; 0.139 V                              ; 5.54e-10 s                  ; 3.16e-10 s                  ; Yes                        ; Yes                        ; 3.08 V                      ; 3.73e-05 V                  ; 3.11 V             ; -0.104 V           ; 0.101 V                             ; 0.139 V                             ; 5.54e-10 s                 ; 3.16e-10 s                 ; Yes                       ; Yes                       ;
; USER_IO[1]    ; 3.3-V LVTTL  ; 0 s                 ; 0 s                 ; 3.08 V                       ; 3.73e-05 V                   ; 3.11 V              ; -0.105 V            ; 0.101 V                              ; 0.142 V                              ; 5.54e-10 s                  ; 3.16e-10 s                  ; Yes                        ; Yes                        ; 3.08 V                      ; 3.73e-05 V                  ; 3.11 V             ; -0.105 V           ; 0.101 V                             ; 0.142 V                             ; 5.54e-10 s                 ; 3.16e-10 s                 ; Yes                       ; Yes                       ;
; USER_IO[2]    ; 3.3-V LVTTL  ; 0 s                 ; 0 s                 ; 3.08 V                       ; 3.73e-05 V                   ; 3.11 V              ; -0.104 V            ; 0.101 V                              ; 0.139 V                              ; 5.54e-10 s                  ; 3.16e-10 s                  ; Yes                        ; Yes                        ; 3.08 V                      ; 3.73e-05 V                  ; 3.11 V             ; -0.104 V           ; 0.101 V                             ; 0.139 V                             ; 5.54e-10 s                 ; 3.16e-10 s                 ; Yes                       ; Yes                       ;
; USER_IO[3]    ; 3.3-V LVTTL  ; 0 s                 ; 0 s                 ; 3.08 V                       ; 3.73e-05 V                   ; 3.11 V              ; -0.105 V            ; 0.101 V                              ; 0.142 V                              ; 5.54e-10 s                  ; 3.16e-10 s                  ; Yes                        ; Yes                        ; 3.08 V                      ; 3.73e-05 V                  ; 3.11 V             ; -0.105 V           ; 0.101 V                             ; 0.142 V                             ; 5.54e-10 s                 ; 3.16e-10 s                 ; Yes                       ; Yes                       ;
; USER_IO[4]    ; 3.3-V LVTTL  ; 0 s                 ; 0 s                 ; 3.08 V                       ; 3.09e-05 V                   ; 3.09 V              ; -0.0462 V           ; 0.045 V                              ; 0.085 V                              ; 5.49e-10 s                  ; 3.06e-10 s                  ; Yes                        ; Yes                        ; 3.08 V                      ; 3.09e-05 V                  ; 3.09 V             ; -0.0462 V          ; 0.045 V                             ; 0.085 V                             ; 5.49e-10 s                 ; 3.06e-10 s                 ; Yes                       ; Yes                       ;
; USER_IO[5]    ; 3.3-V LVTTL  ; 0 s                 ; 0 s                 ; 3.08 V                       ; 3.87e-05 V                   ; 3.11 V              ; -0.0814 V           ; 0.131 V                              ; 0.136 V                              ; 5.88e-10 s                  ; 3.2e-10 s                   ; Yes                        ; Yes                        ; 3.08 V                      ; 3.87e-05 V                  ; 3.11 V             ; -0.0814 V          ; 0.131 V                             ; 0.136 V                             ; 5.88e-10 s                 ; 3.2e-10 s                  ; Yes                       ; Yes                       ;
; USER_IO[6]    ; 3.3-V LVTTL  ; 0 s                 ; 0 s                 ; 3.08 V                       ; 3.87e-05 V                   ; 3.11 V              ; -0.0814 V           ; 0.131 V                              ; 0.136 V                              ; 5.88e-10 s                  ; 3.2e-10 s                   ; Yes                        ; Yes                        ; 3.08 V                      ; 3.87e-05 V                  ; 3.11 V             ; -0.0814 V          ; 0.131 V                             ; 0.136 V                             ; 5.88e-10 s                 ; 3.2e-10 s                  ; Yes                       ; Yes                       ;
+---------------+--------------+---------------------+---------------------+------------------------------+------------------------------+---------------------+---------------------+--------------------------------------+--------------------------------------+-----------------------------+-----------------------------+----------------------------+----------------------------+-----------------------------+-----------------------------+--------------------+--------------------+-------------------------------------+-------------------------------------+----------------------------+----------------------------+---------------------------+---------------------------+


+-----------------------------------------------------------------------------------------------------------------------------------------------------------------------------------------------------------------+
; Setup Transfers                                                                                                                                                                                                 ;
+---------------------------------------------------------------------------------+---------------------------------------------------------------------------------+------------+----------+----------+----------+
; From Clock                                                                      ; To Clock                                                                        ; RR Paths   ; FR Paths ; RF Paths ; FF Paths ;
+---------------------------------------------------------------------------------+---------------------------------------------------------------------------------+------------+----------+----------+----------+
; emu|pll|pll_inst|altera_pll_i|general[0].gpll~PLL_OUTPUT_COUNTER|divclk         ; emu|pll|pll_inst|altera_pll_i|general[0].gpll~PLL_OUTPUT_COUNTER|divclk         ; 146301     ; 0        ; 0        ; 0        ;
; FPGA_CLK2_50                                                                    ; emu|pll|pll_inst|altera_pll_i|general[0].gpll~PLL_OUTPUT_COUNTER|divclk         ; false path ; 0        ; 0        ; 0        ;
; sysmem|fpga_interfaces|clocks_resets|h2f_user0_clk                              ; emu|pll|pll_inst|altera_pll_i|general[0].gpll~PLL_OUTPUT_COUNTER|divclk         ; false path ; 0        ; 0        ; 0        ;
; emu|pll|pll_inst|altera_pll_i|general[0].gpll~PLL_OUTPUT_COUNTER|divclk         ; FPGA_CLK2_50                                                                    ; false path ; 0        ; 0        ; 0        ;
; FPGA_CLK2_50                                                                    ; FPGA_CLK2_50                                                                    ; 18687      ; 0        ; 0        ; 0        ;
; sysmem|fpga_interfaces|clocks_resets|h2f_user0_clk                              ; FPGA_CLK2_50                                                                    ; false path ; 0        ; 0        ; 0        ;
; emu|pll|pll_inst|altera_pll_i|general[0].gpll~PLL_OUTPUT_COUNTER|divclk         ; pll_audio|pll_audio_inst|altera_pll_i|general[0].gpll~PLL_OUTPUT_COUNTER|divclk ; false path ; 0        ; 0        ; 0        ;
; FPGA_CLK2_50                                                                    ; pll_audio|pll_audio_inst|altera_pll_i|general[0].gpll~PLL_OUTPUT_COUNTER|divclk ; false path ; 0        ; 0        ; 0        ;
; pll_audio|pll_audio_inst|altera_pll_i|general[0].gpll~PLL_OUTPUT_COUNTER|divclk ; pll_audio|pll_audio_inst|altera_pll_i|general[0].gpll~PLL_OUTPUT_COUNTER|divclk ; 384995328  ; 0        ; 0        ; 0        ;
; sysmem|fpga_interfaces|clocks_resets|h2f_user0_clk                              ; pll_audio|pll_audio_inst|altera_pll_i|general[0].gpll~PLL_OUTPUT_COUNTER|divclk ; false path ; 0        ; 0        ; 0        ;
; emu|pll|pll_inst|altera_pll_i|general[0].gpll~PLL_OUTPUT_COUNTER|divclk         ; sysmem|fpga_interfaces|clocks_resets|h2f_user0_clk                              ; false path ; 0        ; 0        ; 0        ;
; sysmem|fpga_interfaces|clocks_resets|h2f_user0_clk                              ; sysmem|fpga_interfaces|clocks_resets|h2f_user0_clk                              ; false path ; 0        ; 0        ; 0        ;
+---------------------------------------------------------------------------------+---------------------------------------------------------------------------------+------------+----------+----------+----------+
Entries labeled "false path" only account for clock-to-clock false paths and not path-based false paths. As a result, actual path counts may be lower than reported.


+-----------------------------------------------------------------------------------------------------------------------------------------------------------------------------------------------------------------+
; Hold Transfers                                                                                                                                                                                                  ;
+---------------------------------------------------------------------------------+---------------------------------------------------------------------------------+------------+----------+----------+----------+
; From Clock                                                                      ; To Clock                                                                        ; RR Paths   ; FR Paths ; RF Paths ; FF Paths ;
+---------------------------------------------------------------------------------+---------------------------------------------------------------------------------+------------+----------+----------+----------+
; emu|pll|pll_inst|altera_pll_i|general[0].gpll~PLL_OUTPUT_COUNTER|divclk         ; emu|pll|pll_inst|altera_pll_i|general[0].gpll~PLL_OUTPUT_COUNTER|divclk         ; 146301     ; 0        ; 0        ; 0        ;
; FPGA_CLK2_50                                                                    ; emu|pll|pll_inst|altera_pll_i|general[0].gpll~PLL_OUTPUT_COUNTER|divclk         ; false path ; 0        ; 0        ; 0        ;
; sysmem|fpga_interfaces|clocks_resets|h2f_user0_clk                              ; emu|pll|pll_inst|altera_pll_i|general[0].gpll~PLL_OUTPUT_COUNTER|divclk         ; false path ; 0        ; 0        ; 0        ;
; emu|pll|pll_inst|altera_pll_i|general[0].gpll~PLL_OUTPUT_COUNTER|divclk         ; FPGA_CLK2_50                                                                    ; false path ; 0        ; 0        ; 0        ;
; FPGA_CLK2_50                                                                    ; FPGA_CLK2_50                                                                    ; 18687      ; 0        ; 0        ; 0        ;
; sysmem|fpga_interfaces|clocks_resets|h2f_user0_clk                              ; FPGA_CLK2_50                                                                    ; false path ; 0        ; 0        ; 0        ;
; emu|pll|pll_inst|altera_pll_i|general[0].gpll~PLL_OUTPUT_COUNTER|divclk         ; pll_audio|pll_audio_inst|altera_pll_i|general[0].gpll~PLL_OUTPUT_COUNTER|divclk ; false path ; 0        ; 0        ; 0        ;
; FPGA_CLK2_50                                                                    ; pll_audio|pll_audio_inst|altera_pll_i|general[0].gpll~PLL_OUTPUT_COUNTER|divclk ; false path ; 0        ; 0        ; 0        ;
; pll_audio|pll_audio_inst|altera_pll_i|general[0].gpll~PLL_OUTPUT_COUNTER|divclk ; pll_audio|pll_audio_inst|altera_pll_i|general[0].gpll~PLL_OUTPUT_COUNTER|divclk ; 384995328  ; 0        ; 0        ; 0        ;
; sysmem|fpga_interfaces|clocks_resets|h2f_user0_clk                              ; pll_audio|pll_audio_inst|altera_pll_i|general[0].gpll~PLL_OUTPUT_COUNTER|divclk ; false path ; 0        ; 0        ; 0        ;
; emu|pll|pll_inst|altera_pll_i|general[0].gpll~PLL_OUTPUT_COUNTER|divclk         ; sysmem|fpga_interfaces|clocks_resets|h2f_user0_clk                              ; false path ; 0        ; 0        ; 0        ;
; sysmem|fpga_interfaces|clocks_resets|h2f_user0_clk                              ; sysmem|fpga_interfaces|clocks_resets|h2f_user0_clk                              ; false path ; 0        ; 0        ; 0        ;
+---------------------------------------------------------------------------------+---------------------------------------------------------------------------------+------------+----------+----------+----------+
Entries labeled "false path" only account for clock-to-clock false paths and not path-based false paths. As a result, actual path counts may be lower than reported.


+---------------------------------------------------------------------------------------------------------------------------------------------------------------------------------------------------------+
; Recovery Transfers                                                                                                                                                                                      ;
+-------------------------------------------------------------------------+---------------------------------------------------------------------------------+------------+----------+----------+----------+
; From Clock                                                              ; To Clock                                                                        ; RR Paths   ; FR Paths ; RF Paths ; FF Paths ;
+-------------------------------------------------------------------------+---------------------------------------------------------------------------------+------------+----------+----------+----------+
; FPGA_CLK2_50                                                            ; emu|pll|pll_inst|altera_pll_i|general[0].gpll~PLL_OUTPUT_COUNTER|divclk         ; false path ; 0        ; 0        ; 0        ;
; emu|pll|pll_inst|altera_pll_i|general[0].gpll~PLL_OUTPUT_COUNTER|divclk ; pll_audio|pll_audio_inst|altera_pll_i|general[0].gpll~PLL_OUTPUT_COUNTER|divclk ; false path ; 0        ; 0        ; 0        ;
; FPGA_CLK2_50                                                            ; pll_audio|pll_audio_inst|altera_pll_i|general[0].gpll~PLL_OUTPUT_COUNTER|divclk ; false path ; 0        ; 0        ; 0        ;
; sysmem|fpga_interfaces|clocks_resets|h2f_user0_clk                      ; pll_audio|pll_audio_inst|altera_pll_i|general[0].gpll~PLL_OUTPUT_COUNTER|divclk ; false path ; 0        ; 0        ; 0        ;
+-------------------------------------------------------------------------+---------------------------------------------------------------------------------+------------+----------+----------+----------+
Entries labeled "false path" only account for clock-to-clock false paths and not path-based false paths. As a result, actual path counts may be lower than reported.


+---------------------------------------------------------------------------------------------------------------------------------------------------------------------------------------------------------+
; Removal Transfers                                                                                                                                                                                       ;
+-------------------------------------------------------------------------+---------------------------------------------------------------------------------+------------+----------+----------+----------+
; From Clock                                                              ; To Clock                                                                        ; RR Paths   ; FR Paths ; RF Paths ; FF Paths ;
+-------------------------------------------------------------------------+---------------------------------------------------------------------------------+------------+----------+----------+----------+
; FPGA_CLK2_50                                                            ; emu|pll|pll_inst|altera_pll_i|general[0].gpll~PLL_OUTPUT_COUNTER|divclk         ; false path ; 0        ; 0        ; 0        ;
; emu|pll|pll_inst|altera_pll_i|general[0].gpll~PLL_OUTPUT_COUNTER|divclk ; pll_audio|pll_audio_inst|altera_pll_i|general[0].gpll~PLL_OUTPUT_COUNTER|divclk ; false path ; 0        ; 0        ; 0        ;
; FPGA_CLK2_50                                                            ; pll_audio|pll_audio_inst|altera_pll_i|general[0].gpll~PLL_OUTPUT_COUNTER|divclk ; false path ; 0        ; 0        ; 0        ;
; sysmem|fpga_interfaces|clocks_resets|h2f_user0_clk                      ; pll_audio|pll_audio_inst|altera_pll_i|general[0].gpll~PLL_OUTPUT_COUNTER|divclk ; false path ; 0        ; 0        ; 0        ;
+-------------------------------------------------------------------------+---------------------------------------------------------------------------------+------------+----------+----------+----------+
Entries labeled "false path" only account for clock-to-clock false paths and not path-based false paths. As a result, actual path counts may be lower than reported.


---------------
; Report TCCS ;
---------------
No dedicated SERDES Transmitter circuitry present in device or used in design


---------------
; Report RSKM ;
---------------
No non-DPA dedicated SERDES Receiver circuitry present in device or used in design


+------------------------------------------------+
; Unconstrained Paths Summary                    ;
+---------------------------------+-------+------+
; Property                        ; Setup ; Hold ;
+---------------------------------+-------+------+
; Illegal Clocks                  ; 0     ; 0    ;
; Unconstrained Clocks            ; 0     ; 0    ;
; Unconstrained Input Ports       ; 3     ; 3    ;
; Unconstrained Input Port Paths  ; 13    ; 13   ;
; Unconstrained Output Ports      ; 49    ; 49   ;
; Unconstrained Output Port Paths ; 62    ; 62   ;
+---------------------------------+-------+------+


+---------------------------------------------------------------------------------------------------------------------------------------------------------------------------------------------+
; Clock Status Summary                                                                                                                                                                        ;
+---------------------------------------------------------------------------------+---------------------------------------------------------------------------------+-----------+-------------+
; Target                                                                          ; Clock                                                                           ; Type      ; Status      ;
+---------------------------------------------------------------------------------+---------------------------------------------------------------------------------+-----------+-------------+
; FPGA_CLK1_50                                                                    ; FPGA_CLK1_50                                                                    ; Base      ; Constrained ;
; FPGA_CLK2_50                                                                    ; FPGA_CLK2_50                                                                    ; Base      ; Constrained ;
; FPGA_CLK3_50                                                                    ; FPGA_CLK3_50                                                                    ; Base      ; Constrained ;
; emu|pll|pll_inst|altera_pll_i|general[0].gpll~FRACTIONAL_PLL|vcoph[0]           ; emu|pll|pll_inst|altera_pll_i|general[0].gpll~FRACTIONAL_PLL|vcoph[0]           ; Generated ; Constrained ;
; emu|pll|pll_inst|altera_pll_i|general[0].gpll~PLL_OUTPUT_COUNTER|divclk         ; emu|pll|pll_inst|altera_pll_i|general[0].gpll~PLL_OUTPUT_COUNTER|divclk         ; Generated ; Constrained ;
; hdmi_i2c|out_clk                                                                ; hdmi_sck                                                                        ; Base      ; Constrained ;
; pll_audio|pll_audio_inst|altera_pll_i|general[0].gpll~FRACTIONAL_PLL|vcoph[0]   ; pll_audio|pll_audio_inst|altera_pll_i|general[0].gpll~FRACTIONAL_PLL|vcoph[0]   ; Generated ; Constrained ;
; pll_audio|pll_audio_inst|altera_pll_i|general[0].gpll~PLL_OUTPUT_COUNTER|divclk ; pll_audio|pll_audio_inst|altera_pll_i|general[0].gpll~PLL_OUTPUT_COUNTER|divclk ; Generated ; Constrained ;
; sysmem|fpga_interfaces|clocks_resets|h2f_user0_clk                              ; sysmem|fpga_interfaces|clocks_resets|h2f_user0_clk                              ; Base      ; Constrained ;
+---------------------------------------------------------------------------------+---------------------------------------------------------------------------------+-----------+-------------+


+-----------------------------------------------------------------------------------------------------+
; Unconstrained Input Ports                                                                           ;
+--------------+--------------------------------------------------------------------------------------+
; Input Port   ; Comment                                                                              ;
+--------------+--------------------------------------------------------------------------------------+
; HDMI_I2C_SDA ; No input delay, min/max delays, false-path exceptions, or max skew assignments found ;
; IO_SDA       ; No input delay, min/max delays, false-path exceptions, or max skew assignments found ;
; SDCD_SPDIF   ; No input delay, min/max delays, false-path exceptions, or max skew assignments found ;
+--------------+--------------------------------------------------------------------------------------+


+-------------------------------------------------------------------------------------------------------+
; Unconstrained Output Ports                                                                            ;
+---------------+---------------------------------------------------------------------------------------+
; Output Port   ; Comment                                                                               ;
+---------------+---------------------------------------------------------------------------------------+
; HDMI_I2C_SCL  ; No output delay, min/max delays, false-path exceptions, or max skew assignments found ;
; HDMI_I2C_SDA  ; No output delay, min/max delays, false-path exceptions, or max skew assignments found ;
; HDMI_I2S      ; No output delay, min/max delays, false-path exceptions, or max skew assignments found ;
; HDMI_LRCLK    ; No output delay, min/max delays, false-path exceptions, or max skew assignments found ;
; HDMI_MCLK     ; No output delay, min/max delays, false-path exceptions, or max skew assignments found ;
; HDMI_SCLK     ; No output delay, min/max delays, false-path exceptions, or max skew assignments found ;
; HDMI_TX_CLK   ; No output delay, min/max delays, false-path exceptions, or max skew assignments found ;
; HDMI_TX_DE    ; No output delay, min/max delays, false-path exceptions, or max skew assignments found ;
; HDMI_TX_D[0]  ; No output delay, min/max delays, false-path exceptions, or max skew assignments found ;
; HDMI_TX_D[1]  ; No output delay, min/max delays, false-path exceptions, or max skew assignments found ;
; HDMI_TX_D[2]  ; No output delay, min/max delays, false-path exceptions, or max skew assignments found ;
; HDMI_TX_D[3]  ; No output delay, min/max delays, false-path exceptions, or max skew assignments found ;
; HDMI_TX_D[4]  ; No output delay, min/max delays, false-path exceptions, or max skew assignments found ;
; HDMI_TX_D[5]  ; No output delay, min/max delays, false-path exceptions, or max skew assignments found ;
; HDMI_TX_D[6]  ; No output delay, min/max delays, false-path exceptions, or max skew assignments found ;
; HDMI_TX_D[7]  ; No output delay, min/max delays, false-path exceptions, or max skew assignments found ;
; HDMI_TX_D[8]  ; No output delay, min/max delays, false-path exceptions, or max skew assignments found ;
; HDMI_TX_D[9]  ; No output delay, min/max delays, false-path exceptions, or max skew assignments found ;
; HDMI_TX_D[10] ; No output delay, min/max delays, false-path exceptions, or max skew assignments found ;
; HDMI_TX_D[11] ; No output delay, min/max delays, false-path exceptions, or max skew assignments found ;
; HDMI_TX_D[12] ; No output delay, min/max delays, false-path exceptions, or max skew assignments found ;
; HDMI_TX_D[13] ; No output delay, min/max delays, false-path exceptions, or max skew assignments found ;
; HDMI_TX_D[14] ; No output delay, min/max delays, false-path exceptions, or max skew assignments found ;
; HDMI_TX_D[15] ; No output delay, min/max delays, false-path exceptions, or max skew assignments found ;
; HDMI_TX_D[16] ; No output delay, min/max delays, false-path exceptions, or max skew assignments found ;
; HDMI_TX_D[17] ; No output delay, min/max delays, false-path exceptions, or max skew assignments found ;
; HDMI_TX_D[18] ; No output delay, min/max delays, false-path exceptions, or max skew assignments found ;
; HDMI_TX_D[19] ; No output delay, min/max delays, false-path exceptions, or max skew assignments found ;
; HDMI_TX_D[20] ; No output delay, min/max delays, false-path exceptions, or max skew assignments found ;
; HDMI_TX_D[21] ; No output delay, min/max delays, false-path exceptions, or max skew assignments found ;
; HDMI_TX_D[22] ; No output delay, min/max delays, false-path exceptions, or max skew assignments found ;
; HDMI_TX_D[23] ; No output delay, min/max delays, false-path exceptions, or max skew assignments found ;
; HDMI_TX_HS    ; No output delay, min/max delays, false-path exceptions, or max skew assignments found ;
; HDMI_TX_VS    ; No output delay, min/max delays, false-path exceptions, or max skew assignments found ;
; IO_SCL        ; No output delay, min/max delays, false-path exceptions, or max skew assignments found ;
; IO_SDA        ; No output delay, min/max delays, false-path exceptions, or max skew assignments found ;
; LED[0]        ; Partially constrained                                                                 ;
; LED[2]        ; Partially constrained                                                                 ;
; SDCD_SPDIF    ; Partially constrained                                                                 ;
; SDIO_CLK      ; Partially constrained                                                                 ;
; SDIO_CMD      ; Partially constrained                                                                 ;
; SDIO_DAT[0]   ; Partially constrained                                                                 ;
; SDIO_DAT[1]   ; Partially constrained                                                                 ;
; SDIO_DAT[2]   ; Partially constrained                                                                 ;
; SDIO_DAT[3]   ; Partially constrained                                                                 ;
; SD_SPI_CS     ; Partially constrained                                                                 ;
; USER_IO[2]    ; Partially constrained                                                                 ;
; USER_IO[4]    ; Partially constrained                                                                 ;
; USER_IO[5]    ; Partially constrained                                                                 ;
+---------------+---------------------------------------------------------------------------------------+


+-----------------------------------------------------------------------------------------------------+
; Unconstrained Input Ports                                                                           ;
+--------------+--------------------------------------------------------------------------------------+
; Input Port   ; Comment                                                                              ;
+--------------+--------------------------------------------------------------------------------------+
; HDMI_I2C_SDA ; No input delay, min/max delays, false-path exceptions, or max skew assignments found ;
; IO_SDA       ; No input delay, min/max delays, false-path exceptions, or max skew assignments found ;
; SDCD_SPDIF   ; No input delay, min/max delays, false-path exceptions, or max skew assignments found ;
+--------------+--------------------------------------------------------------------------------------+


+-------------------------------------------------------------------------------------------------------+
; Unconstrained Output Ports                                                                            ;
+---------------+---------------------------------------------------------------------------------------+
; Output Port   ; Comment                                                                               ;
+---------------+---------------------------------------------------------------------------------------+
; HDMI_I2C_SCL  ; No output delay, min/max delays, false-path exceptions, or max skew assignments found ;
; HDMI_I2C_SDA  ; No output delay, min/max delays, false-path exceptions, or max skew assignments found ;
; HDMI_I2S      ; No output delay, min/max delays, false-path exceptions, or max skew assignments found ;
; HDMI_LRCLK    ; No output delay, min/max delays, false-path exceptions, or max skew assignments found ;
; HDMI_MCLK     ; No output delay, min/max delays, false-path exceptions, or max skew assignments found ;
; HDMI_SCLK     ; No output delay, min/max delays, false-path exceptions, or max skew assignments found ;
; HDMI_TX_CLK   ; No output delay, min/max delays, false-path exceptions, or max skew assignments found ;
; HDMI_TX_DE    ; No output delay, min/max delays, false-path exceptions, or max skew assignments found ;
; HDMI_TX_D[0]  ; No output delay, min/max delays, false-path exceptions, or max skew assignments found ;
; HDMI_TX_D[1]  ; No output delay, min/max delays, false-path exceptions, or max skew assignments found ;
; HDMI_TX_D[2]  ; No output delay, min/max delays, false-path exceptions, or max skew assignments found ;
; HDMI_TX_D[3]  ; No output delay, min/max delays, false-path exceptions, or max skew assignments found ;
; HDMI_TX_D[4]  ; No output delay, min/max delays, false-path exceptions, or max skew assignments found ;
; HDMI_TX_D[5]  ; No output delay, min/max delays, false-path exceptions, or max skew assignments found ;
; HDMI_TX_D[6]  ; No output delay, min/max delays, false-path exceptions, or max skew assignments found ;
; HDMI_TX_D[7]  ; No output delay, min/max delays, false-path exceptions, or max skew assignments found ;
; HDMI_TX_D[8]  ; No output delay, min/max delays, false-path exceptions, or max skew assignments found ;
; HDMI_TX_D[9]  ; No output delay, min/max delays, false-path exceptions, or max skew assignments found ;
; HDMI_TX_D[10] ; No output delay, min/max delays, false-path exceptions, or max skew assignments found ;
; HDMI_TX_D[11] ; No output delay, min/max delays, false-path exceptions, or max skew assignments found ;
; HDMI_TX_D[12] ; No output delay, min/max delays, false-path exceptions, or max skew assignments found ;
; HDMI_TX_D[13] ; No output delay, min/max delays, false-path exceptions, or max skew assignments found ;
; HDMI_TX_D[14] ; No output delay, min/max delays, false-path exceptions, or max skew assignments found ;
; HDMI_TX_D[15] ; No output delay, min/max delays, false-path exceptions, or max skew assignments found ;
; HDMI_TX_D[16] ; No output delay, min/max delays, false-path exceptions, or max skew assignments found ;
; HDMI_TX_D[17] ; No output delay, min/max delays, false-path exceptions, or max skew assignments found ;
; HDMI_TX_D[18] ; No output delay, min/max delays, false-path exceptions, or max skew assignments found ;
; HDMI_TX_D[19] ; No output delay, min/max delays, false-path exceptions, or max skew assignments found ;
; HDMI_TX_D[20] ; No output delay, min/max delays, false-path exceptions, or max skew assignments found ;
; HDMI_TX_D[21] ; No output delay, min/max delays, false-path exceptions, or max skew assignments found ;
; HDMI_TX_D[22] ; No output delay, min/max delays, false-path exceptions, or max skew assignments found ;
; HDMI_TX_D[23] ; No output delay, min/max delays, false-path exceptions, or max skew assignments found ;
; HDMI_TX_HS    ; No output delay, min/max delays, false-path exceptions, or max skew assignments found ;
; HDMI_TX_VS    ; No output delay, min/max delays, false-path exceptions, or max skew assignments found ;
; IO_SCL        ; No output delay, min/max delays, false-path exceptions, or max skew assignments found ;
; IO_SDA        ; No output delay, min/max delays, false-path exceptions, or max skew assignments found ;
; LED[0]        ; Partially constrained                                                                 ;
; LED[2]        ; Partially constrained                                                                 ;
; SDCD_SPDIF    ; Partially constrained                                                                 ;
; SDIO_CLK      ; Partially constrained                                                                 ;
; SDIO_CMD      ; Partially constrained                                                                 ;
; SDIO_DAT[0]   ; Partially constrained                                                                 ;
; SDIO_DAT[1]   ; Partially constrained                                                                 ;
; SDIO_DAT[2]   ; Partially constrained                                                                 ;
; SDIO_DAT[3]   ; Partially constrained                                                                 ;
; SD_SPI_CS     ; Partially constrained                                                                 ;
; USER_IO[2]    ; Partially constrained                                                                 ;
; USER_IO[4]    ; Partially constrained                                                                 ;
; USER_IO[5]    ; Partially constrained                                                                 ;
+---------------+---------------------------------------------------------------------------------------+


+--------------------------+
; Timing Analyzer Messages ;
+--------------------------+
Info: *******************************************************************
Info: Running Quartus Prime Timing Analyzer
    Info: Version 22.1std.2 Build 922 07/20/2023 SC Lite Edition
    Info: Processing started: Sat Aug 23 15:22:32 2025
Info: Command: quartus_sta mycore -c mycore
Info: qsta_default_script.tcl version: #1
Warning (20013): Ignored 13 assignments for entity "pll_hdmi" -- entity does not exist in design
Warning (20013): Ignored 463 assignments for entity "pll_hdmi_0002" -- entity does not exist in design
Info (20030): Parallel compilation is enabled and will use 10 of the 10 processors detected
Info (21077): Low junction temperature is -40 degrees C
Info (21077): High junction temperature is 100 degrees C
Info (332104): Reading SDC File: 'sys/sys_top.sdc'
Warning (332174): Ignored filter at sys_top.sdc(6): spi|sclk_out could not be matched with a pin File: /home/dh/Downloads/MisterFPGA3/sys/sys_top.sdc Line: 6
Warning (332049): Ignored create_clock at sys_top.sdc(6): Argument <targets> is an empty collection File: /home/dh/Downloads/MisterFPGA3/sys/sys_top.sdc Line: 6
    Info (332050): create_clock -period "100.0 MHz" [get_pins -compatibility_mode spi|sclk_out] -name spi_sck File: /home/dh/Downloads/MisterFPGA3/sys/sys_top.sdc Line: 6
Info (332110): Deriving PLL clocks
    Info (332110): create_generated_clock -source {pll_audio|pll_audio_inst|altera_pll_i|general[0].gpll~FRACTIONAL_PLL|refclkin} -divide_by 512 -multiply_by 4279 -duty_cycle 50.00 -name {pll_audio|pll_audio_inst|altera_pll_i|general[0].gpll~FRACTIONAL_PLL|vcoph[0]} {pll_audio|pll_audio_inst|altera_pll_i|general[0].gpll~FRACTIONAL_PLL|vcoph[0]}
    Info (332110): create_generated_clock -source {pll_audio|pll_audio_inst|altera_pll_i|general[0].gpll~PLL_OUTPUT_COUNTER|vco0ph[0]} -divide_by 17 -duty_cycle 50.00 -name {pll_audio|pll_audio_inst|altera_pll_i|general[0].gpll~PLL_OUTPUT_COUNTER|divclk} {pll_audio|pll_audio_inst|altera_pll_i|general[0].gpll~PLL_OUTPUT_COUNTER|divclk}
    Info (332110): create_generated_clock -source {emu|pll|pll_inst|altera_pll_i|general[0].gpll~FRACTIONAL_PLL|refclkin} -divide_by 2 -multiply_by 12 -duty_cycle 50.00 -name {emu|pll|pll_inst|altera_pll_i|general[0].gpll~FRACTIONAL_PLL|vcoph[0]} {emu|pll|pll_inst|altera_pll_i|general[0].gpll~FRACTIONAL_PLL|vcoph[0]}
    Info (332110): create_generated_clock -source {emu|pll|pll_inst|altera_pll_i|general[0].gpll~PLL_OUTPUT_COUNTER|vco0ph[0]} -divide_by 15 -duty_cycle 50.00 -name {emu|pll|pll_inst|altera_pll_i|general[0].gpll~PLL_OUTPUT_COUNTER|divclk} {emu|pll|pll_inst|altera_pll_i|general[0].gpll~PLL_OUTPUT_COUNTER|divclk}
Info (332151): Clock uncertainty is not calculated until you update the timing netlist.
Warning (332174): Ignored filter at sys_top.sdc(15): pll_hdmi|pll_hdmi_inst|altera_pll_i|*[0].*|divclk could not be matched with a clock File: /home/dh/Downloads/MisterFPGA3/sys/sys_top.sdc Line: 15
Warning (332174): Ignored filter at sys_top.sdc(17): spi_sck could not be matched with a clock File: /home/dh/Downloads/MisterFPGA3/sys/sys_top.sdc Line: 17
Warning (332054): Assignment set_clock_groups is accepted but has some problems at sys_top.sdc(13): Argument -group with value [get_clocks { pll_hdmi|pll_hdmi_inst|altera_pll_i|*[0].*|divclk}] contains zero elements File: /home/dh/Downloads/MisterFPGA3/sys/sys_top.sdc Line: 13
    Info (332050): set_clock_groups -exclusive \
   -group [get_clocks { *|pll|pll_inst|altera_pll_i|*[*].*|divclk}] \
   -group [get_clocks { pll_hdmi|pll_hdmi_inst|altera_pll_i|*[0].*|divclk}] \
   -group [get_clocks { pll_audio|pll_audio_inst|altera_pll_i|*[0].*|divclk}] \
   -group [get_clocks { spi_sck}] \
   -group [get_clocks { hdmi_sck}] \
   -group [get_clocks { *|h2f_user0_clk}] \
   -group [get_clocks { FPGA_CLK1_50 }] \
   -group [get_clocks { FPGA_CLK2_50 }] \
   -group [get_clocks { FPGA_CLK3_50 }] File: /home/dh/Downloads/MisterFPGA3/sys/sys_top.sdc Line: 13
Warning (332054): Assignment set_clock_groups is accepted but has some problems at sys_top.sdc(13): Argument -group with value [get_clocks { spi_sck}] contains zero elements File: /home/dh/Downloads/MisterFPGA3/sys/sys_top.sdc Line: 13
Warning (332174): Ignored filter at sys_top.sdc(35): VSET[*] could not be matched with a clock or keeper or register or port or pin or cell or partition File: /home/dh/Downloads/MisterFPGA3/sys/sys_top.sdc Line: 35
Warning (332049): Ignored set_false_path at sys_top.sdc(35): Argument <from> is not an object ID File: /home/dh/Downloads/MisterFPGA3/sys/sys_top.sdc Line: 35
    Info (332050): set_false_path -from {VSET[*]} File: /home/dh/Downloads/MisterFPGA3/sys/sys_top.sdc Line: 35
Warning (332174): Ignored filter at sys_top.sdc(36): hcalc[*] could not be matched with a clock or keeper or register or port or pin or cell or partition File: /home/dh/Downloads/MisterFPGA3/sys/sys_top.sdc Line: 36
Warning (332174): Ignored filter at sys_top.sdc(36): wcalc[*] could not be matched with a clock or keeper or register or port or pin or cell or partition File: /home/dh/Downloads/MisterFPGA3/sys/sys_top.sdc Line: 36
Warning (332049): Ignored set_false_path at sys_top.sdc(36): Argument <to> is not an object ID File: /home/dh/Downloads/MisterFPGA3/sys/sys_top.sdc Line: 36
    Info (332050): set_false_path -to   {wcalc[*] hcalc[*]} File: /home/dh/Downloads/MisterFPGA3/sys/sys_top.sdc Line: 36
Warning (332174): Ignored filter at sys_top.sdc(37): hdmi_height[*] could not be matched with a clock or keeper or register or port or pin or cell or partition File: /home/dh/Downloads/MisterFPGA3/sys/sys_top.sdc Line: 37
Warning (332174): Ignored filter at sys_top.sdc(37): hdmi_width[*] could not be matched with a clock or keeper or register or port or pin or cell or partition File: /home/dh/Downloads/MisterFPGA3/sys/sys_top.sdc Line: 37
Warning (332049): Ignored set_false_path at sys_top.sdc(37): Argument <to> is not an object ID File: /home/dh/Downloads/MisterFPGA3/sys/sys_top.sdc Line: 37
    Info (332050): set_false_path -to   {hdmi_width[*] hdmi_height[*]} File: /home/dh/Downloads/MisterFPGA3/sys/sys_top.sdc Line: 37
Warning (332174): Ignored filter at sys_top.sdc(54): HBP[*] could not be matched with a clock or keeper or register or port or pin or cell or partition File: /home/dh/Downloads/MisterFPGA3/sys/sys_top.sdc Line: 54
Warning (332174): Ignored filter at sys_top.sdc(54): HEIGHT[*] could not be matched with a clock or keeper or register or port or pin or cell or partition File: /home/dh/Downloads/MisterFPGA3/sys/sys_top.sdc Line: 54
Warning (332174): Ignored filter at sys_top.sdc(54): HFP[*] could not be matched with a clock or keeper or register or port or pin or cell or partition File: /home/dh/Downloads/MisterFPGA3/sys/sys_top.sdc Line: 54
Warning (332174): Ignored filter at sys_top.sdc(54): HS[*] could not be matched with a clock or keeper or register or port or pin or cell or partition File: /home/dh/Downloads/MisterFPGA3/sys/sys_top.sdc Line: 54
Warning (332174): Ignored filter at sys_top.sdc(54): VBP[*] could not be matched with a clock or keeper or register or port or pin or cell or partition File: /home/dh/Downloads/MisterFPGA3/sys/sys_top.sdc Line: 54
Warning (332174): Ignored filter at sys_top.sdc(54): VFP[*] could not be matched with a clock or keeper or register or port or pin or cell or partition File: /home/dh/Downloads/MisterFPGA3/sys/sys_top.sdc Line: 54
Warning (332174): Ignored filter at sys_top.sdc(54): VS[*] could not be matched with a clock or keeper or register or port or pin or cell or partition File: /home/dh/Downloads/MisterFPGA3/sys/sys_top.sdc Line: 54
Warning (332174): Ignored filter at sys_top.sdc(54): WIDTH[*] could not be matched with a clock or keeper or register or port or pin or cell or partition File: /home/dh/Downloads/MisterFPGA3/sys/sys_top.sdc Line: 54
Warning (332049): Ignored set_false_path at sys_top.sdc(54): Argument <to> is not an object ID File: /home/dh/Downloads/MisterFPGA3/sys/sys_top.sdc Line: 54
    Info (332050): set_false_path -to   {WIDTH[*] HFP[*] HS[*] HBP[*] HEIGHT[*] VFP[*] VS[*] VBP[*]} File: /home/dh/Downloads/MisterFPGA3/sys/sys_top.sdc Line: 54
Warning (332049): Ignored set_false_path at sys_top.sdc(55): Argument <from> is not an object ID File: /home/dh/Downloads/MisterFPGA3/sys/sys_top.sdc Line: 55
    Info (332050): set_false_path -from {WIDTH[*] HFP[*] HS[*] HBP[*] HEIGHT[*] VFP[*] VS[*] VBP[*]} File: /home/dh/Downloads/MisterFPGA3/sys/sys_top.sdc Line: 55
Warning (332174): Ignored filter at sys_top.sdc(56): FB_BASE[*] could not be matched with a clock or keeper or register or port or pin or cell or partition File: /home/dh/Downloads/MisterFPGA3/sys/sys_top.sdc Line: 56
Warning (332174): Ignored filter at sys_top.sdc(56): FB_HEIGHT[*] could not be matched with a clock or keeper or register or port or pin or cell or partition File: /home/dh/Downloads/MisterFPGA3/sys/sys_top.sdc Line: 56
Warning (332174): Ignored filter at sys_top.sdc(56): FB_WIDTH[*] could not be matched with a clock or keeper or register or port or pin or cell or partition File: /home/dh/Downloads/MisterFPGA3/sys/sys_top.sdc Line: 56
Warning (332174): Ignored filter at sys_top.sdc(56): LFB_HMAX[*] could not be matched with a clock or keeper or register or port or pin or cell or partition File: /home/dh/Downloads/MisterFPGA3/sys/sys_top.sdc Line: 56
Warning (332174): Ignored filter at sys_top.sdc(56): LFB_HMIN[*] could not be matched with a clock or keeper or register or port or pin or cell or partition File: /home/dh/Downloads/MisterFPGA3/sys/sys_top.sdc Line: 56
Warning (332174): Ignored filter at sys_top.sdc(56): LFB_VMAX[*] could not be matched with a clock or keeper or register or port or pin or cell or partition File: /home/dh/Downloads/MisterFPGA3/sys/sys_top.sdc Line: 56
Warning (332174): Ignored filter at sys_top.sdc(56): LFB_VMIN[*] could not be matched with a clock or keeper or register or port or pin or cell or partition File: /home/dh/Downloads/MisterFPGA3/sys/sys_top.sdc Line: 56
Warning (332049): Ignored set_false_path at sys_top.sdc(56): Argument <to> is not an object ID File: /home/dh/Downloads/MisterFPGA3/sys/sys_top.sdc Line: 56
    Info (332050): set_false_path -to   {FB_BASE[*] FB_BASE[*] FB_WIDTH[*] FB_HEIGHT[*] LFB_HMIN[*] LFB_HMAX[*] LFB_VMIN[*] LFB_VMAX[*]} File: /home/dh/Downloads/MisterFPGA3/sys/sys_top.sdc Line: 56
Warning (332049): Ignored set_false_path at sys_top.sdc(57): Argument <from> is not an object ID File: /home/dh/Downloads/MisterFPGA3/sys/sys_top.sdc Line: 57
    Info (332050): set_false_path -from {FB_BASE[*] FB_BASE[*] FB_WIDTH[*] FB_HEIGHT[*] LFB_HMIN[*] LFB_HMAX[*] LFB_VMIN[*] LFB_VMAX[*]} File: /home/dh/Downloads/MisterFPGA3/sys/sys_top.sdc Line: 57
Warning (332174): Ignored filter at sys_top.sdc(58): scaler_flt[*] could not be matched with a clock or keeper File: /home/dh/Downloads/MisterFPGA3/sys/sys_top.sdc Line: 58
Warning (332174): Ignored filter at sys_top.sdc(60): arc* could not be matched with a clock or keeper File: /home/dh/Downloads/MisterFPGA3/sys/sys_top.sdc Line: 60
Warning (332174): Ignored filter at sys_top.sdc(61): arx* could not be matched with a clock or keeper or register or port or pin or cell or partition File: /home/dh/Downloads/MisterFPGA3/sys/sys_top.sdc Line: 61
Warning (332174): Ignored filter at sys_top.sdc(61): ary* could not be matched with a clock or keeper or register or port or pin or cell or partition File: /home/dh/Downloads/MisterFPGA3/sys/sys_top.sdc Line: 61
Warning (332049): Ignored set_false_path at sys_top.sdc(61): Argument <from> is not an object ID File: /home/dh/Downloads/MisterFPGA3/sys/sys_top.sdc Line: 61
    Info (332050): set_false_path -from {arx* ary*} File: /home/dh/Downloads/MisterFPGA3/sys/sys_top.sdc Line: 61
Warning (332174): Ignored filter at sys_top.sdc(63): ColorBurst_Range* could not be matched with a clock or keeper File: /home/dh/Downloads/MisterFPGA3/sys/sys_top.sdc Line: 63
Warning (332174): Ignored filter at sys_top.sdc(63): cvbs could not be matched with a clock or keeper File: /home/dh/Downloads/MisterFPGA3/sys/sys_top.sdc Line: 63
Warning (332174): Ignored filter at sys_top.sdc(63): pal_en could not be matched with a clock or keeper File: /home/dh/Downloads/MisterFPGA3/sys/sys_top.sdc Line: 63
Warning (332174): Ignored filter at sys_top.sdc(63): yc_en could not be matched with a clock or keeper File: /home/dh/Downloads/MisterFPGA3/sys/sys_top.sdc Line: 63
Warning (332174): Ignored filter at sys_top.sdc(65): ascal|o_ihsize* could not be matched with a clock or keeper or register or port or pin or cell or partition File: /home/dh/Downloads/MisterFPGA3/sys/sys_top.sdc Line: 65
Warning (332049): Ignored set_false_path at sys_top.sdc(65): Argument <from> is not an object ID File: /home/dh/Downloads/MisterFPGA3/sys/sys_top.sdc Line: 65
    Info (332050): set_false_path -from {ascal|o_ihsize*} File: /home/dh/Downloads/MisterFPGA3/sys/sys_top.sdc Line: 65
Warning (332174): Ignored filter at sys_top.sdc(66): ascal|o_ivsize* could not be matched with a clock or keeper or register or port or pin or cell or partition File: /home/dh/Downloads/MisterFPGA3/sys/sys_top.sdc Line: 66
Warning (332049): Ignored set_false_path at sys_top.sdc(66): Argument <from> is not an object ID File: /home/dh/Downloads/MisterFPGA3/sys/sys_top.sdc Line: 66
    Info (332050): set_false_path -from {ascal|o_ivsize*} File: /home/dh/Downloads/MisterFPGA3/sys/sys_top.sdc Line: 66
Warning (332174): Ignored filter at sys_top.sdc(67): ascal|o_format* could not be matched with a clock or keeper or register or port or pin or cell or partition File: /home/dh/Downloads/MisterFPGA3/sys/sys_top.sdc Line: 67
Warning (332049): Ignored set_false_path at sys_top.sdc(67): Argument <from> is not an object ID File: /home/dh/Downloads/MisterFPGA3/sys/sys_top.sdc Line: 67
    Info (332050): set_false_path -from {ascal|o_format*} File: /home/dh/Downloads/MisterFPGA3/sys/sys_top.sdc Line: 67
Warning (332174): Ignored filter at sys_top.sdc(68): ascal|o_hdown could not be matched with a clock or keeper or register or port or pin or cell or partition File: /home/dh/Downloads/MisterFPGA3/sys/sys_top.sdc Line: 68
Warning (332049): Ignored set_false_path at sys_top.sdc(68): Argument <from> is not an object ID File: /home/dh/Downloads/MisterFPGA3/sys/sys_top.sdc Line: 68
    Info (332050): set_false_path -from {ascal|o_hdown} File: /home/dh/Downloads/MisterFPGA3/sys/sys_top.sdc Line: 68
Warning (332174): Ignored filter at sys_top.sdc(69): ascal|o_vdown could not be matched with a clock or keeper or register or port or pin or cell or partition File: /home/dh/Downloads/MisterFPGA3/sys/sys_top.sdc Line: 69
Warning (332049): Ignored set_false_path at sys_top.sdc(69): Argument <from> is not an object ID File: /home/dh/Downloads/MisterFPGA3/sys/sys_top.sdc Line: 69
    Info (332050): set_false_path -from {ascal|o_vdown} File: /home/dh/Downloads/MisterFPGA3/sys/sys_top.sdc Line: 69
Warning (332174): Ignored filter at sys_top.sdc(70): ascal|o_hmax* could not be matched with a clock or keeper or register or port or pin or cell or partition File: /home/dh/Downloads/MisterFPGA3/sys/sys_top.sdc Line: 70
Warning (332174): Ignored filter at sys_top.sdc(70): ascal|o_hmin* could not be matched with a clock or keeper or register or port or pin or cell or partition File: /home/dh/Downloads/MisterFPGA3/sys/sys_top.sdc Line: 70
Warning (332174): Ignored filter at sys_top.sdc(70): ascal|o_vmax* could not be matched with a clock or keeper or register or port or pin or cell or partition File: /home/dh/Downloads/MisterFPGA3/sys/sys_top.sdc Line: 70
Warning (332174): Ignored filter at sys_top.sdc(70): ascal|o_vmin* could not be matched with a clock or keeper or register or port or pin or cell or partition File: /home/dh/Downloads/MisterFPGA3/sys/sys_top.sdc Line: 70
Warning (332174): Ignored filter at sys_top.sdc(70): ascal|o_vrr could not be matched with a clock or keeper or register or port or pin or cell or partition File: /home/dh/Downloads/MisterFPGA3/sys/sys_top.sdc Line: 70
Warning (332174): Ignored filter at sys_top.sdc(70): ascal|o_vrrmax* could not be matched with a clock or keeper or register or port or pin or cell or partition File: /home/dh/Downloads/MisterFPGA3/sys/sys_top.sdc Line: 70
Warning (332049): Ignored set_false_path at sys_top.sdc(70): Argument <from> is not an object ID File: /home/dh/Downloads/MisterFPGA3/sys/sys_top.sdc Line: 70
    Info (332050): set_false_path -from {ascal|o_hmin* ascal|o_hmax* ascal|o_vmin* ascal|o_vmax* ascal|o_vrrmax* ascal|o_vrr} File: /home/dh/Downloads/MisterFPGA3/sys/sys_top.sdc Line: 70
Warning (332174): Ignored filter at sys_top.sdc(71): ascal|o_hdisp* could not be matched with a clock or keeper or register or port or pin or cell or partition File: /home/dh/Downloads/MisterFPGA3/sys/sys_top.sdc Line: 71
Warning (332174): Ignored filter at sys_top.sdc(71): ascal|o_vdisp* could not be matched with a clock or keeper or register or port or pin or cell or partition File: /home/dh/Downloads/MisterFPGA3/sys/sys_top.sdc Line: 71
Warning (332049): Ignored set_false_path at sys_top.sdc(71): Argument <from> is not an object ID File: /home/dh/Downloads/MisterFPGA3/sys/sys_top.sdc Line: 71
    Info (332050): set_false_path -from {ascal|o_hdisp* ascal|o_vdisp*} File: /home/dh/Downloads/MisterFPGA3/sys/sys_top.sdc Line: 71
Warning (332174): Ignored filter at sys_top.sdc(72): ascal|o_htotal* could not be matched with a clock or keeper or register or port or pin or cell or partition File: /home/dh/Downloads/MisterFPGA3/sys/sys_top.sdc Line: 72
Warning (332174): Ignored filter at sys_top.sdc(72): ascal|o_vtotal* could not be matched with a clock or keeper or register or port or pin or cell or partition File: /home/dh/Downloads/MisterFPGA3/sys/sys_top.sdc Line: 72
Warning (332049): Ignored set_false_path at sys_top.sdc(72): Argument <from> is not an object ID File: /home/dh/Downloads/MisterFPGA3/sys/sys_top.sdc Line: 72
    Info (332050): set_false_path -from {ascal|o_htotal* ascal|o_vtotal*} File: /home/dh/Downloads/MisterFPGA3/sys/sys_top.sdc Line: 72
Warning (332174): Ignored filter at sys_top.sdc(73): ascal|o_hsend* could not be matched with a clock or keeper or register or port or pin or cell or partition File: /home/dh/Downloads/MisterFPGA3/sys/sys_top.sdc Line: 73
Warning (332174): Ignored filter at sys_top.sdc(73): ascal|o_hsstart* could not be matched with a clock or keeper or register or port or pin or cell or partition File: /home/dh/Downloads/MisterFPGA3/sys/sys_top.sdc Line: 73
Warning (332174): Ignored filter at sys_top.sdc(73): ascal|o_vsend* could not be matched with a clock or keeper or register or port or pin or cell or partition File: /home/dh/Downloads/MisterFPGA3/sys/sys_top.sdc Line: 73
Warning (332174): Ignored filter at sys_top.sdc(73): ascal|o_vsstart* could not be matched with a clock or keeper or register or port or pin or cell or partition File: /home/dh/Downloads/MisterFPGA3/sys/sys_top.sdc Line: 73
Warning (332049): Ignored set_false_path at sys_top.sdc(73): Argument <from> is not an object ID File: /home/dh/Downloads/MisterFPGA3/sys/sys_top.sdc Line: 73
    Info (332050): set_false_path -from {ascal|o_hsstart* ascal|o_vsstart* ascal|o_hsend* ascal|o_vsend*} File: /home/dh/Downloads/MisterFPGA3/sys/sys_top.sdc Line: 73
Warning (332174): Ignored filter at sys_top.sdc(74): ascal|o_hsize* could not be matched with a clock or keeper or register or port or pin or cell or partition File: /home/dh/Downloads/MisterFPGA3/sys/sys_top.sdc Line: 74
Warning (332174): Ignored filter at sys_top.sdc(74): ascal|o_vsize* could not be matched with a clock or keeper or register or port or pin or cell or partition File: /home/dh/Downloads/MisterFPGA3/sys/sys_top.sdc Line: 74
Warning (332049): Ignored set_false_path at sys_top.sdc(74): Argument <from> is not an object ID File: /home/dh/Downloads/MisterFPGA3/sys/sys_top.sdc Line: 74
    Info (332050): set_false_path -from {ascal|o_hsize* ascal|o_vsize*} File: /home/dh/Downloads/MisterFPGA3/sys/sys_top.sdc Line: 74
Info (332104): Reading SDC File: 'mycore.sdc'
Info (332151): Clock uncertainty is not calculated until you update the timing netlist.
Warning (332125): Found combinational loop of 6 nodes File: /home/dh/Downloads/MisterFPGA3/rtl/lfsr.v Line: 8
    Warning (332126): Node "emu|mycore|random|lc0|combout"
    Warning (332126): Node "emu|mycore|random|lc0|datab"
    Warning (332126): Node "emu|mycore|random|lc0|datac"
    Warning (332126): Node "emu|mycore|random|lc0|datad"
    Warning (332126): Node "emu|mycore|random|lc0|datae"
    Warning (332126): Node "emu|mycore|random|lc0|dataf"
Info (332097): The following timing edges are non-unate.  The Timing Analyzer will assume pos-unate behavior for these edges in the clock network.
    Info (332098): Cell: emu|pll|pll_inst|altera_pll_i|general[0].gpll~FRACTIONAL_PLL  from: refclkin  to: fbclk
    Info (332098): Cell: emu|pll|pll_inst|altera_pll_i|general[0].gpll~PLL_OUTPUT_COUNTER  from: vco0ph[0]  to: divclk
    Info (332098): Cell: emu|pll|pll_inst|altera_pll_i|general[0].gpll~PLL_REFCLK_SELECT  from: clkin[0]  to: clkout
    Info (332098): Cell: pll_audio|pll_audio_inst|altera_pll_i|general[0].gpll~FRACTIONAL_PLL  from: refclkin  to: fbclk
    Info (332098): Cell: pll_audio|pll_audio_inst|altera_pll_i|general[0].gpll~PLL_OUTPUT_COUNTER  from: vco0ph[0]  to: divclk
    Info (332098): Cell: pll_audio|pll_audio_inst|altera_pll_i|general[0].gpll~PLL_REFCLK_SELECT  from: clkin[0]  to: clkout
Info (332123): Deriving Clock Uncertainty. Please refer to report_sdc in the Timing Analyzer to see clock uncertainties.
Info: Found TIMING_ANALYZER_REPORT_SCRIPT_INCLUDE_DEFAULT_ANALYSIS = ON
Info (332146): Worst-case setup slack is 13.545
    Info (332119):     Slack       End Point TNS Clock 
    Info (332119): ========= =================== =====================
    Info (332119):    13.545               0.000 FPGA_CLK2_50 
    Info (332119):    23.840               0.000 pll_audio|pll_audio_inst|altera_pll_i|general[0].gpll~PLL_OUTPUT_COUNTER|divclk 
    Info (332119):    39.107               0.000 emu|pll|pll_inst|altera_pll_i|general[0].gpll~PLL_OUTPUT_COUNTER|divclk 
Info (332146): Worst-case hold slack is 0.262
    Info (332119):     Slack       End Point TNS Clock 
    Info (332119): ========= =================== =====================
    Info (332119):     0.262               0.000 emu|pll|pll_inst|altera_pll_i|general[0].gpll~PLL_OUTPUT_COUNTER|divclk 
    Info (332119):     0.282               0.000 pll_audio|pll_audio_inst|altera_pll_i|general[0].gpll~PLL_OUTPUT_COUNTER|divclk 
    Info (332119):     0.387               0.000 FPGA_CLK2_50 
Info (332140): No Recovery paths to report
Info (332140): No Removal paths to report
Info (332146): Worst-case minimum pulse width slack is 1.196
    Info (332119):     Slack       End Point TNS Clock 
    Info (332119): ========= =================== =====================
    Info (332119):     1.196               0.000 pll_audio|pll_audio_inst|altera_pll_i|general[0].gpll~FRACTIONAL_PLL|vcoph[0] 
    Info (332119):     1.666               0.000 emu|pll|pll_inst|altera_pll_i|general[0].gpll~FRACTIONAL_PLL|vcoph[0] 
    Info (332119):     4.268               0.000 sysmem|fpga_interfaces|clocks_resets|h2f_user0_clk 
    Info (332119):     9.174               0.000 FPGA_CLK2_50 
    Info (332119):     9.730               0.000 FPGA_CLK3_50 
    Info (332119):    18.940               0.000 pll_audio|pll_audio_inst|altera_pll_i|general[0].gpll~PLL_OUTPUT_COUNTER|divclk 
    Info (332119):    23.584               0.000 emu|pll|pll_inst|altera_pll_i|general[0].gpll~PLL_OUTPUT_COUNTER|divclk 
Info (332114): Report Metastability: Found 84 synchronizer chains.
    Info (332114): Worst-Case MTBF of Design is 1e+09 years or 3.15e+16 seconds.
    Info (332114): Typical MTBF of Design is 1e+09 years or 3.15e+16 seconds.

    Info (332114): Number of Synchronizer Chains Found: 84
    Info (332114): Shortest Synchronizer Chain: 2 Registers
    Info (332114): Fraction of Chains for which MTBFs Could Not be Calculated: 0.988
    Info (332114): Worst Case Available Settling Time: 48.730 ns
    Info (332114): 
    Info (332114): Worst-Case MTBF values are calculated based on the worst-case silicon characteristics, with worst-case operating conditions.
    Info (332114):   - Under worst-case conditions, an increase of 100ps in available settling time will increase MTBF values by a factor of 8.0
    Info (332114): Typical MTBF values are calculated based on the nominal silicon characteristics, at nominal operating conditions.
    Info (332114):   - Under typical conditions, an increase of 100ps in available settling time will increase MTBF values by a factor of 17.8
Info (332102): Design is not fully constrained for setup requirements
Info (332102): Design is not fully constrained for hold requirements
Info: Quartus Prime Timing Analyzer was successful. 0 errors, 82 warnings
    Info: Peak virtual memory: 724 megabytes
    Info: Processing ended: Sat Aug 23 15:22:35 2025
    Info: Elapsed time: 00:00:03
    Info: Total CPU time (on all processors): 00:00:03


