Fitter report for mycore
Sat Aug 23 15:22:22 2025
Quartus Prime Version 22.1std.2 Build 922 07/20/2023 SC Lite Edition


---------------------
; Table of Contents ;
---------------------
  1. Legal Notice
  2. Fitter Summary
  3. Fitter Settings
  4. Parallel Compilation
  5. Fitter Netlist Optimizations
  6. Ignored Assignments
  7. Incremental Compilation Preservation Summary
  8. Incremental Compilation Partition Settings
  9. Incremental Compilation Placement Preservation
 10. Pin-Out File
 11. Fitter Resource Usage Summary
 12. Fitter Partition Statistics
 13. Input Pins
 14. Output Pins
 15. Bidir Pins
 16. I/O Bank Usage
 17. All Package Pins
 18. I/O Assignment Warnings
 19. PLL Usage Summary
 20. Fitter Resource Utilization by Entity
 21. Delay Chain Summary
 22. Pad To Core Delay Chain Fanout
 23. Control Signals
 24. Global & Other Fast Signals
 25. Fitter RAM Summary
 26. Fitter DSP Block Usage Summary
 27. DSP Block Details
 28. Routing Usage Summary
 29. I/O Rules Summary
 30. I/O Rules Details
 31. I/O Rules Matrix
 32. Fitter Device Options
 33. Operating Settings and Conditions
 34. Estimated Delay Added for Hold Timing Summary
 35. Estimated Delay Added for Hold Timing Details
 36. Fitter Messages
 37. Fitter Suppressed Messages



----------------
; Legal Notice ;
----------------
Copyright (C) 2023  Intel Corporation. All rights reserved.
Your use of Intel Corporation's design tools, logic functions 
and other software and tools, and any partner logic 
functions, and any output files from any of the foregoing 
(including device programming or simulation files), and any 
associated documentation or information are expressly subject 
to the terms and conditions of the Intel Program License 
Subscription Agreement, the Intel Quartus Prime License Agreement,
the Intel FPGA IP License Agreement, or other applicable license
agreement, including, without limitation, that your use is for
the sole purpose of programming logic devices manufactured by
Intel and sold by Intel or its authorized distributors.  Please
refer to the applicable agreement for further details, at
https://fpgasoftware.intel.com/eula.



+----------------------------------------------------------------------------------+
; Fitter Summary                                                                   ;
+---------------------------------+------------------------------------------------+
; Fitter Status                   ; Successful - Sat Aug 23 15:22:22 2025          ;
; Quartus Prime Version           ; 22.1std.2 Build 922 07/20/2023 SC Lite Edition ;
; Revision Name                   ; mycore                                         ;
; Top-level Entity Name           ; sys_top                                        ;
; Family                          ; Cyclone V                                      ;
; Device                          ; 5CSEBA6U23I7                                   ;
; Timing Models                   ; Final                                          ;
; Logic utilization (in ALMs)     ; 2,377 / 41,910 ( 6 % )                         ;
; Total registers                 ; 3205                                           ;
; Total pins                      ; 145 / 314 ( 46 % )                             ;
; Total virtual pins              ; 0                                              ;
; Total block memory bits         ; 33,094 / 5,662,720 ( < 1 % )                   ;
; Total RAM Blocks                ; 7 / 553 ( 1 % )                                ;
; Total DSP Blocks                ; 8 / 112 ( 7 % )                                ;
; Total HSSI RX PCSs              ; 0                                              ;
; Total HSSI PMA RX Deserializers ; 0                                              ;
; Total HSSI TX PCSs              ; 0                                              ;
; Total HSSI PMA TX Serializers   ; 0                                              ;
; Total PLLs                      ; 2 / 6 ( 33 % )                                 ;
; Total DLLs                      ; 0 / 4 ( 0 % )                                  ;
+---------------------------------+------------------------------------------------+


+----------------------------------------------------------------------------------------------------------------------------------------------------+
; Fitter Settings                                                                                                                                    ;
+--------------------------------------------------------------------+---------------------------------------+---------------------------------------+
; Option                                                             ; Setting                               ; Default Value                         ;
+--------------------------------------------------------------------+---------------------------------------+---------------------------------------+
; Device                                                             ; 5CSEBA6U23I7                          ;                                       ;
; Use smart compilation                                              ; On                                    ; Off                                   ;
; Maximum processors allowed for parallel compilation                ; All                                   ;                                       ;
; Minimum Core Junction Temperature                                  ; -40                                   ;                                       ;
; Maximum Core Junction Temperature                                  ; 100                                   ;                                       ;
; Router Timing Optimization Level                                   ; MAXIMUM                               ; Normal                                ;
; Perform Clocking Topology Analysis During Routing                  ; On                                    ; Off                                   ;
; Placement Effort Multiplier                                        ; 4.0                                   ; 1.0                                   ;
; Power Optimization During Fitting                                  ; Off                                   ; Normal compilation                    ;
; Optimize Timing for ECOs                                           ; On                                    ; Off                                   ;
; Final Placement Optimizations                                      ; Always                                ; Automatically                         ;
; Periphery to Core Placement and Routing Optimization               ; On                                    ; Off                                   ;
; Auto Packed Registers                                              ; Normal                                ; Auto                                  ;
; Auto Delay Chains for High Fanout Input Pins                       ; On                                    ; Off                                   ;
; Perform Physical Synthesis for Combinational Logic for Fitting     ; On                                    ; Off                                   ;
; Perform Physical Synthesis for Combinational Logic for Performance ; On                                    ; Off                                   ;
; Perform Register Duplication for Performance                       ; On                                    ; Off                                   ;
; Perform Register Retiming for Performance                          ; On                                    ; Off                                   ;
; Perform Asynchronous Signal Pipelining                             ; On                                    ; Off                                   ;
; Fitter Effort                                                      ; Standard Fit                          ; Auto Fit                              ;
; Logic Cell Insertion - Logic Duplication                           ; On                                    ; Auto                                  ;
; Enable parallel Assembler and Timing Analyzer during compilation   ; On                                    ; On                                    ;
; Enable compact report table                                        ; Off                                   ; Off                                   ;
; Device initialization clock source                                 ; INIT_INTOSC                           ; INIT_INTOSC                           ;
; Optimize Hold Timing                                               ; All Paths                             ; All Paths                             ;
; Optimize Multi-Corner Timing                                       ; On                                    ; On                                    ;
; Auto RAM to MLAB Conversion                                        ; On                                    ; On                                    ;
; Equivalent RAM and MLAB Power Up                                   ; Auto                                  ; Auto                                  ;
; Equivalent RAM and MLAB Paused Read Capabilities                   ; Care                                  ; Care                                  ;
; SSN Optimization                                                   ; Off                                   ; Off                                   ;
; Optimize Timing                                                    ; Normal compilation                    ; Normal compilation                    ;
; Regenerate Full Fit Report During ECO Compiles                     ; Off                                   ; Off                                   ;
; Optimize IOC Register Placement for Timing                         ; Normal                                ; Normal                                ;
; Fitter Aggressive Routability Optimizations                        ; Automatically                         ; Automatically                         ;
; Fitter Initial Placement Seed                                      ; 1                                     ; 1                                     ;
; Weak Pull-Up Resistor                                              ; Off                                   ; Off                                   ;
; Enable Bus-Hold Circuitry                                          ; Off                                   ; Off                                   ;
; Auto Delay Chains                                                  ; On                                    ; On                                    ;
; Treat Bidirectional Pin as Output Pin                              ; Off                                   ; Off                                   ;
; Physical Synthesis Effort Level                                    ; Normal                                ; Normal                                ;
; Auto Register Duplication                                          ; Auto                                  ; Auto                                  ;
; Auto Global Clock                                                  ; On                                    ; On                                    ;
; Auto Global Register Control Signals                               ; On                                    ; On                                    ;
; Reserve all unused pins                                            ; As input tri-stated with weak pull-up ; As input tri-stated with weak pull-up ;
; Synchronizer Identification                                        ; Auto                                  ; Auto                                  ;
; Enable Beneficial Skew Optimization                                ; On                                    ; On                                    ;
; Optimize Design for Metastability                                  ; On                                    ; On                                    ;
; Active Serial clock source                                         ; FREQ_100MHz                           ; FREQ_100MHz                           ;
; Force Fitter to Avoid Periphery Placement Warnings                 ; Off                                   ; Off                                   ;
; Clamping Diode                                                     ; Off                                   ; Off                                   ;
; Enable input tri-state on active configuration pins in user mode   ; Off                                   ; Off                                   ;
; Advanced Physical Optimization                                     ; On                                    ; On                                    ;
+--------------------------------------------------------------------+---------------------------------------+---------------------------------------+


+------------------------------------------+
; Parallel Compilation                     ;
+----------------------------+-------------+
; Processors                 ; Number      ;
+----------------------------+-------------+
; Number detected on machine ; 20          ;
; Maximum allowed            ; 10          ;
;                            ;             ;
; Average used               ; 1.33        ;
; Maximum used               ; 10          ;
;                            ;             ;
; Usage by Processor         ; % Time Used ;
;     Processor 1            ; 100.0%      ;
;     Processor 2            ;   4.4%      ;
;     Processor 3            ;   4.0%      ;
;     Processor 4            ;   3.9%      ;
;     Processor 5            ;   3.6%      ;
;     Processor 6            ;   3.5%      ;
;     Processor 7            ;   3.5%      ;
;     Processor 8            ;   3.5%      ;
;     Processor 9            ;   3.3%      ;
;     Processor 10           ;   3.3%      ;
+----------------------------+-------------+


+----------------------------------------------------------------------------------------------------------------------------------------------------------------------------------------------------------------------------------------------------------------------------------------------------------------------------------------------------------------------------------------+
; Fitter Netlist Optimizations                                                                                                                                                                                                                                                                                                                                                           ;
+--------------------------------------------------------------------------------------------------+-----------------+---------------------------------------------------+---------------------------------+-----------+----------------+-----------------------------------------------------------------------------------------------------+------------------+-----------------------+
; Node                                                                                             ; Action          ; Operation                                         ; Reason                          ; Node Port ; Node Port Name ; Destination Node                                                                                    ; Destination Port ; Destination Port Name ;
+--------------------------------------------------------------------------------------------------+-----------------+---------------------------------------------------+---------------------------------+-----------+----------------+-----------------------------------------------------------------------------------------------------+------------------+-----------------------+
; emu:emu|pll:pll|pll_0002:pll_inst|altera_pll:altera_pll_i|outclk_wire[0]~CLKENA0                 ; Created         ; Placement                                         ; Fitter Periphery Placement      ;           ;                ;                                                                                                     ;                  ;                       ;
; pll_audio:pll_audio|pll_audio_0002:pll_audio_inst|altera_pll:altera_pll_i|outclk_wire[0]~CLKENA0 ; Created         ; Placement                                         ; Fitter Periphery Placement      ;           ;                ;                                                                                                     ;                  ;                       ;
; sysmem_lite:sysmem|sysmem_HPS_fpga_interfaces:fpga_interfaces|h2f_rst_n[0]~CLKENA0               ; Created         ; Placement                                         ; Fitter Periphery Placement      ;           ;                ;                                                                                                     ;                  ;                       ;
; sysmem_lite:sysmem|sysmem_HPS_fpga_interfaces:fpga_interfaces|h2f_user0_clk[0]~CLKENA0           ; Created         ; Placement                                         ; Fitter Periphery Placement      ;           ;                ;                                                                                                     ;                  ;                       ;
; FPGA_CLK2_50~inputCLKENA0                                                                        ; Created         ; Placement                                         ; Fitter Periphery Placement      ;           ;                ;                                                                                                     ;                  ;                       ;
; hdmi_out_de                                                                                      ; Packed Register ; Register Packing                                  ; Fast Output Register assignment ; Q         ;                ; HDMI_TX_DE~output                                                                                   ; I                ;                       ;
; hdmi_out_hs                                                                                      ; Packed Register ; Register Packing                                  ; Fast Output Register assignment ; Q         ;                ; HDMI_TX_HS~output                                                                                   ; I                ;                       ;
; hdmi_out_vs                                                                                      ; Duplicated      ; Register Packing                                  ; Fast Output Register assignment ; Q         ;                ; hdmi_out_vs~_Duplicate_1                                                                            ; Q                ;                       ;
; hdmi_out_vs                                                                                      ; Packed Register ; Register Packing                                  ; Fast Output Register assignment ; Q         ;                ; HDMI_TX_VS~output                                                                                   ; I                ;                       ;
; acx0[2]                                                                                          ; Duplicated      ; Router Logic Cell Insertion and Logic Duplication ; Routability optimization        ;           ;                ; acx0[2]~DUPLICATE                                                                                   ;                  ;                       ;
; acx1[1]                                                                                          ; Duplicated      ; Router Logic Cell Insertion and Logic Duplication ; Routability optimization        ;           ;                ; acx1[1]~DUPLICATE                                                                                   ;                  ;                       ;
; acx2[0]                                                                                          ; Duplicated      ; Router Logic Cell Insertion and Logic Duplication ; Routability optimization        ;           ;                ; acx2[0]~DUPLICATE                                                                                   ;                  ;                       ;
; altshift_taps:dv_d1_rtl_0|shift_taps_0vu:auto_generated|cntr_shf:cntr1|counter_reg_bit[0]        ; Duplicated      ; Router Logic Cell Insertion and Logic Duplication ; Routability optimization        ;           ;                ; altshift_taps:dv_d1_rtl_0|shift_taps_0vu:auto_generated|cntr_shf:cntr1|counter_reg_bit[0]~DUPLICATE ;                  ;                       ;
; altshift_taps:dv_d1_rtl_0|shift_taps_0vu:auto_generated|cntr_shf:cntr1|counter_reg_bit[1]        ; Duplicated      ; Router Logic Cell Insertion and Logic Duplication ; Routability optimization        ;           ;                ; altshift_taps:dv_d1_rtl_0|shift_taps_0vu:auto_generated|cntr_shf:cntr1|counter_reg_bit[1]~DUPLICATE ;                  ;                       ;
; altshift_taps:dv_d1_rtl_0|shift_taps_0vu:auto_generated|cntr_shf:cntr1|counter_reg_bit[2]        ; Duplicated      ; Router Logic Cell Insertion and Logic Duplication ; Routability optimization        ;           ;                ; altshift_taps:dv_d1_rtl_0|shift_taps_0vu:auto_generated|cntr_shf:cntr1|counter_reg_bit[2]~DUPLICATE ;                  ;                       ;
; audio_out:audio_out|IIR_filter:IIR_filter|ch                                                     ; Duplicated      ; Router Logic Cell Insertion and Logic Duplication ; Routability optimization        ;           ;                ; audio_out:audio_out|IIR_filter:IIR_filter|ch~DUPLICATE                                              ;                  ;                       ;
; audio_out:audio_out|dly1[0]                                                                      ; Duplicated      ; Router Logic Cell Insertion and Logic Duplication ; Routability optimization        ;           ;                ; audio_out:audio_out|dly1[0]~DUPLICATE                                                               ;                  ;                       ;
; audio_out:audio_out|spdif:toslink|bit_count_q[0]                                                 ; Duplicated      ; Router Logic Cell Insertion and Logic Duplication ; Routability optimization        ;           ;                ; audio_out:audio_out|spdif:toslink|bit_count_q[0]~DUPLICATE                                          ;                  ;                       ;
; audio_out:audio_out|spdif:toslink|bit_count_q[3]                                                 ; Duplicated      ; Router Logic Cell Insertion and Logic Duplication ; Routability optimization        ;           ;                ; audio_out:audio_out|spdif:toslink|bit_count_q[3]~DUPLICATE                                          ;                  ;                       ;
; audio_out:audio_out|spdif:toslink|spdif_out_q                                                    ; Duplicated      ; Router Logic Cell Insertion and Logic Duplication ; Routability optimization        ;           ;                ; audio_out:audio_out|spdif:toslink|spdif_out_q~DUPLICATE                                             ;                  ;                       ;
; audio_out:audio_out|spdif:toslink|subframe_count_q[1]                                            ; Duplicated      ; Router Logic Cell Insertion and Logic Duplication ; Routability optimization        ;           ;                ; audio_out:audio_out|spdif:toslink|subframe_count_q[1]~DUPLICATE                                     ;                  ;                       ;
; audio_out:audio_out|spdif:toslink|subframe_count_q[3]                                            ; Duplicated      ; Router Logic Cell Insertion and Logic Duplication ; Routability optimization        ;           ;                ; audio_out:audio_out|spdif:toslink|subframe_count_q[3]~DUPLICATE                                     ;                  ;                       ;
; audio_out:audio_out|spdif:toslink|subframe_count_q[8]                                            ; Duplicated      ; Router Logic Cell Insertion and Logic Duplication ; Routability optimization        ;           ;                ; audio_out:audio_out|spdif:toslink|subframe_count_q[8]~DUPLICATE                                     ;                  ;                       ;
; csync:csync_vga|h_cnt[1]                                                                         ; Duplicated      ; Router Logic Cell Insertion and Logic Duplication ; Routability optimization        ;           ;                ; csync:csync_vga|h_cnt[1]~DUPLICATE                                                                  ;                  ;                       ;
; csync:csync_vga|h_cnt[2]                                                                         ; Duplicated      ; Router Logic Cell Insertion and Logic Duplication ; Routability optimization        ;           ;                ; csync:csync_vga|h_cnt[2]~DUPLICATE                                                                  ;                  ;                       ;
; csync:csync_vga|h_cnt[5]                                                                         ; Duplicated      ; Router Logic Cell Insertion and Logic Duplication ; Routability optimization        ;           ;                ; csync:csync_vga|h_cnt[5]~DUPLICATE                                                                  ;                  ;                       ;
; csync:csync_vga|h_cnt[7]                                                                         ; Duplicated      ; Router Logic Cell Insertion and Logic Duplication ; Routability optimization        ;           ;                ; csync:csync_vga|h_cnt[7]~DUPLICATE                                                                  ;                  ;                       ;
; csync:csync_vga|h_cnt[11]                                                                        ; Duplicated      ; Router Logic Cell Insertion and Logic Duplication ; Routability optimization        ;           ;                ; csync:csync_vga|h_cnt[11]~DUPLICATE                                                                 ;                  ;                       ;
; csync:csync_vga|h_cnt[13]                                                                        ; Duplicated      ; Router Logic Cell Insertion and Logic Duplication ; Routability optimization        ;           ;                ; csync:csync_vga|h_cnt[13]~DUPLICATE                                                                 ;                  ;                       ;
; csync:csync_vga|h_cnt[15]                                                                        ; Duplicated      ; Router Logic Cell Insertion and Logic Duplication ; Routability optimization        ;           ;                ; csync:csync_vga|h_cnt[15]~DUPLICATE                                                                 ;                  ;                       ;
; div[0]                                                                                           ; Duplicated      ; Router Logic Cell Insertion and Logic Duplication ; Routability optimization        ;           ;                ; div[0]~DUPLICATE                                                                                    ;                  ;                       ;
; div[1]                                                                                           ; Duplicated      ; Router Logic Cell Insertion and Logic Duplication ; Routability optimization        ;           ;                ; div[1]~DUPLICATE                                                                                    ;                  ;                       ;
; div[3]                                                                                           ; Duplicated      ; Router Logic Cell Insertion and Logic Duplication ; Routability optimization        ;           ;                ; div[3]~DUPLICATE                                                                                    ;                  ;                       ;
; div[4]                                                                                           ; Duplicated      ; Router Logic Cell Insertion and Logic Duplication ; Routability optimization        ;           ;                ; div[4]~DUPLICATE                                                                                    ;                  ;                       ;
; div[5]                                                                                           ; Duplicated      ; Router Logic Cell Insertion and Logic Duplication ; Routability optimization        ;           ;                ; div[5]~DUPLICATE                                                                                    ;                  ;                       ;
; div[6]                                                                                           ; Duplicated      ; Router Logic Cell Insertion and Logic Duplication ; Routability optimization        ;           ;                ; div[6]~DUPLICATE                                                                                    ;                  ;                       ;
; div[7]                                                                                           ; Duplicated      ; Router Logic Cell Insertion and Logic Duplication ; Routability optimization        ;           ;                ; div[7]~DUPLICATE                                                                                    ;                  ;                       ;
; div[8]                                                                                           ; Duplicated      ; Router Logic Cell Insertion and Logic Duplication ; Routability optimization        ;           ;                ; div[8]~DUPLICATE                                                                                    ;                  ;                       ;
; div[9]                                                                                           ; Duplicated      ; Router Logic Cell Insertion and Logic Duplication ; Routability optimization        ;           ;                ; div[9]~DUPLICATE                                                                                    ;                  ;                       ;
; div[10]                                                                                          ; Duplicated      ; Router Logic Cell Insertion and Logic Duplication ; Routability optimization        ;           ;                ; div[10]~DUPLICATE                                                                                   ;                  ;                       ;
; div[11]                                                                                          ; Duplicated      ; Router Logic Cell Insertion and Logic Duplication ; Routability optimization        ;           ;                ; div[11]~DUPLICATE                                                                                   ;                  ;                       ;
; div[12]                                                                                          ; Duplicated      ; Router Logic Cell Insertion and Logic Duplication ; Routability optimization        ;           ;                ; div[12]~DUPLICATE                                                                                   ;                  ;                       ;
; div[13]                                                                                          ; Duplicated      ; Router Logic Cell Insertion and Logic Duplication ; Routability optimization        ;           ;                ; div[13]~DUPLICATE                                                                                   ;                  ;                       ;
; div[14]                                                                                          ; Duplicated      ; Router Logic Cell Insertion and Logic Duplication ; Routability optimization        ;           ;                ; div[14]~DUPLICATE                                                                                   ;                  ;                       ;
; div[15]                                                                                          ; Duplicated      ; Router Logic Cell Insertion and Logic Duplication ; Routability optimization        ;           ;                ; div[15]~DUPLICATE                                                                                   ;                  ;                       ;
; div[16]                                                                                          ; Duplicated      ; Router Logic Cell Insertion and Logic Duplication ; Routability optimization        ;           ;                ; div[16]~DUPLICATE                                                                                   ;                  ;                       ;
; div[31]                                                                                          ; Duplicated      ; Router Logic Cell Insertion and Logic Duplication ; Routability optimization        ;           ;                ; div[31]~DUPLICATE                                                                                   ;                  ;                       ;
; emu:emu|hps_io:hps_io|byte_cnt[0]                                                                ; Duplicated      ; Router Logic Cell Insertion and Logic Duplication ; Routability optimization        ;           ;                ; emu:emu|hps_io:hps_io|byte_cnt[0]~DUPLICATE                                                         ;                  ;                       ;
; emu:emu|hps_io:hps_io|byte_cnt[4]                                                                ; Duplicated      ; Router Logic Cell Insertion and Logic Duplication ; Routability optimization        ;           ;                ; emu:emu|hps_io:hps_io|byte_cnt[4]~DUPLICATE                                                         ;                  ;                       ;
; emu:emu|hps_io:hps_io|byte_cnt[5]                                                                ; Duplicated      ; Router Logic Cell Insertion and Logic Duplication ; Routability optimization        ;           ;                ; emu:emu|hps_io:hps_io|byte_cnt[5]~DUPLICATE                                                         ;                  ;                       ;
; emu:emu|hps_io:hps_io|byte_cnt[8]                                                                ; Duplicated      ; Router Logic Cell Insertion and Logic Duplication ; Routability optimization        ;           ;                ; emu:emu|hps_io:hps_io|byte_cnt[8]~DUPLICATE                                                         ;                  ;                       ;
; emu:emu|hps_io:hps_io|uio_block.cmd[3]                                                           ; Duplicated      ; Router Logic Cell Insertion and Logic Duplication ; Routability optimization        ;           ;                ; emu:emu|hps_io:hps_io|uio_block.cmd[3]~DUPLICATE                                                    ;                  ;                       ;
; emu:emu|hps_io:hps_io|video_calc:video_calc|calch                                                ; Duplicated      ; Router Logic Cell Insertion and Logic Duplication ; Routability optimization        ;           ;                ; emu:emu|hps_io:hps_io|video_calc:video_calc|calch~DUPLICATE                                         ;                  ;                       ;
; emu:emu|hps_io:hps_io|video_calc:video_calc|ccnt[1]                                              ; Duplicated      ; Router Logic Cell Insertion and Logic Duplication ; Routability optimization        ;           ;                ; emu:emu|hps_io:hps_io|video_calc:video_calc|ccnt[1]~DUPLICATE                                       ;                  ;                       ;
; emu:emu|hps_io:hps_io|video_calc:video_calc|ccnt[2]                                              ; Duplicated      ; Router Logic Cell Insertion and Logic Duplication ; Routability optimization        ;           ;                ; emu:emu|hps_io:hps_io|video_calc:video_calc|ccnt[2]~DUPLICATE                                       ;                  ;                       ;
; emu:emu|hps_io:hps_io|video_calc:video_calc|ccnt[15]                                             ; Duplicated      ; Router Logic Cell Insertion and Logic Duplication ; Routability optimization        ;           ;                ; emu:emu|hps_io:hps_io|video_calc:video_calc|ccnt[15]~DUPLICATE                                      ;                  ;                       ;
; emu:emu|hps_io:hps_io|video_calc:video_calc|ccnt[17]                                             ; Duplicated      ; Router Logic Cell Insertion and Logic Duplication ; Routability optimization        ;           ;                ; emu:emu|hps_io:hps_io|video_calc:video_calc|ccnt[17]~DUPLICATE                                      ;                  ;                       ;
; emu:emu|hps_io:hps_io|video_calc:video_calc|ccnt[18]                                             ; Duplicated      ; Router Logic Cell Insertion and Logic Duplication ; Routability optimization        ;           ;                ; emu:emu|hps_io:hps_io|video_calc:video_calc|ccnt[18]~DUPLICATE                                      ;                  ;                       ;
; emu:emu|hps_io:hps_io|video_calc:video_calc|ccnt[20]                                             ; Duplicated      ; Router Logic Cell Insertion and Logic Duplication ; Routability optimization        ;           ;                ; emu:emu|hps_io:hps_io|video_calc:video_calc|ccnt[20]~DUPLICATE                                      ;                  ;                       ;
; emu:emu|hps_io:hps_io|video_calc:video_calc|ccnt[24]                                             ; Duplicated      ; Router Logic Cell Insertion and Logic Duplication ; Routability optimization        ;           ;                ; emu:emu|hps_io:hps_io|video_calc:video_calc|ccnt[24]~DUPLICATE                                      ;                  ;                       ;
; emu:emu|hps_io:hps_io|video_calc:video_calc|ccnt[31]                                             ; Duplicated      ; Router Logic Cell Insertion and Logic Duplication ; Routability optimization        ;           ;                ; emu:emu|hps_io:hps_io|video_calc:video_calc|ccnt[31]~DUPLICATE                                      ;                  ;                       ;
; emu:emu|hps_io:hps_io|video_calc:video_calc|de_h[0]                                              ; Duplicated      ; Router Logic Cell Insertion and Logic Duplication ; Routability optimization        ;           ;                ; emu:emu|hps_io:hps_io|video_calc:video_calc|de_h[0]~DUPLICATE                                       ;                  ;                       ;
; emu:emu|hps_io:hps_io|video_calc:video_calc|de_h[4]                                              ; Duplicated      ; Router Logic Cell Insertion and Logic Duplication ; Routability optimization        ;           ;                ; emu:emu|hps_io:hps_io|video_calc:video_calc|de_h[4]~DUPLICATE                                       ;                  ;                       ;
; emu:emu|hps_io:hps_io|video_calc:video_calc|hcnt[3]                                              ; Duplicated      ; Router Logic Cell Insertion and Logic Duplication ; Routability optimization        ;           ;                ; emu:emu|hps_io:hps_io|video_calc:video_calc|hcnt[3]~DUPLICATE                                       ;                  ;                       ;
; emu:emu|hps_io:hps_io|video_calc:video_calc|hcnt[4]~reg1                                         ; Duplicated      ; Router Logic Cell Insertion and Logic Duplication ; Routability optimization        ;           ;                ; emu:emu|hps_io:hps_io|video_calc:video_calc|hcnt[4]~reg1DUPLICATE                                   ;                  ;                       ;
; emu:emu|hps_io:hps_io|video_calc:video_calc|hcnt[6]~reg1                                         ; Duplicated      ; Router Logic Cell Insertion and Logic Duplication ; Routability optimization        ;           ;                ; emu:emu|hps_io:hps_io|video_calc:video_calc|hcnt[6]~reg1DUPLICATE                                   ;                  ;                       ;
; emu:emu|hps_io:hps_io|video_calc:video_calc|hcnt[11]~reg1                                        ; Duplicated      ; Router Logic Cell Insertion and Logic Duplication ; Routability optimization        ;           ;                ; emu:emu|hps_io:hps_io|video_calc:video_calc|hcnt[11]~reg1DUPLICATE                                  ;                  ;                       ;
; emu:emu|hps_io:hps_io|video_calc:video_calc|hcnt[12]                                             ; Duplicated      ; Router Logic Cell Insertion and Logic Duplication ; Routability optimization        ;           ;                ; emu:emu|hps_io:hps_io|video_calc:video_calc|hcnt[12]~DUPLICATE                                      ;                  ;                       ;
; emu:emu|hps_io:hps_io|video_calc:video_calc|hcnt[14]~reg1                                        ; Duplicated      ; Router Logic Cell Insertion and Logic Duplication ; Routability optimization        ;           ;                ; emu:emu|hps_io:hps_io|video_calc:video_calc|hcnt[14]~reg1DUPLICATE                                  ;                  ;                       ;
; emu:emu|hps_io:hps_io|video_calc:video_calc|hcnt[20]~reg1                                        ; Duplicated      ; Router Logic Cell Insertion and Logic Duplication ; Routability optimization        ;           ;                ; emu:emu|hps_io:hps_io|video_calc:video_calc|hcnt[20]~reg1DUPLICATE                                  ;                  ;                       ;
; emu:emu|hps_io:hps_io|video_calc:video_calc|hcnt[21]                                             ; Duplicated      ; Router Logic Cell Insertion and Logic Duplication ; Routability optimization        ;           ;                ; emu:emu|hps_io:hps_io|video_calc:video_calc|hcnt[21]~DUPLICATE                                      ;                  ;                       ;
; emu:emu|hps_io:hps_io|video_calc:video_calc|hcnt[26]                                             ; Duplicated      ; Router Logic Cell Insertion and Logic Duplication ; Routability optimization        ;           ;                ; emu:emu|hps_io:hps_io|video_calc:video_calc|hcnt[26]~DUPLICATE                                      ;                  ;                       ;
; emu:emu|hps_io:hps_io|video_calc:video_calc|hcnt[26]~reg1                                        ; Duplicated      ; Router Logic Cell Insertion and Logic Duplication ; Routability optimization        ;           ;                ; emu:emu|hps_io:hps_io|video_calc:video_calc|hcnt[26]~reg1DUPLICATE                                  ;                  ;                       ;
; emu:emu|hps_io:hps_io|video_calc:video_calc|hcnt[27]~reg1                                        ; Duplicated      ; Router Logic Cell Insertion and Logic Duplication ; Routability optimization        ;           ;                ; emu:emu|hps_io:hps_io|video_calc:video_calc|hcnt[27]~reg1DUPLICATE                                  ;                  ;                       ;
; emu:emu|hps_io:hps_io|video_calc:video_calc|hcnt[31]                                             ; Duplicated      ; Router Logic Cell Insertion and Logic Duplication ; Routability optimization        ;           ;                ; emu:emu|hps_io:hps_io|video_calc:video_calc|hcnt[31]~DUPLICATE                                      ;                  ;                       ;
; emu:emu|hps_io:hps_io|video_calc:video_calc|hcnt[31]~reg1                                        ; Duplicated      ; Router Logic Cell Insertion and Logic Duplication ; Routability optimization        ;           ;                ; emu:emu|hps_io:hps_io|video_calc:video_calc|hcnt[31]~reg1DUPLICATE                                  ;                  ;                       ;
; emu:emu|hps_io:hps_io|video_calc:video_calc|htime[5]                                             ; Duplicated      ; Router Logic Cell Insertion and Logic Duplication ; Routability optimization        ;           ;                ; emu:emu|hps_io:hps_io|video_calc:video_calc|htime[5]~DUPLICATE                                      ;                  ;                       ;
; emu:emu|hps_io:hps_io|video_calc:video_calc|htime[18]                                            ; Duplicated      ; Router Logic Cell Insertion and Logic Duplication ; Routability optimization        ;           ;                ; emu:emu|hps_io:hps_io|video_calc:video_calc|htime[18]~DUPLICATE                                     ;                  ;                       ;
; emu:emu|hps_io:hps_io|video_calc:video_calc|resto[0]                                             ; Duplicated      ; Router Logic Cell Insertion and Logic Duplication ; Routability optimization        ;           ;                ; emu:emu|hps_io:hps_io|video_calc:video_calc|resto[0]~DUPLICATE                                      ;                  ;                       ;
; emu:emu|hps_io:hps_io|video_calc:video_calc|vcnt[0]                                              ; Duplicated      ; Router Logic Cell Insertion and Logic Duplication ; Routability optimization        ;           ;                ; emu:emu|hps_io:hps_io|video_calc:video_calc|vcnt[0]~DUPLICATE                                       ;                  ;                       ;
; emu:emu|hps_io:hps_io|video_calc:video_calc|vcnt[1]                                              ; Duplicated      ; Router Logic Cell Insertion and Logic Duplication ; Routability optimization        ;           ;                ; emu:emu|hps_io:hps_io|video_calc:video_calc|vcnt[1]~DUPLICATE                                       ;                  ;                       ;
; emu:emu|hps_io:hps_io|video_calc:video_calc|vcnt[4]                                              ; Duplicated      ; Router Logic Cell Insertion and Logic Duplication ; Routability optimization        ;           ;                ; emu:emu|hps_io:hps_io|video_calc:video_calc|vcnt[4]~DUPLICATE                                       ;                  ;                       ;
; emu:emu|hps_io:hps_io|video_calc:video_calc|vcnt[8]                                              ; Duplicated      ; Router Logic Cell Insertion and Logic Duplication ; Routability optimization        ;           ;                ; emu:emu|hps_io:hps_io|video_calc:video_calc|vcnt[8]~DUPLICATE                                       ;                  ;                       ;
; emu:emu|hps_io:hps_io|video_calc:video_calc|vcnt[17]                                             ; Duplicated      ; Router Logic Cell Insertion and Logic Duplication ; Routability optimization        ;           ;                ; emu:emu|hps_io:hps_io|video_calc:video_calc|vcnt[17]~DUPLICATE                                      ;                  ;                       ;
; emu:emu|hps_io:hps_io|video_calc:video_calc|vcnt[21]                                             ; Duplicated      ; Router Logic Cell Insertion and Logic Duplication ; Routability optimization        ;           ;                ; emu:emu|hps_io:hps_io|video_calc:video_calc|vcnt[21]~DUPLICATE                                      ;                  ;                       ;
; emu:emu|hps_io:hps_io|video_calc:video_calc|vid_vcnt[10]                                         ; Duplicated      ; Router Logic Cell Insertion and Logic Duplication ; Routability optimization        ;           ;                ; emu:emu|hps_io:hps_io|video_calc:video_calc|vid_vcnt[10]~DUPLICATE                                  ;                  ;                       ;
; emu:emu|hps_io:hps_io|video_calc:video_calc|vid_vcnt[16]                                         ; Duplicated      ; Router Logic Cell Insertion and Logic Duplication ; Routability optimization        ;           ;                ; emu:emu|hps_io:hps_io|video_calc:video_calc|vid_vcnt[16]~DUPLICATE                                  ;                  ;                       ;
; emu:emu|hps_io:hps_io|video_calc:video_calc|vid_vcnt[22]                                         ; Duplicated      ; Router Logic Cell Insertion and Logic Duplication ; Routability optimization        ;           ;                ; emu:emu|hps_io:hps_io|video_calc:video_calc|vid_vcnt[22]~DUPLICATE                                  ;                  ;                       ;
; emu:emu|hps_io:hps_io|video_calc:video_calc|vid_vcnt[28]                                         ; Duplicated      ; Router Logic Cell Insertion and Logic Duplication ; Routability optimization        ;           ;                ; emu:emu|hps_io:hps_io|video_calc:video_calc|vid_vcnt[28]~DUPLICATE                                  ;                  ;                       ;
; emu:emu|hps_io:hps_io|video_calc:video_calc|vtime[1]                                             ; Duplicated      ; Router Logic Cell Insertion and Logic Duplication ; Routability optimization        ;           ;                ; emu:emu|hps_io:hps_io|video_calc:video_calc|vtime[1]~DUPLICATE                                      ;                  ;                       ;
; emu:emu|hps_io:hps_io|video_calc:video_calc|vtime[1]~reg1                                        ; Duplicated      ; Router Logic Cell Insertion and Logic Duplication ; Routability optimization        ;           ;                ; emu:emu|hps_io:hps_io|video_calc:video_calc|vtime[1]~reg1DUPLICATE                                  ;                  ;                       ;
; emu:emu|hps_io:hps_io|video_calc:video_calc|vtime[6]~reg1                                        ; Duplicated      ; Router Logic Cell Insertion and Logic Duplication ; Routability optimization        ;           ;                ; emu:emu|hps_io:hps_io|video_calc:video_calc|vtime[6]~reg1DUPLICATE                                  ;                  ;                       ;
; emu:emu|hps_io:hps_io|video_calc:video_calc|vtime[11]                                            ; Duplicated      ; Router Logic Cell Insertion and Logic Duplication ; Routability optimization        ;           ;                ; emu:emu|hps_io:hps_io|video_calc:video_calc|vtime[11]~DUPLICATE                                     ;                  ;                       ;
; emu:emu|hps_io:hps_io|video_calc:video_calc|vtime[12]~reg1                                       ; Duplicated      ; Router Logic Cell Insertion and Logic Duplication ; Routability optimization        ;           ;                ; emu:emu|hps_io:hps_io|video_calc:video_calc|vtime[12]~reg1DUPLICATE                                 ;                  ;                       ;
; emu:emu|hps_io:hps_io|video_calc:video_calc|vtime[16]                                            ; Duplicated      ; Router Logic Cell Insertion and Logic Duplication ; Routability optimization        ;           ;                ; emu:emu|hps_io:hps_io|video_calc:video_calc|vtime[16]~DUPLICATE                                     ;                  ;                       ;
; emu:emu|hps_io:hps_io|video_calc:video_calc|vtime[17]~reg1                                       ; Duplicated      ; Router Logic Cell Insertion and Logic Duplication ; Routability optimization        ;           ;                ; emu:emu|hps_io:hps_io|video_calc:video_calc|vtime[17]~reg1DUPLICATE                                 ;                  ;                       ;
; emu:emu|hps_io:hps_io|video_calc:video_calc|vtime[27]                                            ; Duplicated      ; Router Logic Cell Insertion and Logic Duplication ; Routability optimization        ;           ;                ; emu:emu|hps_io:hps_io|video_calc:video_calc|vtime[27]~DUPLICATE                                     ;                  ;                       ;
; emu:emu|hps_io:hps_io|video_calc:video_calc|vtime[29]                                            ; Duplicated      ; Router Logic Cell Insertion and Logic Duplication ; Routability optimization        ;           ;                ; emu:emu|hps_io:hps_io|video_calc:video_calc|vtime[29]~DUPLICATE                                     ;                  ;                       ;
; hs_cnt[1]                                                                                        ; Duplicated      ; Router Logic Cell Insertion and Logic Duplication ; Routability optimization        ;           ;                ; hs_cnt[1]~DUPLICATE                                                                                 ;                  ;                       ;
; line_cnt[1]                                                                                      ; Duplicated      ; Router Logic Cell Insertion and Logic Duplication ; Routability optimization        ;           ;                ; line_cnt[1]~DUPLICATE                                                                               ;                  ;                       ;
; line_cnt[3]                                                                                      ; Duplicated      ; Router Logic Cell Insertion and Logic Duplication ; Routability optimization        ;           ;                ; line_cnt[3]~DUPLICATE                                                                               ;                  ;                       ;
; line_cnt[4]                                                                                      ; Duplicated      ; Router Logic Cell Insertion and Logic Duplication ; Routability optimization        ;           ;                ; line_cnt[4]~DUPLICATE                                                                               ;                  ;                       ;
; line_cnt[7]                                                                                      ; Duplicated      ; Router Logic Cell Insertion and Logic Duplication ; Routability optimization        ;           ;                ; line_cnt[7]~DUPLICATE                                                                               ;                  ;                       ;
; mcp23009:mcp23009|i2c:i2c|I2C_CLOCK                                                              ; Duplicated      ; Router Logic Cell Insertion and Logic Duplication ; Routability optimization        ;           ;                ; mcp23009:mcp23009|i2c:i2c|I2C_CLOCK~DUPLICATE                                                       ;                  ;                       ;
; mcp23009:mcp23009|i2c:i2c|SD_COUNTER[3]                                                          ; Duplicated      ; Router Logic Cell Insertion and Logic Duplication ; Routability optimization        ;           ;                ; mcp23009:mcp23009|i2c:i2c|SD_COUNTER[3]~DUPLICATE                                                   ;                  ;                       ;
; mcp23009:mcp23009|i2c:i2c|SD_COUNTER[5]                                                          ; Duplicated      ; Router Logic Cell Insertion and Logic Duplication ; Routability optimization        ;           ;                ; mcp23009:mcp23009|i2c:i2c|SD_COUNTER[5]~DUPLICATE                                                   ;                  ;                       ;
; mcp23009:mcp23009|idx[1]                                                                         ; Duplicated      ; Router Logic Cell Insertion and Logic Duplication ; Routability optimization        ;           ;                ; mcp23009:mcp23009|idx[1]~DUPLICATE                                                                  ;                  ;                       ;
; mcp23009:mcp23009|idx[2]                                                                         ; Duplicated      ; Router Logic Cell Insertion and Logic Duplication ; Routability optimization        ;           ;                ; mcp23009:mcp23009|idx[2]~DUPLICATE                                                                  ;                  ;                       ;
; mcp23009:mcp23009|idx[3]                                                                         ; Duplicated      ; Router Logic Cell Insertion and Logic Duplication ; Routability optimization        ;           ;                ; mcp23009:mcp23009|idx[3]~DUPLICATE                                                                  ;                  ;                       ;
; mcp23009:mcp23009|state.01                                                                       ; Duplicated      ; Router Logic Cell Insertion and Logic Duplication ; Routability optimization        ;           ;                ; mcp23009:mcp23009|state.01~DUPLICATE                                                                ;                  ;                       ;
; osd:vga_osd|bcnt[4]                                                                              ; Duplicated      ; Router Logic Cell Insertion and Logic Duplication ; Routability optimization        ;           ;                ; osd:vga_osd|bcnt[4]~DUPLICATE                                                                       ;                  ;                       ;
; osd:vga_osd|cmd[5]                                                                               ; Duplicated      ; Router Logic Cell Insertion and Logic Duplication ; Routability optimization        ;           ;                ; osd:vga_osd|cmd[5]~DUPLICATE                                                                        ;                  ;                       ;
; osd:vga_osd|de1                                                                                  ; Duplicated      ; Router Logic Cell Insertion and Logic Duplication ; Routability optimization        ;           ;                ; osd:vga_osd|de1~DUPLICATE                                                                           ;                  ;                       ;
; osd:vga_osd|h_cnt[9]                                                                             ; Duplicated      ; Router Logic Cell Insertion and Logic Duplication ; Routability optimization        ;           ;                ; osd:vga_osd|h_cnt[9]~DUPLICATE                                                                      ;                  ;                       ;
; osd:vga_osd|h_cnt[22]                                                                            ; Duplicated      ; Router Logic Cell Insertion and Logic Duplication ; Routability optimization        ;           ;                ; osd:vga_osd|h_cnt[22]~DUPLICATE                                                                     ;                  ;                       ;
; osd:vga_osd|has_cmd                                                                              ; Duplicated      ; Router Logic Cell Insertion and Logic Duplication ; Routability optimization        ;           ;                ; osd:vga_osd|has_cmd~DUPLICATE                                                                       ;                  ;                       ;
; osd:vga_osd|infow[7]                                                                             ; Duplicated      ; Router Logic Cell Insertion and Logic Duplication ; Routability optimization        ;           ;                ; osd:vga_osd|infow[7]~DUPLICATE                                                                      ;                  ;                       ;
; osd:vga_osd|infox[0]                                                                             ; Duplicated      ; Router Logic Cell Insertion and Logic Duplication ; Routability optimization        ;           ;                ; osd:vga_osd|infox[0]~DUPLICATE                                                                      ;                  ;                       ;
; osd:vga_osd|pixcnt[1]                                                                            ; Duplicated      ; Router Logic Cell Insertion and Logic Duplication ; Routability optimization        ;           ;                ; osd:vga_osd|pixcnt[1]~DUPLICATE                                                                     ;                  ;                       ;
; osd:vga_osd|pixcnt[7]                                                                            ; Duplicated      ; Router Logic Cell Insertion and Logic Duplication ; Routability optimization        ;           ;                ; osd:vga_osd|pixcnt[7]~DUPLICATE                                                                     ;                  ;                       ;
; osd:vga_osd|pixcnt[12]                                                                           ; Duplicated      ; Router Logic Cell Insertion and Logic Duplication ; Routability optimization        ;           ;                ; osd:vga_osd|pixcnt[12]~DUPLICATE                                                                    ;                  ;                       ;
; osd:vga_osd|pixcnt[13]                                                                           ; Duplicated      ; Router Logic Cell Insertion and Logic Duplication ; Routability optimization        ;           ;                ; osd:vga_osd|pixcnt[13]~DUPLICATE                                                                    ;                  ;                       ;
; osd:vga_osd|pixcnt[15]                                                                           ; Duplicated      ; Router Logic Cell Insertion and Logic Duplication ; Routability optimization        ;           ;                ; osd:vga_osd|pixcnt[15]~DUPLICATE                                                                    ;                  ;                       ;
; osd:vga_osd|pixcnt[17]                                                                           ; Duplicated      ; Router Logic Cell Insertion and Logic Duplication ; Routability optimization        ;           ;                ; osd:vga_osd|pixcnt[17]~DUPLICATE                                                                    ;                  ;                       ;
; osd:vga_osd|rdout[0]                                                                             ; Duplicated      ; Router Logic Cell Insertion and Logic Duplication ; Routability optimization        ;           ;                ; osd:vga_osd|rdout[0]~DUPLICATE                                                                      ;                  ;                       ;
; osd:vga_osd|rdout[6]                                                                             ; Duplicated      ; Router Logic Cell Insertion and Logic Duplication ; Routability optimization        ;           ;                ; osd:vga_osd|rdout[6]~DUPLICATE                                                                      ;                  ;                       ;
; osd:vga_osd|rdout[7]                                                                             ; Duplicated      ; Router Logic Cell Insertion and Logic Duplication ; Routability optimization        ;           ;                ; osd:vga_osd|rdout[7]~DUPLICATE                                                                      ;                  ;                       ;
; osd:vga_osd|rdout[21]                                                                            ; Duplicated      ; Router Logic Cell Insertion and Logic Duplication ; Routability optimization        ;           ;                ; osd:vga_osd|rdout[21]~DUPLICATE                                                                     ;                  ;                       ;
; osd:vga_osd|vs_out                                                                               ; Duplicated      ; Router Logic Cell Insertion and Logic Duplication ; Routability optimization        ;           ;                ; osd:vga_osd|vs_out~DUPLICATE                                                                        ;                  ;                       ;
; sync_fix:sync_h|pol                                                                              ; Duplicated      ; Router Logic Cell Insertion and Logic Duplication ; Routability optimization        ;           ;                ; sync_fix:sync_h|pol~DUPLICATE                                                                       ;                  ;                       ;
; sync_fix:sync_v|cnt[31]                                                                          ; Duplicated      ; Router Logic Cell Insertion and Logic Duplication ; Routability optimization        ;           ;                ; sync_fix:sync_v|cnt[31]~DUPLICATE                                                                   ;                  ;                       ;
; vcnt[0]                                                                                          ; Duplicated      ; Router Logic Cell Insertion and Logic Duplication ; Routability optimization        ;           ;                ; vcnt[0]~DUPLICATE                                                                                   ;                  ;                       ;
; vcnt[2]                                                                                          ; Duplicated      ; Router Logic Cell Insertion and Logic Duplication ; Routability optimization        ;           ;                ; vcnt[2]~DUPLICATE                                                                                   ;                  ;                       ;
; vcnt[6]                                                                                          ; Duplicated      ; Router Logic Cell Insertion and Logic Duplication ; Routability optimization        ;           ;                ; vcnt[6]~DUPLICATE                                                                                   ;                  ;                       ;
; vcnt[7]                                                                                          ; Duplicated      ; Router Logic Cell Insertion and Logic Duplication ; Routability optimization        ;           ;                ; vcnt[7]~DUPLICATE                                                                                   ;                  ;                       ;
; vcnt[12]                                                                                         ; Duplicated      ; Router Logic Cell Insertion and Logic Duplication ; Routability optimization        ;           ;                ; vcnt[12]~DUPLICATE                                                                                  ;                  ;                       ;
; vga_out:vga_out|din1[16]                                                                         ; Duplicated      ; Router Logic Cell Insertion and Logic Duplication ; Routability optimization        ;           ;                ; vga_out:vga_out|din1[16]~DUPLICATE                                                                  ;                  ;                       ;
; vga_out:vga_out|din1[21]                                                                         ; Duplicated      ; Router Logic Cell Insertion and Logic Duplication ; Routability optimization        ;           ;                ; vga_out:vga_out|din1[21]~DUPLICATE                                                                  ;                  ;                       ;
; vga_out:vga_out|din1[23]                                                                         ; Duplicated      ; Router Logic Cell Insertion and Logic Duplication ; Routability optimization        ;           ;                ; vga_out:vga_out|din1[23]~DUPLICATE                                                                  ;                  ;                       ;
; vs_d1                                                                                            ; Duplicated      ; Router Logic Cell Insertion and Logic Duplication ; Routability optimization        ;           ;                ; vs_d1~DUPLICATE                                                                                     ;                  ;                       ;
+--------------------------------------------------------------------------------------------------+-----------------+---------------------------------------------------+---------------------------------+-----------+----------------+-----------------------------------------------------------------------------------------------------+------------------+-----------------------+


+----------------------------------------------------------------------------------------------------------------------------------------------------------------------------------------------------+
; Ignored Assignments                                                                                                                                                                                ;
+---------------------------------------+----------------+--------------+--------------------------------------------+----------------------------------------------+--------------------------------+
; Name                                  ; Ignored Entity ; Ignored From ; Ignored To                                 ; Ignored Value                                ; Ignored Source                 ;
+---------------------------------------+----------------+--------------+--------------------------------------------+----------------------------------------------+--------------------------------+
; Fast Input Register                   ; sys_top        ;              ; SDRAM_DQ[*]                                ; ON                                           ; QSF Assignment                 ;
; Fast Output Register                  ; sys_top        ;              ; HDMI_TX_CLK                                ; ON                                           ; QSF Assignment                 ;
; Fast Output Register                  ; sys_top        ;              ; HDMI_TX_D[*]                               ; ON                                           ; QSF Assignment                 ;
; Fast Output Register                  ; sys_top        ;              ; SDRAM_*                                    ; ON                                           ; QSF Assignment                 ;
; Fast Output Enable Register           ; sys_top        ;              ; SDRAM_DQ[*]                                ; ON                                           ; QSF Assignment                 ;
; Unforce Merging of PLL Output Counter ; sys_top        ;              ; *pll_hdmi_0002*|altera_pll:altera_pll_i*|* ; ON                                           ; sys/pll_hdmi/pll_hdmi_0002.qip ;
; PLL Compensation Mode                 ; sys_top        ;              ; *pll_hdmi_0002*|altera_pll:altera_pll_i*|* ; DIRECT                                       ; sys/pll_hdmi/pll_hdmi_0002.qip ;
; HPS_LOCATION                          ; sys_top        ;              ; spi                                        ; HPSINTERFACEPERIPHERALSPIMASTER_X52_Y72_N111 ; QSF Assignment                 ;
+---------------------------------------+----------------+--------------+--------------------------------------------+----------------------------------------------+--------------------------------+


+---------------------------------------------------------------------------------------------------+
; Incremental Compilation Preservation Summary                                                      ;
+---------------------+---------------------+----------------------------+--------------------------+
; Type                ; Total [A + B]       ; From Design Partitions [A] ; From Rapid Recompile [B] ;
+---------------------+---------------------+----------------------------+--------------------------+
; Placement (by node) ;                     ;                            ;                          ;
;     -- Requested    ; 0.00 % ( 0 / 7489 ) ; 0.00 % ( 0 / 7489 )        ; 0.00 % ( 0 / 7489 )      ;
;     -- Achieved     ; 0.00 % ( 0 / 7489 ) ; 0.00 % ( 0 / 7489 )        ; 0.00 % ( 0 / 7489 )      ;
;                     ;                     ;                            ;                          ;
; Routing (by net)    ;                     ;                            ;                          ;
;     -- Requested    ; 0.00 % ( 0 / 0 )    ; 0.00 % ( 0 / 0 )           ; 0.00 % ( 0 / 0 )         ;
;     -- Achieved     ; 0.00 % ( 0 / 0 )    ; 0.00 % ( 0 / 0 )           ; 0.00 % ( 0 / 0 )         ;
+---------------------+---------------------+----------------------------+--------------------------+


+----------------------------------------------------------------------------------------------------------------------------------------------------------------------------------------+
; Incremental Compilation Partition Settings                                                                                                                                             ;
+--------------------------------+----------------+-------------------+-------------------------+------------------------+------------------------------+--------------------------------+
; Partition Name                 ; Partition Type ; Netlist Type Used ; Preservation Level Used ; Netlist Type Requested ; Preservation Level Requested ; Contents                       ;
+--------------------------------+----------------+-------------------+-------------------------+------------------------+------------------------------+--------------------------------+
; Top                            ; User-created   ; Source File       ; N/A                     ; Source File            ; N/A                          ;                                ;
; hard_block:auto_generated_inst ; Auto-generated ; Source File       ; N/A                     ; Source File            ; N/A                          ; hard_block:auto_generated_inst ;
+--------------------------------+----------------+-------------------+-------------------------+------------------------+------------------------------+--------------------------------+


+------------------------------------------------------------------------------------------------------------------------------------+
; Incremental Compilation Placement Preservation                                                                                     ;
+--------------------------------+-----------------------+-------------------------+-------------------+---------------------+-------+
; Partition Name                 ; Preservation Achieved ; Preservation Level Used ; Netlist Type Used ; Preservation Method ; Notes ;
+--------------------------------+-----------------------+-------------------------+-------------------+---------------------+-------+
; Top                            ; 0.00 % ( 0 / 7448 )   ; N/A                     ; Source File       ; N/A                 ;       ;
; hard_block:auto_generated_inst ; 0.00 % ( 0 / 41 )     ; N/A                     ; Source File       ; N/A                 ;       ;
+--------------------------------+-----------------------+-------------------------+-------------------+---------------------+-------+


+--------------+
; Pin-Out File ;
+--------------+
The pin-out file can be found in /home/dh/Downloads/MisterFPGA3/output_files/mycore.pin.


+--------------------------------------------------------------------------------------------+
; Fitter Resource Usage Summary                                                              ;
+-------------------------------------------------------------+----------------------+-------+
; Resource                                                    ; Usage                ; %     ;
+-------------------------------------------------------------+----------------------+-------+
; Logic utilization (ALMs needed / total ALMs on device)      ; 2,377 / 41,910       ; 6 %   ;
; ALMs needed [=A-B+C]                                        ; 2,377                ;       ;
;     [A] ALMs used in final placement [=a+b+c+d]             ; 2,680 / 41,910       ; 6 %   ;
;         [a] ALMs used for LUT logic and registers           ; 1,096                ;       ;
;         [b] ALMs used for LUT logic                         ; 1,156                ;       ;
;         [c] ALMs used for registers                         ; 428                  ;       ;
;         [d] ALMs used for memory (up to half of total ALMs) ; 0                    ;       ;
;     [B] Estimate of ALMs recoverable by dense packing       ; 320 / 41,910         ; < 1 % ;
;     [C] Estimate of ALMs unavailable [=a+b+c+d]             ; 17 / 41,910          ; < 1 % ;
;         [a] Due to location constrained logic               ; 0                    ;       ;
;         [b] Due to LAB-wide signal conflicts                ; 0                    ;       ;
;         [c] Due to LAB input limits                         ; 17                   ;       ;
;         [d] Due to virtual I/Os                             ; 0                    ;       ;
;                                                             ;                      ;       ;
; Difficulty packing design                                   ; Low                  ;       ;
;                                                             ;                      ;       ;
; Total LABs:  partially or completely used                   ; 362 / 4,191          ; 9 %   ;
;     -- Logic LABs                                           ; 362                  ;       ;
;     -- Memory LABs (up to half of total LABs)               ; 0                    ;       ;
;                                                             ;                      ;       ;
; Combinational ALUT usage for logic                          ; 3,983                ;       ;
;     -- 7 input functions                                    ; 126                  ;       ;
;     -- 6 input functions                                    ; 556                  ;       ;
;     -- 5 input functions                                    ; 387                  ;       ;
;     -- 4 input functions                                    ; 428                  ;       ;
;     -- <=3 input functions                                  ; 2,486                ;       ;
; Combinational ALUT usage for route-throughs                 ; 439                  ;       ;
;                                                             ;                      ;       ;
; Dedicated logic registers                                   ; 3,198                ;       ;
;     -- By type:                                             ;                      ;       ;
;         -- Primary logic registers                          ; 3,047 / 83,820       ; 4 %   ;
;         -- Secondary logic registers                        ; 151 / 83,820         ; < 1 % ;
;     -- By function:                                         ;                      ;       ;
;         -- Design implementation registers                  ; 3,067                ;       ;
;         -- Routing optimization registers                   ; 131                  ;       ;
;                                                             ;                      ;       ;
; Virtual pins                                                ; 0                    ;       ;
; I/O pins                                                    ; 145 / 314            ; 46 %  ;
;     -- Clock pins                                           ; 8 / 8                ; 100 % ;
;     -- Dedicated input pins                                 ; 0 / 21               ; 0 %   ;
; I/O registers                                               ; 7                    ;       ;
;                                                             ;                      ;       ;
; Hard processor system peripheral utilization                ;                      ;       ;
;     -- Boot from FPGA                                       ; 1 / 1 ( 100 % )      ;       ;
;     -- Clock resets                                         ; 1 / 1 ( 100 % )      ;       ;
;     -- Cross trigger                                        ; 0 / 1 ( 0 % )        ;       ;
;     -- S2F AXI                                              ; 1 / 1 ( 100 % )      ;       ;
;     -- F2S AXI                                              ; 1 / 1 ( 100 % )      ;       ;
;     -- AXI Lightweight                                      ; 0 / 1 ( 0 % )        ;       ;
;     -- SDRAM                                                ; 1 / 1 ( 100 % )      ;       ;
;     -- Interrupts                                           ; 1 / 1 ( 100 % )      ;       ;
;     -- JTAG                                                 ; 0 / 1 ( 0 % )        ;       ;
;     -- Loan I/O                                             ; 0 / 1 ( 0 % )        ;       ;
;     -- MPU event standby                                    ; 0 / 1 ( 0 % )        ;       ;
;     -- MPU general purpose                                  ; 1 / 1 ( 100 % )      ;       ;
;     -- STM event                                            ; 0 / 1 ( 0 % )        ;       ;
;     -- TPIU trace                                           ; 1 / 1 ( 100 % )      ;       ;
;     -- DMA                                                  ; 0 / 1 ( 0 % )        ;       ;
;     -- CAN                                                  ; 0 / 2 ( 0 % )        ;       ;
;     -- EMAC                                                 ; 0 / 2 ( 0 % )        ;       ;
;     -- I2C                                                  ; 1 / 4 ( 25 % )       ;       ;
;     -- NAND Flash                                           ; 0 / 1 ( 0 % )        ;       ;
;     -- QSPI                                                 ; 0 / 1 ( 0 % )        ;       ;
;     -- SDMMC                                                ; 0 / 1 ( 0 % )        ;       ;
;     -- SPI Master                                           ; 0 / 2 ( 0 % )        ;       ;
;     -- SPI Slave                                            ; 0 / 2 ( 0 % )        ;       ;
;     -- UART                                                 ; 1 / 2 ( 50 % )       ;       ;
;     -- USB                                                  ; 0 / 2 ( 0 % )        ;       ;
;                                                             ;                      ;       ;
; M10K blocks                                                 ; 7 / 553              ; 1 %   ;
; Total MLAB memory bits                                      ; 0                    ;       ;
; Total block memory bits                                     ; 33,094 / 5,662,720   ; < 1 % ;
; Total block memory implementation bits                      ; 71,680 / 5,662,720   ; 1 %   ;
;                                                             ;                      ;       ;
; Total DSP Blocks                                            ; 8 / 112              ; 7 %   ;
;                                                             ;                      ;       ;
; Fractional PLLs                                             ; 2 / 6                ; 33 %  ;
; Global signals                                              ; 5                    ;       ;
;     -- Global clocks                                        ; 5 / 16               ; 31 %  ;
;     -- Quadrant clocks                                      ; 0 / 66               ; 0 %   ;
;     -- Horizontal periphery clocks                          ; 0 / 18               ; 0 %   ;
; SERDES Transmitters                                         ; 0 / 100              ; 0 %   ;
; SERDES Receivers                                            ; 0 / 100              ; 0 %   ;
; JTAGs                                                       ; 0 / 1                ; 0 %   ;
; ASMI blocks                                                 ; 0 / 1                ; 0 %   ;
; CRC blocks                                                  ; 0 / 1                ; 0 %   ;
; Remote update blocks                                        ; 0 / 1                ; 0 %   ;
; Oscillator blocks                                           ; 0 / 1                ; 0 %   ;
; Impedance control blocks                                    ; 0 / 4                ; 0 %   ;
; Hard Memory Controllers                                     ; 0 / 1                ; 0 %   ;
; Average interconnect usage (total/H/V)                      ; 1.7% / 1.7% / 1.8%   ;       ;
; Peak interconnect usage (total/H/V)                         ; 11.3% / 11.8% / 9.7% ;       ;
; Maximum fan-out                                             ; 1926                 ;       ;
; Highest non-global fan-out                                  ; 406                  ;       ;
; Total fan-out                                               ; 25786                ;       ;
; Average fan-out                                             ; 3.23                 ;       ;
+-------------------------------------------------------------+----------------------+-------+


+----------------------------------------------------------------------------------------------------------------------+
; Fitter Partition Statistics                                                                                          ;
+-------------------------------------------------------------+-----------------------+--------------------------------+
; Statistic                                                   ; Top                   ; hard_block:auto_generated_inst ;
+-------------------------------------------------------------+-----------------------+--------------------------------+
; Logic utilization (ALMs needed / total ALMs on device)      ; 2377 / 41910 ( 6 % )  ; 0 / 41910 ( 0 % )              ;
; ALMs needed [=A-B+C]                                        ; 2377                  ; 0                              ;
;     [A] ALMs used in final placement [=a+b+c+d]             ; 2680 / 41910 ( 6 % )  ; 0 / 41910 ( 0 % )              ;
;         [a] ALMs used for LUT logic and registers           ; 1096                  ; 0                              ;
;         [b] ALMs used for LUT logic                         ; 1156                  ; 0                              ;
;         [c] ALMs used for registers                         ; 428                   ; 0                              ;
;         [d] ALMs used for memory (up to half of total ALMs) ; 0                     ; 0                              ;
;     [B] Estimate of ALMs recoverable by dense packing       ; 320 / 41910 ( < 1 % ) ; 0 / 41910 ( 0 % )              ;
;     [C] Estimate of ALMs unavailable [=a+b+c+d]             ; 17 / 41910 ( < 1 % )  ; 0 / 41910 ( 0 % )              ;
;         [a] Due to location constrained logic               ; 0                     ; 0                              ;
;         [b] Due to LAB-wide signal conflicts                ; 0                     ; 0                              ;
;         [c] Due to LAB input limits                         ; 17                    ; 0                              ;
;         [d] Due to virtual I/Os                             ; 0                     ; 0                              ;
;                                                             ;                       ;                                ;
; Difficulty packing design                                   ; Low                   ; Low                            ;
;                                                             ;                       ;                                ;
; Total LABs:  partially or completely used                   ; 362 / 4191 ( 9 % )    ; 0 / 4191 ( 0 % )               ;
;     -- Logic LABs                                           ; 362                   ; 0                              ;
;     -- Memory LABs (up to half of total LABs)               ; 0                     ; 0                              ;
;                                                             ;                       ;                                ;
; Combinational ALUT usage for logic                          ; 3983                  ; 0                              ;
;     -- 7 input functions                                    ; 126                   ; 0                              ;
;     -- 6 input functions                                    ; 556                   ; 0                              ;
;     -- 5 input functions                                    ; 387                   ; 0                              ;
;     -- 4 input functions                                    ; 428                   ; 0                              ;
;     -- <=3 input functions                                  ; 2486                  ; 0                              ;
; Combinational ALUT usage for route-throughs                 ; 439                   ; 0                              ;
; Memory ALUT usage                                           ; 0                     ; 0                              ;
;     -- 64-address deep                                      ; 0                     ; 0                              ;
;     -- 32-address deep                                      ; 0                     ; 0                              ;
;                                                             ;                       ;                                ;
; Dedicated logic registers                                   ; 0                     ; 0                              ;
;     -- By type:                                             ;                       ;                                ;
;         -- Primary logic registers                          ; 3047 / 83820 ( 4 % )  ; 0 / 83820 ( 0 % )              ;
;         -- Secondary logic registers                        ; 151 / 83820 ( < 1 % ) ; 0 / 83820 ( 0 % )              ;
;     -- By function:                                         ;                       ;                                ;
;         -- Design implementation registers                  ; 3067                  ; 0                              ;
;         -- Routing optimization registers                   ; 131                   ; 0                              ;
;                                                             ;                       ;                                ;
;                                                             ;                       ;                                ;
; Virtual pins                                                ; 0                     ; 0                              ;
; I/O pins                                                    ; 138                   ; 7                              ;
; I/O registers                                               ; 3                     ; 4                              ;
; Total block memory bits                                     ; 33094                 ; 0                              ;
; Total block memory implementation bits                      ; 71680                 ; 0                              ;
; M10K block                                                  ; 7 / 553 ( 1 % )       ; 0 / 553 ( 0 % )                ;
; DSP block                                                   ; 8 / 112 ( 7 % )       ; 0 / 112 ( 0 % )                ;
; Clock enable block                                          ; 0 / 116 ( 0 % )       ; 5 / 116 ( 4 % )                ;
; Double data rate I/O output circuitry                       ; 3 / 400 ( < 1 % )     ; 2 / 400 ( < 1 % )              ;
; HPS DBG APB interface                                       ; 0 / 1 ( 0 % )         ; 1 / 1 ( 100 % )                ;
; Fractional PLL                                              ; 0 / 6 ( 0 % )         ; 2 / 6 ( 33 % )                 ;
; HPS boot from FPGA interface                                ; 0 / 1 ( 0 % )         ; 1 / 1 ( 100 % )                ;
; HPS clock resets interface                                  ; 0 / 1 ( 0 % )         ; 1 / 1 ( 100 % )                ;
; FPGA-to-HPS interface                                       ; 0 / 1 ( 0 % )         ; 1 / 1 ( 100 % )                ;
; HPS FPGA-to-SDRAM interface                                 ; 0 / 1 ( 0 % )         ; 1 / 1 ( 100 % )                ;
; HPS-to-FPGA interface                                       ; 0 / 1 ( 0 % )         ; 1 / 1 ( 100 % )                ;
; HPS interrupts interface                                    ; 0 / 1 ( 0 % )         ; 1 / 1 ( 100 % )                ;
; HPS MPU general-purpose interface                           ; 0 / 1 ( 0 % )         ; 1 / 1 ( 100 % )                ;
; HPS peripheral I2C interface                                ; 0 / 4 ( 0 % )         ; 1 / 4 ( 25 % )                 ;
; HPS peripheral UART interface                               ; 0 / 2 ( 0 % )         ; 1 / 2 ( 50 % )                 ;
; HPS TPIU trace interface                                    ; 0 / 1 ( 0 % )         ; 1 / 1 ( 100 % )                ;
; PLL Output Counter                                          ; 0 / 54 ( 0 % )        ; 2 / 54 ( 3 % )                 ;
; PLL Reconfiguration Block                                   ; 0 / 6 ( 0 % )         ; 2 / 6 ( 33 % )                 ;
; PLL Reference Clock Select Block                            ; 0 / 6 ( 0 % )         ; 2 / 6 ( 33 % )                 ;
;                                                             ;                       ;                                ;
; Connections                                                 ;                       ;                                ;
;     -- Input Connections                                    ; 3306                  ; 34                             ;
;     -- Registered Input Connections                         ; 3215                  ; 0                              ;
;     -- Output Connections                                   ; 64                    ; 3276                           ;
;     -- Registered Output Connections                        ; 10                    ; 0                              ;
;                                                             ;                       ;                                ;
; Internal Connections                                        ;                       ;                                ;
;     -- Total Connections                                    ; 26659                 ; 3406                           ;
;     -- Registered Connections                               ; 13464                 ; 0                              ;
;                                                             ;                       ;                                ;
; External Connections                                        ;                       ;                                ;
;     -- Top                                                  ; 62                    ; 3308                           ;
;     -- hard_block:auto_generated_inst                       ; 3308                  ; 2                              ;
;                                                             ;                       ;                                ;
; Partition Interface                                         ;                       ;                                ;
;     -- Input Ports                                          ; 16                    ; 36                             ;
;     -- Output Ports                                         ; 97                    ; 33                             ;
;     -- Bidir Ports                                          ; 32                    ; 0                              ;
;                                                             ;                       ;                                ;
; Registered Ports                                            ;                       ;                                ;
;     -- Registered Input Ports                               ; 0                     ; 0                              ;
;     -- Registered Output Ports                              ; 0                     ; 0                              ;
;                                                             ;                       ;                                ;
; Port Connectivity                                           ;                       ;                                ;
;     -- Input Ports driven by GND                            ; 0                     ; 0                              ;
;     -- Output Ports driven by GND                           ; 0                     ; 0                              ;
;     -- Input Ports driven by VCC                            ; 0                     ; 0                              ;
;     -- Output Ports driven by VCC                           ; 0                     ; 0                              ;
;     -- Input Ports with no Source                           ; 0                     ; 0                              ;
;     -- Output Ports with no Source                          ; 0                     ; 0                              ;
;     -- Input Ports with no Fanout                           ; 0                     ; 7                              ;
;     -- Output Ports with no Fanout                          ; 0                     ; 0                              ;
+-------------------------------------------------------------+-----------------------+--------------------------------+


+---------------------------------------------------------------------------------------------------------------------------------------------------------------------------------------------------------------------------------------------------------------------------------------------+
; Input Pins                                                                                                                                                                                                                                                                                  ;
+--------------+-------+----------+--------------+--------------+--------------+-----------------------+--------------------+--------+----------------+-----------------+----------+--------------+--------------+-------------+---------------------------+----------------------+-----------+
; Name         ; Pin # ; I/O Bank ; X coordinate ; Y coordinate ; Z coordinate ; Combinational Fan-Out ; Registered Fan-Out ; Global ; Input Register ; PCI I/O Enabled ; Bus Hold ; Weak Pull Up ; I/O Standard ; Termination ; Termination Control Block ; Location assigned by ; Slew Rate ;
+--------------+-------+----------+--------------+--------------+--------------+-----------------------+--------------------+--------+----------------+-----------------+----------+--------------+--------------+-------------+---------------------------+----------------------+-----------+
; ADC_SDO      ; AD4   ; 3A       ; 6            ; 0            ; 51           ; 0                     ; 0                  ; no     ; no             ; no              ; no       ; Off          ; 3.3-V LVTTL  ; Off         ; --                        ; User                 ; no        ;
; BTN_OSD      ; AG25  ; 4A       ; 86           ; 0            ; 17           ; 2                     ; 0                  ; no     ; no             ; no              ; no       ; On           ; 3.3-V LVTTL  ; Off         ; --                        ; User                 ; no        ;
; BTN_RESET    ; AG23  ; 4A       ; 78           ; 0            ; 0            ; 2                     ; 0                  ; no     ; no             ; no              ; no       ; On           ; 3.3-V LVTTL  ; Off         ; --                        ; User                 ; no        ;
; BTN_USER     ; AH24  ; 4A       ; 80           ; 0            ; 51           ; 2                     ; 0                  ; no     ; no             ; no              ; no       ; On           ; 3.3-V LVTTL  ; Off         ; --                        ; User                 ; no        ;
; FPGA_CLK1_50 ; V11   ; 3B       ; 32           ; 0            ; 0            ; 0                     ; 0                  ; no     ; no             ; no              ; no       ; Off          ; 3.3-V LVTTL  ; Off         ; --                        ; User                 ; no        ;
; FPGA_CLK2_50 ; Y13   ; 4A       ; 56           ; 0            ; 0            ; 213                   ; 0                  ; yes    ; no             ; no              ; no       ; Off          ; 3.3-V LVTTL  ; Off         ; --                        ; User                 ; no        ;
; FPGA_CLK3_50 ; E11   ; 8A       ; 32           ; 81           ; 0            ; 1                     ; 0                  ; no     ; no             ; no              ; no       ; Off          ; 3.3-V LVTTL  ; Off         ; --                        ; User                 ; no        ;
; HDMI_TX_INT  ; AF11  ; 3B       ; 34           ; 0            ; 40           ; 0                     ; 0                  ; no     ; no             ; no              ; no       ; Off          ; 3.3-V LVTTL  ; Off         ; --                        ; User                 ; no        ;
; KEY[0]       ; AH17  ; 4A       ; 64           ; 0            ; 34           ; 1                     ; 0                  ; no     ; no             ; no              ; no       ; Off          ; 3.3-V LVTTL  ; Off         ; --                        ; User                 ; no        ;
; KEY[1]       ; AH16  ; 4A       ; 64           ; 0            ; 51           ; 1                     ; 0                  ; no     ; no             ; no              ; no       ; Off          ; 3.3-V LVTTL  ; Off         ; --                        ; User                 ; no        ;
; SD_SPI_MISO  ; AH8   ; 4A       ; 52           ; 0            ; 51           ; 0                     ; 0                  ; no     ; no             ; no              ; no       ; On           ; 3.3-V LVTTL  ; Off         ; --                        ; User                 ; no        ;
; SW[0]        ; Y24   ; 5B       ; 89           ; 25           ; 3            ; 3                     ; 0                  ; no     ; no             ; no              ; no       ; Off          ; 3.3-V LVTTL  ; Off         ; --                        ; User                 ; no        ;
; SW[1]        ; W24   ; 5B       ; 89           ; 25           ; 20           ; 3                     ; 0                  ; no     ; no             ; no              ; no       ; Off          ; 3.3-V LVTTL  ; Off         ; --                        ; User                 ; no        ;
; SW[2]        ; W21   ; 5B       ; 89           ; 23           ; 3            ; 4                     ; 0                  ; no     ; no             ; no              ; no       ; Off          ; 3.3-V LVTTL  ; Off         ; --                        ; User                 ; no        ;
; SW[3]        ; W20   ; 5B       ; 89           ; 23           ; 20           ; 9                     ; 0                  ; no     ; no             ; no              ; no       ; Off          ; 3.3-V LVTTL  ; Off         ; --                        ; User                 ; no        ;
; VGA_EN       ; AH27  ; 4A       ; 86           ; 0            ; 51           ; 7                     ; 0                  ; no     ; no             ; no              ; no       ; On           ; 3.3-V LVTTL  ; Off         ; --                        ; User                 ; no        ;
+--------------+-------+----------+--------------+--------------+--------------+-----------------------+--------------------+--------+----------------+-----------------+----------+--------------+--------------+-------------+---------------------------+----------------------+-----------+


+------------------------------------------------------------------------------------------------------------------------------------------------------------------------------------------------------------------------------------------------------------------------------------------------------------------------------------------------------------------------------------------------------------------------------------------------------------------------------+
; Output Pins                                                                                                                                                                                                                                                                                                                                                                                                                                                                  ;
+---------------+-------+----------+--------------+--------------+--------------+-----------------+------------------------+-----------+-----------------+------------+---------------+----------+--------------+--------------+------------------+-------------+---------------------------+----------------------------+-----------------------------+---------------------+-----------------------------+----------------------+----------------------+---------------------+
; Name          ; Pin # ; I/O Bank ; X coordinate ; Y coordinate ; Z coordinate ; Output Register ; Output Enable Register ; Slew Rate ; PCI I/O Enabled ; Open Drain ; TRI Primitive ; Bus Hold ; Weak Pull Up ; I/O Standard ; Current Strength ; Termination ; Termination Control Block ; Output Buffer Pre-emphasis ; Voltage Output Differential ; Output Buffer Delay ; Output Buffer Delay Control ; Location assigned by ; Output Enable Source ; Output Enable Group ;
+---------------+-------+----------+--------------+--------------+--------------+-----------------+------------------------+-----------+-----------------+------------+---------------+----------+--------------+--------------+------------------+-------------+---------------------------+----------------------------+-----------------------------+---------------------+-----------------------------+----------------------+----------------------+---------------------+
; ADC_CONVST    ; U9    ; 3A       ; 4            ; 0            ; 0            ; no              ; no                     ; 1         ; no              ; yes        ; no            ; no       ; Off          ; 3.3-V LVTTL  ; 16mA             ; Off         ; --                        ; no                         ; no                          ; 0                   ; Off                         ; User                 ; -                    ; -                   ;
; ADC_SCK       ; V10   ; 3A       ; 6            ; 0            ; 17           ; no              ; no                     ; 1         ; no              ; yes        ; no            ; no       ; Off          ; 3.3-V LVTTL  ; 16mA             ; Off         ; --                        ; no                         ; no                          ; 0                   ; Off                         ; User                 ; -                    ; -                   ;
; ADC_SDI       ; AC4   ; 3A       ; 6            ; 0            ; 34           ; no              ; no                     ; 1         ; no              ; yes        ; no            ; no       ; Off          ; 3.3-V LVTTL  ; 16mA             ; Off         ; --                        ; no                         ; no                          ; 0                   ; Off                         ; User                 ; -                    ; -                   ;
; AUDIO_L       ; AC24  ; 5A       ; 89           ; 8            ; 37           ; no              ; no                     ; 1         ; no              ; no         ; yes           ; no       ; Off          ; 3.3-V LVTTL  ; 8mA              ; Off         ; --                        ; no                         ; no                          ; 0                   ; Off                         ; User                 ; -                    ; -                   ;
; AUDIO_R       ; AE25  ; 5A       ; 89           ; 6            ; 37           ; no              ; no                     ; 1         ; no              ; no         ; yes           ; no       ; Off          ; 3.3-V LVTTL  ; 8mA              ; Off         ; --                        ; no                         ; no                          ; 0                   ; Off                         ; User                 ; -                    ; -                   ;
; AUDIO_SPDIF   ; AG26  ; 4A       ; 82           ; 0            ; 74           ; no              ; no                     ; 1         ; no              ; no         ; yes           ; no       ; Off          ; 3.3-V LVTTL  ; 8mA              ; Off         ; --                        ; no                         ; no                          ; 0                   ; Off                         ; User                 ; -                    ; -                   ;
; HDMI_I2C_SCL  ; U10   ; 3A       ; 6            ; 0            ; 0            ; no              ; no                     ; 1         ; no              ; yes        ; no            ; no       ; Off          ; 3.3-V LVTTL  ; 16mA             ; Off         ; --                        ; no                         ; no                          ; 0                   ; Off                         ; User                 ; -                    ; -                   ;
; HDMI_I2S      ; T13   ; 3B       ; 36           ; 0            ; 0            ; no              ; no                     ; 1         ; no              ; no         ; no            ; no       ; Off          ; 3.3-V LVTTL  ; 16mA             ; Off         ; --                        ; no                         ; no                          ; 0                   ; Off                         ; User                 ; -                    ; -                   ;
; HDMI_LRCLK    ; T11   ; 3B       ; 28           ; 0            ; 0            ; no              ; no                     ; 1         ; no              ; no         ; no            ; no       ; Off          ; 3.3-V LVTTL  ; 16mA             ; Off         ; --                        ; no                         ; no                          ; 0                   ; Off                         ; User                 ; -                    ; -                   ;
; HDMI_MCLK     ; U11   ; 3B       ; 28           ; 0            ; 17           ; no              ; no                     ; 1         ; no              ; no         ; no            ; no       ; Off          ; 3.3-V LVTTL  ; 16mA             ; Off         ; --                        ; no                         ; no                          ; 0                   ; Off                         ; User                 ; -                    ; -                   ;
; HDMI_SCLK     ; T12   ; 3B       ; 36           ; 0            ; 17           ; no              ; no                     ; 1         ; no              ; no         ; no            ; no       ; Off          ; 3.3-V LVTTL  ; 16mA             ; Off         ; --                        ; no                         ; no                          ; 0                   ; Off                         ; User                 ; -                    ; -                   ;
; HDMI_TX_CLK   ; AG5   ; 3B       ; 38           ; 0            ; 34           ; yes             ; no                     ; 1         ; no              ; no         ; no            ; no       ; Off          ; 3.3-V LVTTL  ; 16mA             ; Off         ; --                        ; no                         ; no                          ; 0                   ; Off                         ; User                 ; -                    ; -                   ;
; HDMI_TX_DE    ; AD19  ; 4A       ; 66           ; 0            ; 57           ; yes             ; no                     ; 1         ; no              ; no         ; no            ; no       ; Off          ; 3.3-V LVTTL  ; 16mA             ; Off         ; --                        ; no                         ; no                          ; 0                   ; Off                         ; User                 ; -                    ; -                   ;
; HDMI_TX_D[0]  ; AD12  ; 3B       ; 38           ; 0            ; 17           ; no              ; no                     ; 1         ; no              ; no         ; no            ; no       ; Off          ; 3.3-V LVTTL  ; 16mA             ; Off         ; --                        ; no                         ; no                          ; 0                   ; Off                         ; User                 ; -                    ; -                   ;
; HDMI_TX_D[10] ; AE9   ; 3B       ; 26           ; 0            ; 57           ; no              ; no                     ; 1         ; no              ; no         ; no            ; no       ; Off          ; 3.3-V LVTTL  ; 16mA             ; Off         ; --                        ; no                         ; no                          ; 0                   ; Off                         ; User                 ; -                    ; -                   ;
; HDMI_TX_D[11] ; AB4   ; 3A       ; 4            ; 0            ; 51           ; no              ; no                     ; 1         ; no              ; no         ; no            ; no       ; Off          ; 3.3-V LVTTL  ; 16mA             ; Off         ; --                        ; no                         ; no                          ; 0                   ; Off                         ; User                 ; -                    ; -                   ;
; HDMI_TX_D[12] ; AE7   ; 3B       ; 28           ; 0            ; 34           ; no              ; no                     ; 1         ; no              ; no         ; no            ; no       ; Off          ; 3.3-V LVTTL  ; 16mA             ; Off         ; --                        ; no                         ; no                          ; 0                   ; Off                         ; User                 ; -                    ; -                   ;
; HDMI_TX_D[13] ; AF6   ; 3B       ; 32           ; 0            ; 51           ; no              ; no                     ; 1         ; no              ; no         ; no            ; no       ; Off          ; 3.3-V LVTTL  ; 16mA             ; Off         ; --                        ; no                         ; no                          ; 0                   ; Off                         ; User                 ; -                    ; -                   ;
; HDMI_TX_D[14] ; AF8   ; 3B       ; 28           ; 0            ; 51           ; no              ; no                     ; 1         ; no              ; no         ; no            ; no       ; Off          ; 3.3-V LVTTL  ; 16mA             ; Off         ; --                        ; no                         ; no                          ; 0                   ; Off                         ; User                 ; -                    ; -                   ;
; HDMI_TX_D[15] ; AF5   ; 3B       ; 32           ; 0            ; 34           ; no              ; no                     ; 1         ; no              ; no         ; no            ; no       ; Off          ; 3.3-V LVTTL  ; 16mA             ; Off         ; --                        ; no                         ; no                          ; 0                   ; Off                         ; User                 ; -                    ; -                   ;
; HDMI_TX_D[16] ; AE4   ; 3B       ; 26           ; 0            ; 74           ; no              ; no                     ; 1         ; no              ; no         ; no            ; no       ; Off          ; 3.3-V LVTTL  ; 16mA             ; Off         ; --                        ; no                         ; no                          ; 0                   ; Off                         ; User                 ; -                    ; -                   ;
; HDMI_TX_D[17] ; AH2   ; 3B       ; 36           ; 0            ; 51           ; no              ; no                     ; 1         ; no              ; no         ; no            ; no       ; Off          ; 3.3-V LVTTL  ; 16mA             ; Off         ; --                        ; no                         ; no                          ; 0                   ; Off                         ; User                 ; -                    ; -                   ;
; HDMI_TX_D[18] ; AH4   ; 3B       ; 38           ; 0            ; 51           ; no              ; no                     ; 1         ; no              ; no         ; no            ; no       ; Off          ; 3.3-V LVTTL  ; 16mA             ; Off         ; --                        ; no                         ; no                          ; 0                   ; Off                         ; User                 ; -                    ; -                   ;
; HDMI_TX_D[19] ; AH5   ; 3B       ; 40           ; 0            ; 51           ; no              ; no                     ; 1         ; no              ; no         ; no            ; no       ; Off          ; 3.3-V LVTTL  ; 16mA             ; Off         ; --                        ; no                         ; no                          ; 0                   ; Off                         ; User                 ; -                    ; -                   ;
; HDMI_TX_D[1]  ; AE12  ; 3B       ; 38           ; 0            ; 0            ; no              ; no                     ; 1         ; no              ; no         ; no            ; no       ; Off          ; 3.3-V LVTTL  ; 16mA             ; Off         ; --                        ; no                         ; no                          ; 0                   ; Off                         ; User                 ; -                    ; -                   ;
; HDMI_TX_D[20] ; AH6   ; 3B       ; 40           ; 0            ; 34           ; no              ; no                     ; 1         ; no              ; no         ; no            ; no       ; Off          ; 3.3-V LVTTL  ; 16mA             ; Off         ; --                        ; no                         ; no                          ; 0                   ; Off                         ; User                 ; -                    ; -                   ;
; HDMI_TX_D[21] ; AG6   ; 3B       ; 34           ; 0            ; 91           ; no              ; no                     ; 1         ; no              ; no         ; no            ; no       ; Off          ; 3.3-V LVTTL  ; 16mA             ; Off         ; --                        ; no                         ; no                          ; 0                   ; Off                         ; User                 ; -                    ; -                   ;
; HDMI_TX_D[22] ; AF9   ; 3B       ; 30           ; 0            ; 51           ; no              ; no                     ; 1         ; no              ; no         ; no            ; no       ; Off          ; 3.3-V LVTTL  ; 16mA             ; Off         ; --                        ; no                         ; no                          ; 0                   ; Off                         ; User                 ; -                    ; -                   ;
; HDMI_TX_D[23] ; AE8   ; 3B       ; 30           ; 0            ; 34           ; no              ; no                     ; 1         ; no              ; no         ; no            ; no       ; Off          ; 3.3-V LVTTL  ; 16mA             ; Off         ; --                        ; no                         ; no                          ; 0                   ; Off                         ; User                 ; -                    ; -                   ;
; HDMI_TX_D[2]  ; W8    ; 3A       ; 2            ; 0            ; 40           ; no              ; no                     ; 1         ; no              ; no         ; no            ; no       ; Off          ; 3.3-V LVTTL  ; 16mA             ; Off         ; --                        ; no                         ; no                          ; 0                   ; Off                         ; User                 ; -                    ; -                   ;
; HDMI_TX_D[3]  ; Y8    ; 3A       ; 2            ; 0            ; 57           ; no              ; no                     ; 1         ; no              ; no         ; no            ; no       ; Off          ; 3.3-V LVTTL  ; 16mA             ; Off         ; --                        ; no                         ; no                          ; 0                   ; Off                         ; User                 ; -                    ; -                   ;
; HDMI_TX_D[4]  ; AD11  ; 3B       ; 30           ; 0            ; 0            ; no              ; no                     ; 1         ; no              ; no         ; no            ; no       ; Off          ; 3.3-V LVTTL  ; 16mA             ; Off         ; --                        ; no                         ; no                          ; 0                   ; Off                         ; User                 ; -                    ; -                   ;
; HDMI_TX_D[5]  ; AD10  ; 3B       ; 26           ; 0            ; 40           ; no              ; no                     ; 1         ; no              ; no         ; no            ; no       ; Off          ; 3.3-V LVTTL  ; 16mA             ; Off         ; --                        ; no                         ; no                          ; 0                   ; Off                         ; User                 ; -                    ; -                   ;
; HDMI_TX_D[6]  ; AE11  ; 3B       ; 30           ; 0            ; 17           ; no              ; no                     ; 1         ; no              ; no         ; no            ; no       ; Off          ; 3.3-V LVTTL  ; 16mA             ; Off         ; --                        ; no                         ; no                          ; 0                   ; Off                         ; User                 ; -                    ; -                   ;
; HDMI_TX_D[7]  ; Y5    ; 3A       ; 2            ; 0            ; 74           ; no              ; no                     ; 1         ; no              ; no         ; no            ; no       ; Off          ; 3.3-V LVTTL  ; 16mA             ; Off         ; --                        ; no                         ; no                          ; 0                   ; Off                         ; User                 ; -                    ; -                   ;
; HDMI_TX_D[8]  ; AF10  ; 3B       ; 34           ; 0            ; 57           ; no              ; no                     ; 1         ; no              ; no         ; no            ; no       ; Off          ; 3.3-V LVTTL  ; 16mA             ; Off         ; --                        ; no                         ; no                          ; 0                   ; Off                         ; User                 ; -                    ; -                   ;
; HDMI_TX_D[9]  ; Y4    ; 3A       ; 2            ; 0            ; 91           ; no              ; no                     ; 1         ; no              ; no         ; no            ; no       ; Off          ; 3.3-V LVTTL  ; 16mA             ; Off         ; --                        ; no                         ; no                          ; 0                   ; Off                         ; User                 ; -                    ; -                   ;
; HDMI_TX_HS    ; T8    ; 3A       ; 4            ; 0            ; 17           ; yes             ; no                     ; 1         ; no              ; no         ; no            ; no       ; Off          ; 3.3-V LVTTL  ; 16mA             ; Off         ; --                        ; no                         ; no                          ; 0                   ; Off                         ; User                 ; -                    ; -                   ;
; HDMI_TX_VS    ; V13   ; 4A       ; 60           ; 0            ; 17           ; yes             ; no                     ; 1         ; no              ; no         ; no            ; no       ; Off          ; 3.3-V LVTTL  ; 16mA             ; Off         ; --                        ; no                         ; no                          ; 0                   ; Off                         ; User                 ; -                    ; -                   ;
; IO_SCL        ; U14   ; 4A       ; 52           ; 0            ; 0            ; no              ; no                     ; 1         ; no              ; yes        ; no            ; no       ; On           ; 3.3-V LVTTL  ; 16mA             ; Off         ; --                        ; no                         ; no                          ; 0                   ; Off                         ; User                 ; -                    ; -                   ;
; LED[0]        ; W15   ; 5A       ; 89           ; 8            ; 20           ; no              ; no                     ; 1         ; no              ; no         ; no            ; no       ; Off          ; 3.3-V LVTTL  ; 16mA             ; Off         ; --                        ; no                         ; no                          ; 0                   ; Off                         ; User                 ; -                    ; -                   ;
; LED[1]        ; AA24  ; 5A       ; 89           ; 9            ; 37           ; no              ; no                     ; 1         ; no              ; no         ; no            ; no       ; Off          ; 3.3-V LVTTL  ; 16mA             ; Off         ; --                        ; no                         ; no                          ; 0                   ; Off                         ; User                 ; -                    ; -                   ;
; LED[2]        ; V16   ; 5A       ; 89           ; 9            ; 3            ; no              ; no                     ; 1         ; no              ; no         ; no            ; no       ; Off          ; 3.3-V LVTTL  ; 16mA             ; Off         ; --                        ; no                         ; no                          ; 0                   ; Off                         ; User                 ; -                    ; -                   ;
; LED[3]        ; V15   ; 5A       ; 89           ; 9            ; 20           ; no              ; no                     ; 1         ; no              ; no         ; no            ; no       ; Off          ; 3.3-V LVTTL  ; 16mA             ; Off         ; --                        ; no                         ; no                          ; 0                   ; Off                         ; User                 ; -                    ; -                   ;
; LED[4]        ; AF26  ; 5A       ; 89           ; 4            ; 77           ; no              ; no                     ; 1         ; no              ; no         ; no            ; no       ; Off          ; 3.3-V LVTTL  ; 16mA             ; Off         ; --                        ; no                         ; no                          ; 0                   ; Off                         ; User                 ; -                    ; -                   ;
; LED[5]        ; AE26  ; 5A       ; 89           ; 4            ; 94           ; no              ; no                     ; 1         ; no              ; no         ; no            ; no       ; Off          ; 3.3-V LVTTL  ; 16mA             ; Off         ; --                        ; no                         ; no                          ; 0                   ; Off                         ; User                 ; -                    ; -                   ;
; LED[6]        ; Y16   ; 5A       ; 89           ; 8            ; 3            ; no              ; no                     ; 1         ; no              ; no         ; no            ; no       ; Off          ; 3.3-V LVTTL  ; 16mA             ; Off         ; --                        ; no                         ; no                          ; 0                   ; Off                         ; User                 ; -                    ; -                   ;
; LED[7]        ; AA23  ; 5A       ; 89           ; 9            ; 54           ; no              ; no                     ; 1         ; no              ; no         ; no            ; no       ; Off          ; 3.3-V LVTTL  ; 16mA             ; Off         ; --                        ; no                         ; no                          ; 0                   ; Off                         ; User                 ; -                    ; -                   ;
; LED_HDD       ; AA15  ; 4A       ; 64           ; 0            ; 17           ; no              ; no                     ; 1         ; no              ; no         ; yes           ; no       ; Off          ; 3.3-V LVTTL  ; 16mA             ; Off         ; --                        ; no                         ; no                          ; 0                   ; Off                         ; User                 ; -                    ; -                   ;
; LED_POWER     ; AG28  ; 4A       ; 86           ; 0            ; 34           ; no              ; no                     ; 1         ; no              ; no         ; yes           ; no       ; Off          ; 3.3-V LVTTL  ; 16mA             ; Off         ; --                        ; no                         ; no                          ; 0                   ; Off                         ; User                 ; -                    ; -                   ;
; LED_USER      ; Y15   ; 4A       ; 64           ; 0            ; 0            ; yes             ; no                     ; 1         ; no              ; no         ; yes           ; no       ; Off          ; 3.3-V LVTTL  ; 16mA             ; Off         ; --                        ; no                         ; no                          ; 0                   ; Off                         ; User                 ; -                    ; -                   ;
; SDIO_CLK      ; AH26  ; 4A       ; 84           ; 0            ; 51           ; no              ; no                     ; 1         ; no              ; no         ; yes           ; no       ; Off          ; 3.3-V LVTTL  ; 16mA             ; Off         ; --                        ; no                         ; no                          ; 0                   ; Off                         ; User                 ; -                    ; -                   ;
; SDRAM_A[0]    ; Y11   ; 3A       ; 8            ; 0            ; 0            ; no              ; no                     ; 1         ; no              ; yes        ; no            ; no       ; Off          ; 3.3-V LVTTL  ; 16mA             ; Off         ; --                        ; no                         ; no                          ; 0                   ; Off                         ; User                 ; -                    ; -                   ;
; SDRAM_A[10]   ; AB26  ; 5B       ; 89           ; 23           ; 37           ; no              ; no                     ; 1         ; no              ; yes        ; no            ; no       ; Off          ; 3.3-V LVTTL  ; 16mA             ; Off         ; --                        ; no                         ; no                          ; 0                   ; Off                         ; User                 ; -                    ; -                   ;
; SDRAM_A[11]   ; AD17  ; 4A       ; 62           ; 0            ; 0            ; no              ; no                     ; 1         ; no              ; yes        ; no            ; no       ; Off          ; 3.3-V LVTTL  ; 16mA             ; Off         ; --                        ; no                         ; no                          ; 0                   ; Off                         ; User                 ; -                    ; -                   ;
; SDRAM_A[12]   ; D12   ; 8A       ; 40           ; 81           ; 0            ; no              ; no                     ; 1         ; no              ; yes        ; no            ; no       ; Off          ; 3.3-V LVTTL  ; 16mA             ; Off         ; --                        ; no                         ; no                          ; 0                   ; Off                         ; User                 ; -                    ; -                   ;
; SDRAM_A[1]    ; AA26  ; 5B       ; 89           ; 23           ; 54           ; no              ; no                     ; 1         ; no              ; yes        ; no            ; no       ; Off          ; 3.3-V LVTTL  ; 16mA             ; Off         ; --                        ; no                         ; no                          ; 0                   ; Off                         ; User                 ; -                    ; -                   ;
; SDRAM_A[2]    ; AA13  ; 4A       ; 56           ; 0            ; 17           ; no              ; no                     ; 1         ; no              ; yes        ; no            ; no       ; Off          ; 3.3-V LVTTL  ; 16mA             ; Off         ; --                        ; no                         ; no                          ; 0                   ; Off                         ; User                 ; -                    ; -                   ;
; SDRAM_A[3]    ; AA11  ; 3A       ; 8            ; 0            ; 17           ; no              ; no                     ; 1         ; no              ; yes        ; no            ; no       ; Off          ; 3.3-V LVTTL  ; 16mA             ; Off         ; --                        ; no                         ; no                          ; 0                   ; Off                         ; User                 ; -                    ; -                   ;
; SDRAM_A[4]    ; W11   ; 3B       ; 32           ; 0            ; 17           ; no              ; no                     ; 1         ; no              ; yes        ; no            ; no       ; Off          ; 3.3-V LVTTL  ; 16mA             ; Off         ; --                        ; no                         ; no                          ; 0                   ; Off                         ; User                 ; -                    ; -                   ;
; SDRAM_A[5]    ; Y19   ; 5A       ; 89           ; 4            ; 60           ; no              ; no                     ; 1         ; no              ; yes        ; no            ; no       ; Off          ; 3.3-V LVTTL  ; 16mA             ; Off         ; --                        ; no                         ; no                          ; 0                   ; Off                         ; User                 ; -                    ; -                   ;
; SDRAM_A[6]    ; AB23  ; 5A       ; 89           ; 8            ; 54           ; no              ; no                     ; 1         ; no              ; yes        ; no            ; no       ; Off          ; 3.3-V LVTTL  ; 16mA             ; Off         ; --                        ; no                         ; no                          ; 0                   ; Off                         ; User                 ; -                    ; -                   ;
; SDRAM_A[7]    ; AC23  ; 4A       ; 84           ; 0            ; 17           ; no              ; no                     ; 1         ; no              ; yes        ; no            ; no       ; Off          ; 3.3-V LVTTL  ; 16mA             ; Off         ; --                        ; no                         ; no                          ; 0                   ; Off                         ; User                 ; -                    ; -                   ;
; SDRAM_A[8]    ; AC22  ; 4A       ; 84           ; 0            ; 0            ; no              ; no                     ; 1         ; no              ; yes        ; no            ; no       ; Off          ; 3.3-V LVTTL  ; 16mA             ; Off         ; --                        ; no                         ; no                          ; 0                   ; Off                         ; User                 ; -                    ; -                   ;
; SDRAM_A[9]    ; C12   ; 8A       ; 40           ; 81           ; 17           ; no              ; no                     ; 1         ; no              ; yes        ; no            ; no       ; Off          ; 3.3-V LVTTL  ; 16mA             ; Off         ; --                        ; no                         ; no                          ; 0                   ; Off                         ; User                 ; -                    ; -                   ;
; SDRAM_BA[0]   ; Y17   ; 5A       ; 89           ; 6            ; 3            ; no              ; no                     ; 1         ; no              ; yes        ; no            ; no       ; Off          ; 3.3-V LVTTL  ; 16mA             ; Off         ; --                        ; no                         ; no                          ; 0                   ; Off                         ; User                 ; -                    ; -                   ;
; SDRAM_BA[1]   ; AB25  ; 5B       ; 89           ; 25           ; 54           ; no              ; no                     ; 1         ; no              ; yes        ; no            ; no       ; Off          ; 3.3-V LVTTL  ; 16mA             ; Off         ; --                        ; no                         ; no                          ; 0                   ; Off                         ; User                 ; -                    ; -                   ;
; SDRAM_CKE     ; AG10  ; 4A       ; 54           ; 0            ; 34           ; no              ; no                     ; 1         ; no              ; yes        ; no            ; no       ; Off          ; 3.3-V LVTTL  ; 16mA             ; Off         ; --                        ; no                         ; no                          ; 0                   ; Off                         ; User                 ; -                    ; -                   ;
; SDRAM_CLK     ; AD20  ; 4A       ; 70           ; 0            ; 17           ; no              ; no                     ; 1         ; no              ; yes        ; no            ; no       ; Off          ; 3.3-V LVTTL  ; 16mA             ; Off         ; --                        ; no                         ; no                          ; 0                   ; Off                         ; User                 ; -                    ; -                   ;
; SDRAM_DQMH    ; AF13  ; 4A       ; 50           ; 0            ; 57           ; no              ; no                     ; 1         ; no              ; yes        ; no            ; no       ; Off          ; 3.3-V LVTTL  ; 16mA             ; Off         ; --                        ; no                         ; no                          ; 0                   ; Off                         ; User                 ; -                    ; -                   ;
; SDRAM_DQML    ; AG13  ; 4A       ; 50           ; 0            ; 40           ; no              ; no                     ; 1         ; no              ; yes        ; no            ; no       ; Off          ; 3.3-V LVTTL  ; 16mA             ; Off         ; --                        ; no                         ; no                          ; 0                   ; Off                         ; User                 ; -                    ; -                   ;
; SDRAM_nCAS    ; AA18  ; 4A       ; 68           ; 0            ; 17           ; no              ; no                     ; 1         ; no              ; yes        ; no            ; no       ; Off          ; 3.3-V LVTTL  ; 16mA             ; Off         ; --                        ; no                         ; no                          ; 0                   ; Off                         ; User                 ; -                    ; -                   ;
; SDRAM_nCS     ; Y18   ; 5A       ; 89           ; 6            ; 20           ; no              ; no                     ; 1         ; no              ; yes        ; no            ; no       ; Off          ; 3.3-V LVTTL  ; 16mA             ; Off         ; --                        ; no                         ; no                          ; 0                   ; Off                         ; User                 ; -                    ; -                   ;
; SDRAM_nRAS    ; W14   ; 4A       ; 60           ; 0            ; 0            ; no              ; no                     ; 1         ; no              ; yes        ; no            ; no       ; Off          ; 3.3-V LVTTL  ; 16mA             ; Off         ; --                        ; no                         ; no                          ; 0                   ; Off                         ; User                 ; -                    ; -                   ;
; SDRAM_nWE     ; AA19  ; 4A       ; 68           ; 0            ; 0            ; no              ; no                     ; 1         ; no              ; yes        ; no            ; no       ; Off          ; 3.3-V LVTTL  ; 16mA             ; Off         ; --                        ; no                         ; no                          ; 0                   ; Off                         ; User                 ; -                    ; -                   ;
; SD_SPI_CLK    ; AG8   ; 4A       ; 50           ; 0            ; 74           ; no              ; no                     ; 1         ; no              ; yes        ; no            ; no       ; On           ; 3.3-V LVTTL  ; 16mA             ; Off         ; --                        ; no                         ; no                          ; 0                   ; Off                         ; User                 ; -                    ; -                   ;
; SD_SPI_CS     ; AE15  ; 4A       ; 54           ; 0            ; 17           ; no              ; no                     ; 1         ; no              ; no         ; yes           ; no       ; On           ; 3.3-V LVTTL  ; 16mA             ; Off         ; --                        ; no                         ; no                          ; 0                   ; Off                         ; User                 ; -                    ; -                   ;
; SD_SPI_MOSI   ; U13   ; 4A       ; 52           ; 0            ; 17           ; no              ; no                     ; 1         ; no              ; yes        ; no            ; no       ; On           ; 3.3-V LVTTL  ; 16mA             ; Off         ; --                        ; no                         ; no                          ; 0                   ; Off                         ; User                 ; -                    ; -                   ;
; VGA_B[0]      ; AG21  ; 4A       ; 74           ; 0            ; 74           ; no              ; no                     ; 1         ; no              ; no         ; yes           ; no       ; Off          ; 3.3-V LVTTL  ; 8mA              ; Off         ; --                        ; no                         ; no                          ; 0                   ; Off                         ; User                 ; -                    ; -                   ;
; VGA_B[1]      ; AA20  ; 5A       ; 89           ; 4            ; 43           ; no              ; no                     ; 1         ; no              ; no         ; yes           ; no       ; Off          ; 3.3-V LVTTL  ; 8mA              ; Off         ; --                        ; no                         ; no                          ; 0                   ; Off                         ; User                 ; -                    ; -                   ;
; VGA_B[2]      ; AE22  ; 4A       ; 76           ; 0            ; 17           ; no              ; no                     ; 1         ; no              ; no         ; yes           ; no       ; Off          ; 3.3-V LVTTL  ; 8mA              ; Off         ; --                        ; no                         ; no                          ; 0                   ; Off                         ; User                 ; -                    ; -                   ;
; VGA_B[3]      ; AF22  ; 4A       ; 74           ; 0            ; 40           ; no              ; no                     ; 1         ; no              ; no         ; yes           ; no       ; Off          ; 3.3-V LVTTL  ; 8mA              ; Off         ; --                        ; no                         ; no                          ; 0                   ; Off                         ; User                 ; -                    ; -                   ;
; VGA_B[4]      ; AH23  ; 4A       ; 78           ; 0            ; 34           ; no              ; no                     ; 1         ; no              ; no         ; yes           ; no       ; Off          ; 3.3-V LVTTL  ; 8mA              ; Off         ; --                        ; no                         ; no                          ; 0                   ; Off                         ; User                 ; -                    ; -                   ;
; VGA_B[5]      ; AH21  ; 4A       ; 76           ; 0            ; 51           ; no              ; no                     ; 1         ; no              ; no         ; yes           ; no       ; Off          ; 3.3-V LVTTL  ; 8mA              ; Off         ; --                        ; no                         ; no                          ; 0                   ; Off                         ; User                 ; -                    ; -                   ;
; VGA_G[0]      ; AE19  ; 4A       ; 66           ; 0            ; 40           ; no              ; no                     ; 1         ; no              ; no         ; yes           ; no       ; Off          ; 3.3-V LVTTL  ; 8mA              ; Off         ; --                        ; no                         ; no                          ; 0                   ; Off                         ; User                 ; -                    ; -                   ;
; VGA_G[1]      ; AG15  ; 4A       ; 62           ; 0            ; 34           ; no              ; no                     ; 1         ; no              ; no         ; yes           ; no       ; Off          ; 3.3-V LVTTL  ; 8mA              ; Off         ; --                        ; no                         ; no                          ; 0                   ; Off                         ; User                 ; -                    ; -                   ;
; VGA_G[2]      ; AF18  ; 4A       ; 66           ; 0            ; 74           ; no              ; no                     ; 1         ; no              ; no         ; yes           ; no       ; Off          ; 3.3-V LVTTL  ; 8mA              ; Off         ; --                        ; no                         ; no                          ; 0                   ; Off                         ; User                 ; -                    ; -                   ;
; VGA_G[3]      ; AG18  ; 4A       ; 68           ; 0            ; 34           ; no              ; no                     ; 1         ; no              ; no         ; yes           ; no       ; Off          ; 3.3-V LVTTL  ; 8mA              ; Off         ; --                        ; no                         ; no                          ; 0                   ; Off                         ; User                 ; -                    ; -                   ;
; VGA_G[4]      ; AG19  ; 4A       ; 70           ; 0            ; 34           ; no              ; no                     ; 1         ; no              ; no         ; yes           ; no       ; Off          ; 3.3-V LVTTL  ; 8mA              ; Off         ; --                        ; no                         ; no                          ; 0                   ; Off                         ; User                 ; -                    ; -                   ;
; VGA_G[5]      ; AG20  ; 4A       ; 72           ; 0            ; 51           ; no              ; no                     ; 1         ; no              ; no         ; yes           ; no       ; Off          ; 3.3-V LVTTL  ; 8mA              ; Off         ; --                        ; no                         ; no                          ; 0                   ; Off                         ; User                 ; -                    ; -                   ;
; VGA_R[0]      ; AE17  ; 4A       ; 62           ; 0            ; 17           ; no              ; no                     ; 1         ; no              ; no         ; yes           ; no       ; Off          ; 3.3-V LVTTL  ; 8mA              ; Off         ; --                        ; no                         ; no                          ; 0                   ; Off                         ; User                 ; -                    ; -                   ;
; VGA_R[1]      ; AE20  ; 4A       ; 70           ; 0            ; 0            ; no              ; no                     ; 1         ; no              ; no         ; yes           ; no       ; Off          ; 3.3-V LVTTL  ; 8mA              ; Off         ; --                        ; no                         ; no                          ; 0                   ; Off                         ; User                 ; -                    ; -                   ;
; VGA_R[2]      ; AF20  ; 4A       ; 72           ; 0            ; 34           ; no              ; no                     ; 1         ; no              ; no         ; yes           ; no       ; Off          ; 3.3-V LVTTL  ; 8mA              ; Off         ; --                        ; no                         ; no                          ; 0                   ; Off                         ; User                 ; -                    ; -                   ;
; VGA_R[3]      ; AH18  ; 4A       ; 68           ; 0            ; 51           ; no              ; no                     ; 1         ; no              ; no         ; yes           ; no       ; Off          ; 3.3-V LVTTL  ; 8mA              ; Off         ; --                        ; no                         ; no                          ; 0                   ; Off                         ; User                 ; -                    ; -                   ;
; VGA_R[4]      ; AH19  ; 4A       ; 70           ; 0            ; 51           ; no              ; no                     ; 1         ; no              ; no         ; yes           ; no       ; Off          ; 3.3-V LVTTL  ; 8mA              ; Off         ; --                        ; no                         ; no                          ; 0                   ; Off                         ; User                 ; -                    ; -                   ;
; VGA_R[5]      ; AF21  ; 4A       ; 74           ; 0            ; 57           ; no              ; no                     ; 1         ; no              ; no         ; yes           ; no       ; Off          ; 3.3-V LVTTL  ; 8mA              ; Off         ; --                        ; no                         ; no                          ; 0                   ; Off                         ; User                 ; -                    ; -                   ;
; VGA_VS        ; AG24  ; 4A       ; 80           ; 0            ; 34           ; no              ; no                     ; 1         ; no              ; no         ; yes           ; no       ; Off          ; 3.3-V LVTTL  ; 8mA              ; Off         ; --                        ; no                         ; no                          ; 0                   ; Off                         ; User                 ; -                    ; -                   ;
+---------------+-------+----------+--------------+--------------+--------------+-----------------+------------------------+-----------+-----------------+------------+---------------+----------+--------------+--------------+------------------+-------------+---------------------------+----------------------------+-----------------------------+---------------------+-----------------------------+----------------------+----------------------+---------------------+


+----------------------------------------------------------------------------------------------------------------------------------------------------------------------------------------------------------------------------------------------------------------------------------------------------------------------------------------------------------------------------------------------------------------------------------------------------------------------------------------------------------------------------------------------+
; Bidir Pins                                                                                                                                                                                                                                                                                                                                                                                                                                                                                                                                   ;
+--------------+-------+----------+--------------+--------------+--------------+-----------------------+--------------------+--------+----------------+-----------------+------------------------+-----------+-----------------+------------+----------+--------------+--------------+------------------+-------------------+--------------------+---------------------------+----------------------------+---------------------+-----------------------------+----------------------+----------------------+----------------------------------+
; Name         ; Pin # ; I/O Bank ; X coordinate ; Y coordinate ; Z coordinate ; Combinational Fan-Out ; Registered Fan-Out ; Global ; Input Register ; Output Register ; Output Enable Register ; Slew Rate ; PCI I/O Enabled ; Open Drain ; Bus Hold ; Weak Pull Up ; I/O Standard ; Current Strength ; Input Termination ; Output Termination ; Termination Control Block ; Output Buffer Pre-emphasis ; Output Buffer Delay ; Output Buffer Delay Control ; Location assigned by ; Output Enable Source ; Output Enable Group              ;
+--------------+-------+----------+--------------+--------------+--------------+-----------------------+--------------------+--------+----------------+-----------------+------------------------+-----------+-----------------+------------+----------+--------------+--------------+------------------+-------------------+--------------------+---------------------------+----------------------------+---------------------+-----------------------------+----------------------+----------------------+----------------------------------+
; HDMI_I2C_SDA ; AA4   ; 3A       ; 4            ; 0            ; 34           ; 1                     ; 0                  ; no     ; no             ; no              ; no                     ; 1         ; no              ; yes        ; no       ; Off          ; 3.3-V LVTTL  ; 16mA             ; Off               ; Off                ; --                        ; no                         ; 0                   ; Off                         ; User                 ; 0 pF                 ; hdmi_sda_en                      ;
; IO_SDA       ; AG9   ; 4A       ; 52           ; 0            ; 34           ; 6                     ; 0                  ; no     ; no             ; no              ; no                     ; 1         ; no              ; yes        ; no       ; On           ; 3.3-V LVTTL  ; 16mA             ; Off               ; Off                ; --                        ; no                         ; 0                   ; Off                         ; User                 ; 0 pF                 ; mcp23009:mcp23009|i2c:i2c|SDO[3] ;
; SDCD_SPDIF   ; AH7   ; 4A       ; 50           ; 0            ; 91           ; 4                     ; 0                  ; no     ; no             ; no              ; no                     ; 1         ; no              ; yes        ; no       ; On           ; 3.3-V LVTTL  ; 16mA             ; Off               ; Off                ; --                        ; no                         ; 0                   ; Off                         ; User                 ; 0 pF                 ; SDCD_SPDIF~2 (inverted)          ;
; SDIO_CMD     ; AF27  ; 4A       ; 88           ; 0            ; 35           ; 0                     ; 0                  ; no     ; no             ; no              ; no                     ; 1         ; no              ; no         ; no       ; On           ; 3.3-V LVTTL  ; 16mA             ; Off               ; Off                ; --                        ; no                         ; 0                   ; Off                         ; User                 ; 0 pF                 ; av_dis (inverted)                ;
; SDIO_DAT[0]  ; AF25  ; 4A       ; 86           ; 0            ; 0            ; 0                     ; 0                  ; no     ; no             ; no              ; no                     ; 1         ; no              ; no         ; no       ; On           ; 3.3-V LVTTL  ; 16mA             ; Off               ; Off                ; --                        ; no                         ; 0                   ; Off                         ; User                 ; 0 pF                 ; SDIO_DAT[2]~8 (inverted)         ;
; SDIO_DAT[1]  ; AF23  ; 4A       ; 78           ; 0            ; 17           ; 0                     ; 0                  ; no     ; no             ; no              ; no                     ; 1         ; no              ; no         ; no       ; On           ; 3.3-V LVTTL  ; 16mA             ; Off               ; Off                ; --                        ; no                         ; 0                   ; Off                         ; User                 ; 0 pF                 ; SDIO_DAT[2]~8 (inverted)         ;
; SDIO_DAT[2]  ; AD26  ; 5A       ; 89           ; 6            ; 54           ; 0                     ; 0                  ; no     ; no             ; no              ; no                     ; 1         ; no              ; no         ; no       ; On           ; 3.3-V LVTTL  ; 16mA             ; Off               ; Off                ; --                        ; no                         ; 0                   ; Off                         ; User                 ; 0 pF                 ; SDIO_DAT[2]~8 (inverted)         ;
; SDIO_DAT[3]  ; AF28  ; 4A       ; 88           ; 0            ; 52           ; 0                     ; 0                  ; no     ; no             ; no              ; no                     ; 1         ; no              ; no         ; no       ; On           ; 3.3-V LVTTL  ; 16mA             ; Off               ; Off                ; --                        ; no                         ; 0                   ; Off                         ; User                 ; 0 pF                 ; av_dis (inverted)                ;
; SDRAM_DQ[0]  ; E8    ; 8A       ; 38           ; 81           ; 34           ; 0                     ; 0                  ; no     ; no             ; no              ; no                     ; 1         ; no              ; yes        ; no       ; Off          ; 3.3-V LVTTL  ; 16mA             ; Off               ; Off                ; --                        ; no                         ; 0                   ; Off                         ; User                 ; 0 pF                 ; -                                ;
; SDRAM_DQ[10] ; AE6   ; 3A       ; 8            ; 0            ; 51           ; 0                     ; 0                  ; no     ; no             ; no              ; no                     ; 1         ; no              ; yes        ; no       ; Off          ; 3.3-V LVTTL  ; 16mA             ; Off               ; Off                ; --                        ; no                         ; 0                   ; Off                         ; User                 ; 0 pF                 ; -                                ;
; SDRAM_DQ[11] ; AE23  ; 4A       ; 82           ; 0            ; 57           ; 0                     ; 0                  ; no     ; no             ; no              ; no                     ; 1         ; no              ; yes        ; no       ; Off          ; 3.3-V LVTTL  ; 16mA             ; Off               ; Off                ; --                        ; no                         ; 0                   ; Off                         ; User                 ; 0 pF                 ; -                                ;
; SDRAM_DQ[12] ; AG14  ; 4A       ; 60           ; 0            ; 34           ; 0                     ; 0                  ; no     ; no             ; no              ; no                     ; 1         ; no              ; yes        ; no       ; Off          ; 3.3-V LVTTL  ; 16mA             ; Off               ; Off                ; --                        ; no                         ; 0                   ; Off                         ; User                 ; 0 pF                 ; -                                ;
; SDRAM_DQ[13] ; AD5   ; 3A       ; 8            ; 0            ; 34           ; 0                     ; 0                  ; no     ; no             ; no              ; no                     ; 1         ; no              ; yes        ; no       ; Off          ; 3.3-V LVTTL  ; 16mA             ; Off               ; Off                ; --                        ; no                         ; 0                   ; Off                         ; User                 ; 0 pF                 ; -                                ;
; SDRAM_DQ[14] ; AF4   ; 3B       ; 26           ; 0            ; 91           ; 0                     ; 0                  ; no     ; no             ; no              ; no                     ; 1         ; no              ; yes        ; no       ; Off          ; 3.3-V LVTTL  ; 16mA             ; Off               ; Off                ; --                        ; no                         ; 0                   ; Off                         ; User                 ; 0 pF                 ; -                                ;
; SDRAM_DQ[15] ; AH3   ; 3B       ; 36           ; 0            ; 34           ; 0                     ; 0                  ; no     ; no             ; no              ; no                     ; 1         ; no              ; yes        ; no       ; Off          ; 3.3-V LVTTL  ; 16mA             ; Off               ; Off                ; --                        ; no                         ; 0                   ; Off                         ; User                 ; 0 pF                 ; -                                ;
; SDRAM_DQ[1]  ; V12   ; 3B       ; 40           ; 0            ; 0            ; 0                     ; 0                  ; no     ; no             ; no              ; no                     ; 1         ; no              ; yes        ; no       ; Off          ; 3.3-V LVTTL  ; 16mA             ; Off               ; Off                ; --                        ; no                         ; 0                   ; Off                         ; User                 ; 0 pF                 ; -                                ;
; SDRAM_DQ[2]  ; D11   ; 8A       ; 32           ; 81           ; 17           ; 0                     ; 0                  ; no     ; no             ; no              ; no                     ; 1         ; no              ; yes        ; no       ; Off          ; 3.3-V LVTTL  ; 16mA             ; Off               ; Off                ; --                        ; no                         ; 0                   ; Off                         ; User                 ; 0 pF                 ; -                                ;
; SDRAM_DQ[3]  ; W12   ; 3B       ; 40           ; 0            ; 17           ; 0                     ; 0                  ; no     ; no             ; no              ; no                     ; 1         ; no              ; yes        ; no       ; Off          ; 3.3-V LVTTL  ; 16mA             ; Off               ; Off                ; --                        ; no                         ; 0                   ; Off                         ; User                 ; 0 pF                 ; -                                ;
; SDRAM_DQ[4]  ; AH13  ; 4A       ; 60           ; 0            ; 51           ; 0                     ; 0                  ; no     ; no             ; no              ; no                     ; 1         ; no              ; yes        ; no       ; Off          ; 3.3-V LVTTL  ; 16mA             ; Off               ; Off                ; --                        ; no                         ; 0                   ; Off                         ; User                 ; 0 pF                 ; -                                ;
; SDRAM_DQ[5]  ; D8    ; 8A       ; 38           ; 81           ; 51           ; 0                     ; 0                  ; no     ; no             ; no              ; no                     ; 1         ; no              ; yes        ; no       ; Off          ; 3.3-V LVTTL  ; 16mA             ; Off               ; Off                ; --                        ; no                         ; 0                   ; Off                         ; User                 ; 0 pF                 ; -                                ;
; SDRAM_DQ[6]  ; AH14  ; 4A       ; 62           ; 0            ; 51           ; 0                     ; 0                  ; no     ; no             ; no              ; no                     ; 1         ; no              ; yes        ; no       ; Off          ; 3.3-V LVTTL  ; 16mA             ; Off               ; Off                ; --                        ; no                         ; 0                   ; Off                         ; User                 ; 0 pF                 ; -                                ;
; SDRAM_DQ[7]  ; AF7   ; 3B       ; 34           ; 0            ; 74           ; 0                     ; 0                  ; no     ; no             ; no              ; no                     ; 1         ; no              ; yes        ; no       ; Off          ; 3.3-V LVTTL  ; 16mA             ; Off               ; Off                ; --                        ; no                         ; 0                   ; Off                         ; User                 ; 0 pF                 ; -                                ;
; SDRAM_DQ[8]  ; AE24  ; 4A       ; 82           ; 0            ; 40           ; 0                     ; 0                  ; no     ; no             ; no              ; no                     ; 1         ; no              ; yes        ; no       ; Off          ; 3.3-V LVTTL  ; 16mA             ; Off               ; Off                ; --                        ; no                         ; 0                   ; Off                         ; User                 ; 0 pF                 ; -                                ;
; SDRAM_DQ[9]  ; AD23  ; 4A       ; 76           ; 0            ; 0            ; 0                     ; 0                  ; no     ; no             ; no              ; no                     ; 1         ; no              ; yes        ; no       ; Off          ; 3.3-V LVTTL  ; 16mA             ; Off               ; Off                ; --                        ; no                         ; 0                   ; Off                         ; User                 ; 0 pF                 ; -                                ;
; USER_IO[0]   ; AG11  ; 4A       ; 56           ; 0            ; 34           ; 0                     ; 0                  ; no     ; no             ; no              ; no                     ; 1         ; no              ; yes        ; no       ; On           ; 3.3-V LVTTL  ; 16mA             ; Off               ; Off                ; --                        ; no                         ; 0                   ; Off                         ; User                 ; 0 pF                 ; -                                ;
; USER_IO[1]   ; AH9   ; 4A       ; 54           ; 0            ; 51           ; 0                     ; 0                  ; no     ; no             ; no              ; no                     ; 1         ; no              ; yes        ; no       ; On           ; 3.3-V LVTTL  ; 16mA             ; Off               ; Off                ; --                        ; no                         ; 0                   ; Off                         ; User                 ; 0 pF                 ; -                                ;
; USER_IO[2]   ; AH12  ; 4A       ; 58           ; 0            ; 74           ; 0                     ; 0                  ; no     ; no             ; no              ; no                     ; 1         ; no              ; yes        ; no       ; On           ; 3.3-V LVTTL  ; 16mA             ; Off               ; Off                ; --                        ; no                         ; 0                   ; Off                         ; User                 ; 0 pF                 ; USER_IO~14 (inverted)            ;
; USER_IO[3]   ; AH11  ; 4A       ; 56           ; 0            ; 51           ; 0                     ; 0                  ; no     ; no             ; no              ; no                     ; 1         ; no              ; yes        ; no       ; On           ; 3.3-V LVTTL  ; 16mA             ; Off               ; Off                ; --                        ; no                         ; 0                   ; Off                         ; User                 ; 0 pF                 ; -                                ;
; USER_IO[4]   ; AG16  ; 4A       ; 58           ; 0            ; 57           ; 0                     ; 0                  ; no     ; no             ; no              ; no                     ; 1         ; no              ; yes        ; no       ; On           ; 3.3-V LVTTL  ; 16mA             ; Off               ; Off                ; --                        ; no                         ; 0                   ; Off                         ; User                 ; 0 pF                 ; USER_IO~15 (inverted)            ;
; USER_IO[5]   ; AF15  ; 4A       ; 54           ; 0            ; 0            ; 0                     ; 0                  ; no     ; no             ; no              ; no                     ; 1         ; no              ; yes        ; no       ; On           ; 3.3-V LVTTL  ; 16mA             ; Off               ; Off                ; --                        ; no                         ; 0                   ; Off                         ; User                 ; 0 pF                 ; USER_IO~16 (inverted)            ;
; USER_IO[6]   ; AF17  ; 4A       ; 58           ; 0            ; 40           ; 0                     ; 0                  ; no     ; no             ; no              ; no                     ; 1         ; no              ; yes        ; no       ; On           ; 3.3-V LVTTL  ; 16mA             ; Off               ; Off                ; --                        ; no                         ; 0                   ; Off                         ; User                 ; 0 pF                 ; -                                ;
; VGA_HS       ; AH22  ; 4A       ; 78           ; 0            ; 51           ; 0                     ; 0                  ; no     ; no             ; no              ; no                     ; 1         ; no              ; no         ; no       ; Off          ; 3.3-V LVTTL  ; 8mA              ; Off               ; Off                ; --                        ; no                         ; 0                   ; Off                         ; User                 ; 0 pF                 ; av_dis (inverted)                ;
+--------------+-------+----------+--------------+--------------+--------------+-----------------------+--------------------+--------+----------------+-----------------+------------------------+-----------+-----------------+------------+----------+--------------+--------------+------------------+-------------------+--------------------+---------------------------+----------------------------+---------------------+-----------------------------+----------------------+----------------------+----------------------------------+


+-----------------------------------------------------------------------------+
; I/O Bank Usage                                                              ;
+----------+-------------------+---------------+--------------+---------------+
; I/O Bank ; Usage             ; VCCIO Voltage ; VREF Voltage ; VCCPD Voltage ;
+----------+-------------------+---------------+--------------+---------------+
; B2L      ; 0 / 0 ( -- )      ; --            ; --           ; --            ;
; B1L      ; 0 / 0 ( -- )      ; --            ; --           ; --            ;
; 3A       ; 16 / 16 ( 100 % ) ; 3.3V          ; --           ; 3.3V          ;
; 3B       ; 32 / 32 ( 100 % ) ; 3.3V          ; --           ; 3.3V          ;
; 4A       ; 68 / 68 ( 100 % ) ; 3.3V          ; --           ; 3.3V          ;
; 5A       ; 16 / 16 ( 100 % ) ; 3.3V          ; --           ; 3.3V          ;
; 5B       ; 7 / 7 ( 100 % )   ; 3.3V          ; --           ; 3.3V          ;
; 6B       ; 0 / 44 ( 0 % )    ; 2.5V          ; --           ; 2.5V          ;
; 6A       ; 0 / 56 ( 0 % )    ; 2.5V          ; --           ; 2.5V          ;
; 7A       ; 0 / 19 ( 0 % )    ; 2.5V          ; --           ; 2.5V          ;
; 7B       ; 0 / 22 ( 0 % )    ; 2.5V          ; --           ; 2.5V          ;
; 7C       ; 0 / 12 ( 0 % )    ; 2.5V          ; --           ; 2.5V          ;
; 7D       ; 0 / 14 ( 0 % )    ; 2.5V          ; --           ; 2.5V          ;
; 8A       ; 6 / 6 ( 100 % )   ; 3.3V          ; --           ; 3.3V          ;
+----------+-------------------+---------------+--------------+---------------+


+-----------------------------------------------------------------------------------------------------------------------------------------------------------------------------------+
; All Package Pins                                                                                                                                                                  ;
+----------+------------+----------------+---------------------------------+--------+--------------+---------------------+--------------+-----------------+----------+--------------+
; Location ; Pad Number ; I/O Bank       ; Pin Name/Usage                  ; Dir.   ; I/O Standard ; Voltage             ; I/O Type     ; User Assignment ; Bus Hold ; Weak Pull Up ;
+----------+------------+----------------+---------------------------------+--------+--------------+---------------------+--------------+-----------------+----------+--------------+
; A2       ;            ;                ; DNU                             ;        ;              ;                     ; --           ;                 ; --       ; --           ;
; A3       ;            ;                ; GND                             ; gnd    ;              ;                     ; --           ;                 ; --       ; --           ;
; A4       ; 435        ; 7C             ; RESERVED_INPUT_WITH_WEAK_PULLUP ;        ;              ;                     ; Column I/O   ;                 ; no       ; On           ;
; A5       ; 431        ; 7C             ; RESERVED_INPUT_WITH_WEAK_PULLUP ;        ;              ;                     ; Column I/O   ;                 ; no       ; On           ;
; A6       ; 425        ; 7B             ; RESERVED_INPUT_WITH_WEAK_PULLUP ;        ;              ;                     ; Column I/O   ;                 ; no       ; On           ;
; A7       ; 423        ; 7B             ; RESERVED_INPUT_WITH_WEAK_PULLUP ;        ;              ;                     ; Column I/O   ;                 ; no       ; On           ;
; A8       ; 421        ; 7B             ; RESERVED_INPUT_WITH_WEAK_PULLUP ;        ;              ;                     ; Column I/O   ;                 ; no       ; On           ;
; A9       ; 419        ; 7B             ; RESERVED_INPUT_WITH_WEAK_PULLUP ;        ;              ;                     ; Column I/O   ;                 ; no       ; On           ;
; A10      ;            ;                ; GND                             ; gnd    ;              ;                     ; --           ;                 ; --       ; --           ;
; A11      ; 417        ; 7B             ; RESERVED_INPUT_WITH_WEAK_PULLUP ;        ;              ;                     ; Column I/O   ;                 ; no       ; On           ;
; A12      ; 415        ; 7B             ; RESERVED_INPUT_WITH_WEAK_PULLUP ;        ;              ;                     ; Column I/O   ;                 ; no       ; On           ;
; A13      ; 413        ; 7B             ; RESERVED_INPUT_WITH_WEAK_PULLUP ;        ;              ;                     ; Column I/O   ;                 ; no       ; On           ;
; A14      ; 411        ; 7B             ; RESERVED_INPUT_WITH_WEAK_PULLUP ;        ;              ;                     ; Column I/O   ;                 ; no       ; On           ;
; A15      ; 409        ; 7B             ; RESERVED_INPUT_WITH_WEAK_PULLUP ;        ;              ;                     ; Column I/O   ;                 ; no       ; On           ;
; A16      ; 407        ; 7B             ; RESERVED_INPUT_WITH_WEAK_PULLUP ;        ;              ;                     ; Column I/O   ;                 ; no       ; On           ;
; A17      ; 399        ; 7A             ; RESERVED_INPUT_WITH_WEAK_PULLUP ;        ;              ;                     ; Column I/O   ;                 ; no       ; On           ;
; A18      ; 395        ; 7A             ; RESERVED_INPUT_WITH_WEAK_PULLUP ;        ;              ;                     ; Column I/O   ;                 ; no       ; On           ;
; A19      ; 393        ; 7A             ; RESERVED_INPUT_WITH_WEAK_PULLUP ;        ;              ;                     ; Column I/O   ;                 ; no       ; On           ;
; A20      ; 391        ; 7A             ; RESERVED_INPUT_WITH_WEAK_PULLUP ;        ;              ;                     ; Column I/O   ;                 ; no       ; On           ;
; A21      ; 389        ; 7A             ; RESERVED_INPUT_WITH_WEAK_PULLUP ;        ;              ;                     ; Column I/O   ;                 ; no       ; On           ;
; A22      ; 387        ; 7A             ; RESERVED_INPUT_WITH_WEAK_PULLUP ;        ;              ;                     ; Column I/O   ;                 ; no       ; On           ;
; A23      ; 374        ; 7A             ; ^HPS_nRST                       ;        ;              ;                     ; --           ;                 ; --       ; --           ;
; A24      ; 361        ; 6A             ; RESERVED_INPUT_WITH_WEAK_PULLUP ;        ;              ;                     ; Row I/O      ;                 ; no       ; On           ;
; A25      ; 359        ; 6A             ; RESERVED_INPUT_WITH_WEAK_PULLUP ;        ;              ;                     ; Row I/O      ;                 ; no       ; On           ;
; A26      ; 357        ; 6A             ; RESERVED_INPUT_WITH_WEAK_PULLUP ;        ;              ;                     ; Row I/O      ;                 ; no       ; On           ;
; A27      ; 353        ; 6A             ; RESERVED_INPUT_WITH_WEAK_PULLUP ;        ;              ;                     ; Row I/O      ;                 ; no       ; On           ;
; AA1      ;            ;                ; GND                             ; gnd    ;              ;                     ; --           ;                 ; --       ; --           ;
; AA2      ;            ;                ; GND                             ; gnd    ;              ;                     ; --           ;                 ; --       ; --           ;
; AA3      ;            ;                ; GND                             ; gnd    ;              ;                     ; --           ;                 ; --       ; --           ;
; AA4      ; 59         ; 3A             ; HDMI_I2C_SDA                    ; bidir  ; 3.3-V LVTTL  ;                     ; Column I/O   ; Y               ; no       ; Off          ;
; AA5      ;            ; 3A             ; VCCIO3A                         ; power  ;              ; 3.3V                ; --           ;                 ; --       ; --           ;
; AA6      ; 43         ; 3A             ; ^nCSO, DATA4                    ;        ;              ;                     ; Weak Pull Up ;                 ; --       ; On           ;
; AA8      ; 50         ; 3A             ; ^DCLK                           ;        ;              ;                     ; Weak Pull Up ;                 ; --       ; On           ;
; AA9      ;            ;                ; GND                             ; gnd    ;              ;                     ; --           ;                 ; --       ; --           ;
; AA10     ;            ; 3A             ; VCCPD3A                         ; power  ;              ; 3.3V                ; --           ;                 ; --       ; --           ;
; AA11     ; 64         ; 3A             ; SDRAM_A[3]                      ; output ; 3.3-V LVTTL  ;                     ; Column I/O   ; Y               ; no       ; Off          ;
; AA12     ;            ; 3B             ; VCCIO3B                         ; power  ;              ; 3.3V                ; --           ;                 ; --       ; --           ;
; AA13     ; 144        ; 4A             ; SDRAM_A[2]                      ; output ; 3.3-V LVTTL  ;                     ; Column I/O   ; Y               ; no       ; Off          ;
; AA14     ;            ; 3B, 4A         ; VCCPD3B4A                       ; power  ;              ; 3.3V                ; --           ;                 ; --       ; --           ;
; AA15     ; 160        ; 4A             ; LED_HDD                         ; output ; 3.3-V LVTTL  ;                     ; Column I/O   ; Y               ; no       ; Off          ;
; AA16     ;            ; 4A             ; VCCIO4A                         ; power  ;              ; 3.3V                ; --           ;                 ; --       ; --           ;
; AA17     ;            ;                ; GND                             ; gnd    ;              ;                     ; --           ;                 ; --       ; --           ;
; AA18     ; 168        ; 4A             ; SDRAM_nCAS                      ; output ; 3.3-V LVTTL  ;                     ; Column I/O   ; Y               ; no       ; Off          ;
; AA19     ; 170        ; 4A             ; SDRAM_nWE                       ; output ; 3.3-V LVTTL  ;                     ; Column I/O   ; Y               ; no       ; Off          ;
; AA20     ; 213        ; 5A             ; VGA_B[1]                        ; output ; 3.3-V LVTTL  ;                     ; Row I/O      ; Y               ; no       ; Off          ;
; AA21     ;            ; --             ; VCCA_FPLL                       ; power  ;              ; 2.5V                ; --           ;                 ; --       ; --           ;
; AA23     ; 226        ; 5A             ; LED[7]                          ; output ; 3.3-V LVTTL  ;                     ; Row I/O      ; Y               ; no       ; Off          ;
; AA24     ; 224        ; 5A             ; LED[1]                          ; output ; 3.3-V LVTTL  ;                     ; Row I/O      ; Y               ; no       ; Off          ;
; AA25     ;            ; 5B             ; VREFB5BN0                       ; power  ;              ;                     ; --           ;                 ; --       ; --           ;
; AA26     ; 255        ; 5B             ; SDRAM_A[1]                      ; output ; 3.3-V LVTTL  ;                     ; Row I/O      ; Y               ; no       ; Off          ;
; AA27     ; 279        ; 6B             ; RESERVED_INPUT_WITH_WEAK_PULLUP ;        ;              ;                     ; Row I/O      ;                 ; no       ; On           ;
; AA28     ; 289        ; 6B             ; RESERVED_INPUT_WITH_WEAK_PULLUP ;        ;              ;                     ; Row I/O      ;                 ; no       ; On           ;
; AB1      ;            ;                ; GND                             ; gnd    ;              ;                     ; --           ;                 ; --       ; --           ;
; AB2      ;            ;                ; GND                             ; gnd    ;              ;                     ; --           ;                 ; --       ; --           ;
; AB3      ;            ;                ; GND                             ; gnd    ;              ;                     ; --           ;                 ; --       ; --           ;
; AB4      ; 57         ; 3A             ; HDMI_TX_D[11]                   ; output ; 3.3-V LVTTL  ;                     ; Column I/O   ; Y               ; no       ; Off          ;
; AB5      ; 46         ; 3A             ; #TCK                            ; input  ;              ;                     ; --           ;                 ; --       ; --           ;
; AB6      ; 45         ; 3A             ; ^AS_DATA3, DATA3                ;        ;              ;                     ; Weak Pull Up ;                 ; --       ; On           ;
; AB23     ; 222        ; 5A             ; SDRAM_A[6]                      ; output ; 3.3-V LVTTL  ;                     ; Row I/O      ; Y               ; no       ; Off          ;
; AB24     ;            ;                ; GND                             ; gnd    ;              ;                     ; --           ;                 ; --       ; --           ;
; AB25     ; 259        ; 5B             ; SDRAM_BA[1]                     ; output ; 3.3-V LVTTL  ;                     ; Row I/O      ; Y               ; no       ; Off          ;
; AB26     ; 253        ; 5B             ; SDRAM_A[10]                     ; output ; 3.3-V LVTTL  ;                     ; Row I/O      ; Y               ; no       ; Off          ;
; AB27     ;            ;                ; GND                             ; gnd    ;              ;                     ; --           ;                 ; --       ; --           ;
; AB28     ; 277        ; 6B             ; RESERVED_INPUT_WITH_WEAK_PULLUP ;        ;              ;                     ; Row I/O      ;                 ; no       ; On           ;
; AC1      ;            ;                ; GND                             ; gnd    ;              ;                     ; --           ;                 ; --       ; --           ;
; AC2      ;            ;                ; GND                             ; gnd    ;              ;                     ; --           ;                 ; --       ; --           ;
; AC3      ;            ;                ; GND                             ; gnd    ;              ;                     ; --           ;                 ; --       ; --           ;
; AC4      ; 63         ; 3A             ; ADC_SDI                         ; output ; 3.3-V LVTTL  ;                     ; Column I/O   ; Y               ; no       ; Off          ;
; AC5      ; 47         ; 3A             ; ^AS_DATA2, DATA2                ;        ;              ;                     ; Weak Pull Up ;                 ; --       ; On           ;
; AC6      ; 49         ; 3A             ; ^AS_DATA1, DATA1                ;        ;              ;                     ; Weak Pull Up ;                 ; --       ; On           ;
; AC7      ; 44         ; 3A             ; #TMS                            ; input  ;              ;                     ; --           ;                 ; --       ; --           ;
; AC8      ;            ; --             ; VCC_AUX                         ; power  ;              ; 2.5V                ; --           ;                 ; --       ; --           ;
; AC21     ;            ; --             ; VCC_AUX                         ; power  ;              ; 2.5V                ; --           ;                 ; --       ; --           ;
; AC22     ; 202        ; 4A             ; SDRAM_A[8]                      ; output ; 3.3-V LVTTL  ;                     ; Column I/O   ; Y               ; no       ; Off          ;
; AC23     ; 200        ; 4A             ; SDRAM_A[7]                      ; output ; 3.3-V LVTTL  ;                     ; Column I/O   ; Y               ; no       ; Off          ;
; AC24     ; 220        ; 5A             ; AUDIO_L                         ; output ; 3.3-V LVTTL  ;                     ; Row I/O      ; Y               ; no       ; Off          ;
; AC25     ;            ; 5A             ; VCCIO5A                         ; power  ;              ; 3.3V                ; --           ;                 ; --       ; --           ;
; AC26     ;            ; 5A             ; VREFB5AN0                       ; power  ;              ;                     ; --           ;                 ; --       ; --           ;
; AC27     ; 275        ; 6B             ; RESERVED_INPUT_WITH_WEAK_PULLUP ;        ;              ;                     ; Row I/O      ;                 ; no       ; On           ;
; AC28     ; 273        ; 6B             ; RESERVED_INPUT_WITH_WEAK_PULLUP ;        ;              ;                     ; Row I/O      ;                 ; no       ; On           ;
; AD1      ;            ;                ; DNU                             ;        ;              ;                     ; --           ;                 ; --       ; --           ;
; AD2      ;            ;                ; DNU                             ;        ;              ;                     ; --           ;                 ; --       ; --           ;
; AD3      ;            ;                ; GND                             ; gnd    ;              ;                     ; --           ;                 ; --       ; --           ;
; AD4      ; 61         ; 3A             ; ADC_SDO                         ; input  ; 3.3-V LVTTL  ;                     ; Column I/O   ; Y               ; no       ; Off          ;
; AD5      ; 67         ; 3A             ; SDRAM_DQ[13]                    ; bidir  ; 3.3-V LVTTL  ;                     ; Column I/O   ; Y               ; no       ; Off          ;
; AD6      ;            ;                ; GND                             ; gnd    ;              ;                     ; --           ;                 ; --       ; --           ;
; AD7      ; 51         ; 3A             ; ^AS_DATA0, ASDO, DATA0          ;        ;              ;                     ; Weak Pull Up ;                 ; --       ; On           ;
; AD8      ;            ;                ; GND                             ; gnd    ;              ;                     ; --           ;                 ; --       ; --           ;
; AD9      ;            ; 3B, 4A         ; VCCPD3B4A                       ; power  ;              ; 3.3V                ; --           ;                 ; --       ; --           ;
; AD10     ; 103        ; 3B             ; HDMI_TX_D[5]                    ; output ; 3.3-V LVTTL  ;                     ; Column I/O   ; Y               ; no       ; Off          ;
; AD11     ; 111        ; 3B             ; HDMI_TX_D[4]                    ; output ; 3.3-V LVTTL  ;                     ; Column I/O   ; Y               ; no       ; Off          ;
; AD12     ; 125        ; 3B             ; HDMI_TX_D[0]                    ; output ; 3.3-V LVTTL  ;                     ; Column I/O   ; Y               ; no       ; Off          ;
; AD13     ;            ; 3B, 4A         ; VCCPD3B4A                       ; power  ;              ; 3.3V                ; --           ;                 ; --       ; --           ;
; AD14     ;            ;                ; GND                             ; gnd    ;              ;                     ; --           ;                 ; --       ; --           ;
; AD15     ;            ; --             ; VCC_AUX                         ; power  ;              ; 2.5V                ; --           ;                 ; --       ; --           ;
; AD16     ;            ; 3B, 4A         ; VCCPD3B4A                       ; power  ;              ; 3.3V                ; --           ;                 ; --       ; --           ;
; AD17     ; 159        ; 4A             ; SDRAM_A[11]                     ; output ; 3.3-V LVTTL  ;                     ; Column I/O   ; Y               ; no       ; Off          ;
; AD18     ;            ; 3B, 4A         ; VCCPD3B4A                       ; power  ;              ; 3.3V                ; --           ;                 ; --       ; --           ;
; AD19     ; 165        ; 4A             ; HDMI_TX_DE                      ; output ; 3.3-V LVTTL  ;                     ; Column I/O   ; Y               ; no       ; Off          ;
; AD20     ; 173        ; 4A             ; SDRAM_CLK                       ; output ; 3.3-V LVTTL  ;                     ; Column I/O   ; Y               ; no       ; Off          ;
; AD21     ;            ; 3B, 4A         ; VCCPD3B4A                       ; power  ;              ; 3.3V                ; --           ;                 ; --       ; --           ;
; AD22     ;            ;                ; GND                             ; gnd    ;              ;                     ; --           ;                 ; --       ; --           ;
; AD23     ; 186        ; 4A             ; SDRAM_DQ[9]                     ; bidir  ; 3.3-V LVTTL  ;                     ; Column I/O   ; Y               ; no       ; Off          ;
; AD24     ;            ; --             ; VCCPGM                          ; power  ;              ; 1.8V/2.5V/3.0V/3.3V ; --           ;                 ; --       ; --           ;
; AD25     ;            ;                ; GND                             ; gnd    ;              ;                     ; --           ;                 ; --       ; --           ;
; AD26     ; 218        ; 5A             ; SDIO_DAT[2]                     ; bidir  ; 3.3-V LVTTL  ;                     ; Row I/O      ; Y               ; no       ; On           ;
; AD27     ;            ; 6B             ; VCCIO6B_HPS                     ; power  ;              ; 2.5V                ; --           ;                 ; --       ; --           ;
; AD28     ; 263        ; 6B             ; RESERVED_INPUT_WITH_WEAK_PULLUP ;        ;              ;                     ; Row I/O      ;                 ; no       ; On           ;
; AE1      ;            ;                ; GND                             ; gnd    ;              ;                     ; --           ;                 ; --       ; --           ;
; AE2      ;            ;                ; GND                             ; gnd    ;              ;                     ; --           ;                 ; --       ; --           ;
; AE3      ;            ;                ; GND                             ; gnd    ;              ;                     ; --           ;                 ; --       ; --           ;
; AE4      ; 102        ; 3B             ; HDMI_TX_D[16]                   ; output ; 3.3-V LVTTL  ;                     ; Column I/O   ; Y               ; no       ; Off          ;
; AE5      ;            ; 3A             ; VREFB3AN0                       ; power  ;              ;                     ; --           ;                 ; --       ; --           ;
; AE6      ; 65         ; 3A             ; SDRAM_DQ[10]                    ; bidir  ; 3.3-V LVTTL  ;                     ; Column I/O   ; Y               ; no       ; Off          ;
; AE7      ; 107        ; 3B             ; HDMI_TX_D[12]                   ; output ; 3.3-V LVTTL  ;                     ; Column I/O   ; Y               ; no       ; Off          ;
; AE8      ; 110        ; 3B             ; HDMI_TX_D[23]                   ; output ; 3.3-V LVTTL  ;                     ; Column I/O   ; Y               ; no       ; Off          ;
; AE9      ; 101        ; 3B             ; HDMI_TX_D[10]                   ; output ; 3.3-V LVTTL  ;                     ; Column I/O   ; Y               ; no       ; Off          ;
; AE10     ;            ; 3B             ; VCCIO3B                         ; power  ;              ; 3.3V                ; --           ;                 ; --       ; --           ;
; AE11     ; 109        ; 3B             ; HDMI_TX_D[6]                    ; output ; 3.3-V LVTTL  ;                     ; Column I/O   ; Y               ; no       ; Off          ;
; AE12     ; 127        ; 3B             ; HDMI_TX_D[1]                    ; output ; 3.3-V LVTTL  ;                     ; Column I/O   ; Y               ; no       ; Off          ;
; AE13     ;            ; 3B             ; VCCIO3B                         ; power  ;              ; 3.3V                ; --           ;                 ; --       ; --           ;
; AE14     ;            ;                ; DNU                             ;        ;              ;                     ; --           ;                 ; --       ; --           ;
; AE15     ; 141        ; 4A             ; SD_SPI_CS                       ; output ; 3.3-V LVTTL  ;                     ; Column I/O   ; Y               ; no       ; On           ;
; AE16     ;            ;                ; GND                             ; gnd    ;              ;                     ; --           ;                 ; --       ; --           ;
; AE17     ; 157        ; 4A             ; VGA_R[0]                        ; output ; 3.3-V LVTTL  ;                     ; Column I/O   ; Y               ; no       ; Off          ;
; AE18     ;            ;                ; GND                             ; gnd    ;              ;                     ; --           ;                 ; --       ; --           ;
; AE19     ; 167        ; 4A             ; VGA_G[0]                        ; output ; 3.3-V LVTTL  ;                     ; Column I/O   ; Y               ; no       ; Off          ;
; AE20     ; 175        ; 4A             ; VGA_R[1]                        ; output ; 3.3-V LVTTL  ;                     ; Column I/O   ; Y               ; no       ; Off          ;
; AE21     ;            ; 4A             ; VCCIO4A                         ; power  ;              ; 3.3V                ; --           ;                 ; --       ; --           ;
; AE22     ; 184        ; 4A             ; VGA_B[2]                        ; output ; 3.3-V LVTTL  ;                     ; Column I/O   ; Y               ; no       ; Off          ;
; AE23     ; 197        ; 4A             ; SDRAM_DQ[11]                    ; bidir  ; 3.3-V LVTTL  ;                     ; Column I/O   ; Y               ; no       ; Off          ;
; AE24     ; 199        ; 4A             ; SDRAM_DQ[8]                     ; bidir  ; 3.3-V LVTTL  ;                     ; Column I/O   ; Y               ; no       ; Off          ;
; AE25     ; 216        ; 5A             ; AUDIO_R                         ; output ; 3.3-V LVTTL  ;                     ; Row I/O      ; Y               ; no       ; Off          ;
; AE26     ; 214        ; 5A             ; LED[5]                          ; output ; 3.3-V LVTTL  ;                     ; Row I/O      ; Y               ; no       ; Off          ;
; AE27     ; 265        ; 6B             ; RESERVED_INPUT_WITH_WEAK_PULLUP ;        ;              ;                     ; Row I/O      ;                 ; no       ; On           ;
; AE28     ; 261        ; 6B             ; RESERVED_INPUT_WITH_WEAK_PULLUP ;        ;              ;                     ; Row I/O      ;                 ; no       ; On           ;
; AF1      ;            ;                ; GND                             ; gnd    ;              ;                     ; --           ;                 ; --       ; --           ;
; AF2      ;            ;                ; GND                             ; gnd    ;              ;                     ; --           ;                 ; --       ; --           ;
; AF3      ;            ;                ; GND                             ; gnd    ;              ;                     ; --           ;                 ; --       ; --           ;
; AF4      ; 100        ; 3B             ; SDRAM_DQ[14]                    ; bidir  ; 3.3-V LVTTL  ;                     ; Column I/O   ; Y               ; no       ; Off          ;
; AF5      ; 115        ; 3B             ; HDMI_TX_D[15]                   ; output ; 3.3-V LVTTL  ;                     ; Column I/O   ; Y               ; no       ; Off          ;
; AF6      ; 113        ; 3B             ; HDMI_TX_D[13]                   ; output ; 3.3-V LVTTL  ;                     ; Column I/O   ; Y               ; no       ; Off          ;
; AF7      ; 118        ; 3B             ; SDRAM_DQ[7]                     ; bidir  ; 3.3-V LVTTL  ;                     ; Column I/O   ; Y               ; no       ; Off          ;
; AF8      ; 105        ; 3B             ; HDMI_TX_D[14]                   ; output ; 3.3-V LVTTL  ;                     ; Column I/O   ; Y               ; no       ; Off          ;
; AF9      ; 108        ; 3B             ; HDMI_TX_D[22]                   ; output ; 3.3-V LVTTL  ;                     ; Column I/O   ; Y               ; no       ; Off          ;
; AF10     ; 117        ; 3B             ; HDMI_TX_D[8]                    ; output ; 3.3-V LVTTL  ;                     ; Column I/O   ; Y               ; no       ; Off          ;
; AF11     ; 119        ; 3B             ; HDMI_TX_INT                     ; input  ; 3.3-V LVTTL  ;                     ; Column I/O   ; Y               ; no       ; Off          ;
; AF12     ;            ; 3B             ; VREFB3BN0                       ; power  ;              ;                     ; --           ;                 ; --       ; --           ;
; AF13     ; 133        ; 4A             ; SDRAM_DQMH                      ; output ; 3.3-V LVTTL  ;                     ; Column I/O   ; Y               ; no       ; Off          ;
; AF14     ;            ; 4A             ; VCCIO4A                         ; power  ;              ; 3.3V                ; --           ;                 ; --       ; --           ;
; AF15     ; 143        ; 4A             ; USER_IO[5]                      ; bidir  ; 3.3-V LVTTL  ;                     ; Column I/O   ; Y               ; no       ; On           ;
; AF16     ;            ; 4A             ; VREFB4AN0                       ; power  ;              ;                     ; --           ;                 ; --       ; --           ;
; AF17     ; 151        ; 4A             ; USER_IO[6]                      ; bidir  ; 3.3-V LVTTL  ;                     ; Column I/O   ; Y               ; no       ; On           ;
; AF18     ; 166        ; 4A             ; VGA_G[2]                        ; output ; 3.3-V LVTTL  ;                     ; Column I/O   ; Y               ; no       ; Off          ;
; AF19     ;            ; 4A             ; VCCIO4A                         ; power  ;              ; 3.3V                ; --           ;                 ; --       ; --           ;
; AF20     ; 179        ; 4A             ; VGA_R[2]                        ; output ; 3.3-V LVTTL  ;                     ; Column I/O   ; Y               ; no       ; Off          ;
; AF21     ; 181        ; 4A             ; VGA_R[5]                        ; output ; 3.3-V LVTTL  ;                     ; Column I/O   ; Y               ; no       ; Off          ;
; AF22     ; 183        ; 4A             ; VGA_B[3]                        ; output ; 3.3-V LVTTL  ;                     ; Column I/O   ; Y               ; no       ; Off          ;
; AF23     ; 189        ; 4A             ; SDIO_DAT[1]                     ; bidir  ; 3.3-V LVTTL  ;                     ; Column I/O   ; Y               ; no       ; On           ;
; AF24     ;            ;                ; GND                             ; gnd    ;              ;                     ; --           ;                 ; --       ; --           ;
; AF25     ; 207        ; 4A             ; SDIO_DAT[0]                     ; bidir  ; 3.3-V LVTTL  ;                     ; Column I/O   ; Y               ; no       ; On           ;
; AF26     ; 212        ; 5A             ; LED[4]                          ; output ; 3.3-V LVTTL  ;                     ; Row I/O      ; Y               ; no       ; Off          ;
; AF27     ; 211        ; 4A             ; SDIO_CMD                        ; bidir  ; 3.3-V LVTTL  ;                     ; Column I/O   ; Y               ; no       ; On           ;
; AF28     ; 209        ; 4A             ; SDIO_DAT[3]                     ; bidir  ; 3.3-V LVTTL  ;                     ; Column I/O   ; Y               ; no       ; On           ;
; AG1      ;            ;                ; GND                             ; gnd    ;              ;                     ; --           ;                 ; --       ; --           ;
; AG2      ;            ;                ; GND                             ; gnd    ;              ;                     ; --           ;                 ; --       ; --           ;
; AG3      ;            ;                ; GND                             ; gnd    ;              ;                     ; --           ;                 ; --       ; --           ;
; AG4      ;            ; 3B             ; VCCIO3B                         ; power  ;              ; 3.3V                ; --           ;                 ; --       ; --           ;
; AG5      ; 126        ; 3B             ; HDMI_TX_CLK                     ; output ; 3.3-V LVTTL  ;                     ; Column I/O   ; Y               ; no       ; Off          ;
; AG6      ; 116        ; 3B             ; HDMI_TX_D[21]                   ; output ; 3.3-V LVTTL  ;                     ; Column I/O   ; Y               ; no       ; Off          ;
; AG7      ;            ;                ; GND                             ; gnd    ;              ;                     ; --           ;                 ; --       ; --           ;
; AG8      ; 134        ; 4A             ; SD_SPI_CLK                      ; output ; 3.3-V LVTTL  ;                     ; Column I/O   ; Y               ; no       ; On           ;
; AG9      ; 139        ; 4A             ; IO_SDA                          ; bidir  ; 3.3-V LVTTL  ;                     ; Column I/O   ; Y               ; no       ; On           ;
; AG10     ; 142        ; 4A             ; SDRAM_CKE                       ; output ; 3.3-V LVTTL  ;                     ; Column I/O   ; Y               ; no       ; Off          ;
; AG11     ; 147        ; 4A             ; USER_IO[0]                      ; bidir  ; 3.3-V LVTTL  ;                     ; Column I/O   ; Y               ; no       ; On           ;
; AG12     ;            ; 4A             ; VCCIO4A                         ; power  ;              ; 3.3V                ; --           ;                 ; --       ; --           ;
; AG13     ; 135        ; 4A             ; SDRAM_DQML                      ; output ; 3.3-V LVTTL  ;                     ; Column I/O   ; Y               ; no       ; Off          ;
; AG14     ; 155        ; 4A             ; SDRAM_DQ[12]                    ; bidir  ; 3.3-V LVTTL  ;                     ; Column I/O   ; Y               ; no       ; Off          ;
; AG15     ; 158        ; 4A             ; VGA_G[1]                        ; output ; 3.3-V LVTTL  ;                     ; Column I/O   ; Y               ; no       ; Off          ;
; AG16     ; 149        ; 4A             ; USER_IO[4]                      ; bidir  ; 3.3-V LVTTL  ;                     ; Column I/O   ; Y               ; no       ; On           ;
; AG17     ;            ;                ; GND                             ; gnd    ;              ;                     ; --           ;                 ; --       ; --           ;
; AG18     ; 171        ; 4A             ; VGA_G[3]                        ; output ; 3.3-V LVTTL  ;                     ; Column I/O   ; Y               ; no       ; Off          ;
; AG19     ; 174        ; 4A             ; VGA_G[4]                        ; output ; 3.3-V LVTTL  ;                     ; Column I/O   ; Y               ; no       ; Off          ;
; AG20     ; 177        ; 4A             ; VGA_G[5]                        ; output ; 3.3-V LVTTL  ;                     ; Column I/O   ; Y               ; no       ; Off          ;
; AG21     ; 182        ; 4A             ; VGA_B[0]                        ; output ; 3.3-V LVTTL  ;                     ; Column I/O   ; Y               ; no       ; Off          ;
; AG22     ;            ; 4A             ; VCCIO4A                         ; power  ;              ; 3.3V                ; --           ;                 ; --       ; --           ;
; AG23     ; 191        ; 4A             ; BTN_RESET                       ; input  ; 3.3-V LVTTL  ;                     ; Column I/O   ; Y               ; no       ; On           ;
; AG24     ; 195        ; 4A             ; VGA_VS                          ; output ; 3.3-V LVTTL  ;                     ; Column I/O   ; Y               ; no       ; Off          ;
; AG25     ; 205        ; 4A             ; BTN_OSD                         ; input  ; 3.3-V LVTTL  ;                     ; Column I/O   ; Y               ; no       ; On           ;
; AG26     ; 198        ; 4A             ; AUDIO_SPDIF                     ; output ; 3.3-V LVTTL  ;                     ; Column I/O   ; Y               ; no       ; Off          ;
; AG27     ;            ;                ; GND                             ; gnd    ;              ;                     ; --           ;                 ; --       ; --           ;
; AG28     ; 206        ; 4A             ; LED_POWER                       ; output ; 3.3-V LVTTL  ;                     ; Column I/O   ; Y               ; no       ; Off          ;
; AH2      ; 121        ; 3B             ; HDMI_TX_D[17]                   ; output ; 3.3-V LVTTL  ;                     ; Column I/O   ; Y               ; no       ; Off          ;
; AH3      ; 123        ; 3B             ; SDRAM_DQ[15]                    ; bidir  ; 3.3-V LVTTL  ;                     ; Column I/O   ; Y               ; no       ; Off          ;
; AH4      ; 124        ; 3B             ; HDMI_TX_D[18]                   ; output ; 3.3-V LVTTL  ;                     ; Column I/O   ; Y               ; no       ; Off          ;
; AH5      ; 129        ; 3B             ; HDMI_TX_D[19]                   ; output ; 3.3-V LVTTL  ;                     ; Column I/O   ; Y               ; no       ; Off          ;
; AH6      ; 131        ; 3B             ; HDMI_TX_D[20]                   ; output ; 3.3-V LVTTL  ;                     ; Column I/O   ; Y               ; no       ; Off          ;
; AH7      ; 132        ; 4A             ; SDCD_SPDIF                      ; bidir  ; 3.3-V LVTTL  ;                     ; Column I/O   ; Y               ; no       ; On           ;
; AH8      ; 137        ; 4A             ; SD_SPI_MISO                     ; input  ; 3.3-V LVTTL  ;                     ; Column I/O   ; Y               ; no       ; On           ;
; AH9      ; 140        ; 4A             ; USER_IO[1]                      ; bidir  ; 3.3-V LVTTL  ;                     ; Column I/O   ; Y               ; no       ; On           ;
; AH10     ;            ;                ; GND                             ; gnd    ;              ;                     ; --           ;                 ; --       ; --           ;
; AH11     ; 145        ; 4A             ; USER_IO[3]                      ; bidir  ; 3.3-V LVTTL  ;                     ; Column I/O   ; Y               ; no       ; On           ;
; AH12     ; 150        ; 4A             ; USER_IO[2]                      ; bidir  ; 3.3-V LVTTL  ;                     ; Column I/O   ; Y               ; no       ; On           ;
; AH13     ; 153        ; 4A             ; SDRAM_DQ[4]                     ; bidir  ; 3.3-V LVTTL  ;                     ; Column I/O   ; Y               ; no       ; Off          ;
; AH14     ; 156        ; 4A             ; SDRAM_DQ[6]                     ; bidir  ; 3.3-V LVTTL  ;                     ; Column I/O   ; Y               ; no       ; Off          ;
; AH15     ;            ; 4A             ; VCCIO4A                         ; power  ;              ; 3.3V                ; --           ;                 ; --       ; --           ;
; AH16     ; 161        ; 4A             ; KEY[1]                          ; input  ; 3.3-V LVTTL  ;                     ; Column I/O   ; Y               ; no       ; Off          ;
; AH17     ; 163        ; 4A             ; KEY[0]                          ; input  ; 3.3-V LVTTL  ;                     ; Column I/O   ; Y               ; no       ; Off          ;
; AH18     ; 169        ; 4A             ; VGA_R[3]                        ; output ; 3.3-V LVTTL  ;                     ; Column I/O   ; Y               ; no       ; Off          ;
; AH19     ; 172        ; 4A             ; VGA_R[4]                        ; output ; 3.3-V LVTTL  ;                     ; Column I/O   ; Y               ; no       ; Off          ;
; AH20     ;            ;                ; GND                             ; gnd    ;              ;                     ; --           ;                 ; --       ; --           ;
; AH21     ; 185        ; 4A             ; VGA_B[5]                        ; output ; 3.3-V LVTTL  ;                     ; Column I/O   ; Y               ; no       ; Off          ;
; AH22     ; 188        ; 4A             ; VGA_HS                          ; bidir  ; 3.3-V LVTTL  ;                     ; Column I/O   ; Y               ; no       ; Off          ;
; AH23     ; 190        ; 4A             ; VGA_B[4]                        ; output ; 3.3-V LVTTL  ;                     ; Column I/O   ; Y               ; no       ; Off          ;
; AH24     ; 193        ; 4A             ; BTN_USER                        ; input  ; 3.3-V LVTTL  ;                     ; Column I/O   ; Y               ; no       ; On           ;
; AH25     ;            ; 4A             ; VCCIO4A                         ; power  ;              ; 3.3V                ; --           ;                 ; --       ; --           ;
; AH26     ; 201        ; 4A             ; SDIO_CLK                        ; output ; 3.3-V LVTTL  ;                     ; Column I/O   ; Y               ; no       ; Off          ;
; AH27     ; 204        ; 4A             ; VGA_EN                          ; input  ; 3.3-V LVTTL  ;                     ; Column I/O   ; Y               ; no       ; On           ;
; B1       ;            ;                ; RREF                            ;        ;              ;                     ; --           ;                 ; --       ; --           ;
; B2       ;            ;                ; DNU                             ;        ;              ;                     ; --           ;                 ; --       ; --           ;
; B3       ;            ;                ; GND                             ; gnd    ;              ;                     ; --           ;                 ; --       ; --           ;
; B4       ; 437        ; 7C             ; RESERVED_INPUT_WITH_WEAK_PULLUP ;        ;              ;                     ; Column I/O   ;                 ; no       ; On           ;
; B5       ;            ;                ; GND                             ; gnd    ;              ;                     ; --           ;                 ; --       ; --           ;
; B6       ; 433        ; 7C             ; RESERVED_INPUT_WITH_WEAK_PULLUP ;        ;              ;                     ; Column I/O   ;                 ; no       ; On           ;
; B7       ;            ;                ; GND                             ; gnd    ;              ;                     ; --           ;                 ; --       ; --           ;
; B8       ; 439        ; 7C             ; RESERVED_INPUT_WITH_WEAK_PULLUP ;        ;              ;                     ; Column I/O   ;                 ; no       ; On           ;
; B9       ; 441        ; 7C             ; RESERVED_INPUT_WITH_WEAK_PULLUP ;        ;              ;                     ; Column I/O   ;                 ; no       ; On           ;
; B10      ;            ; 7C             ; VCCIO7C_HPS                     ; power  ;              ; 2.5V                ; --           ;                 ; --       ; --           ;
; B11      ; 440        ; 7C             ; RESERVED_INPUT_WITH_WEAK_PULLUP ;        ;              ;                     ; Column I/O   ;                 ; no       ; On           ;
; B12      ; 438        ; 7C             ; RESERVED_INPUT_WITH_WEAK_PULLUP ;        ;              ;                     ; Column I/O   ;                 ; no       ; On           ;
; B13      ;            ; 7B             ; VCCIO7B_HPS                     ; power  ;              ; 2.5V                ; --           ;                 ; --       ; --           ;
; B14      ; 427        ; 7B             ; RESERVED_INPUT_WITH_WEAK_PULLUP ;        ;              ;                     ; Column I/O   ;                 ; no       ; On           ;
; B15      ;            ;                ; GND                             ; gnd    ;              ;                     ; --           ;                 ; --       ; --           ;
; B16      ; 402        ; 7A             ; RESERVED_INPUT_WITH_WEAK_PULLUP ;        ;              ;                     ; Column I/O   ;                 ; no       ; On           ;
; B17      ;            ;                ; GND                             ; gnd    ;              ;                     ; --           ;                 ; --       ; --           ;
; B18      ; 397        ; 7A             ; RESERVED_INPUT_WITH_WEAK_PULLUP ;        ;              ;                     ; Column I/O   ;                 ; no       ; On           ;
; B19      ; 403        ; 7A             ; RESERVED_INPUT_WITH_WEAK_PULLUP ;        ;              ;                     ; Column I/O   ;                 ; no       ; On           ;
; B20      ;            ;                ; GND                             ; gnd    ;              ;                     ; --           ;                 ; --       ; --           ;
; B21      ; 388        ; 7A             ; RESERVED_INPUT_WITH_WEAK_PULLUP ;        ;              ;                     ; Column I/O   ;                 ; no       ; On           ;
; B22      ;            ;                ; GND                             ; gnd    ;              ;                     ; --           ;                 ; --       ; --           ;
; B23      ; 376        ; 7A             ; ^HPS_TDO                        ;        ;              ;                     ; --           ;                 ; --       ; --           ;
; B24      ; 363        ; 6A             ; RESERVED_INPUT_WITH_WEAK_PULLUP ;        ;              ;                     ; Row I/O      ;                 ; no       ; On           ;
; B25      ;            ;                ; GND                             ; gnd    ;              ;                     ; --           ;                 ; --       ; --           ;
; B26      ; 351        ; 6A             ; RESERVED_INPUT_WITH_WEAK_PULLUP ;        ;              ;                     ; Row I/O      ;                 ; no       ; On           ;
; B27      ;            ;                ; GND                             ; gnd    ;              ;                     ; --           ;                 ; --       ; --           ;
; B28      ; 343        ; 6A             ; RESERVED_INPUT_WITH_WEAK_PULLUP ;        ;              ;                     ; Row I/O      ;                 ; no       ; On           ;
; C1       ;            ;                ; GND                             ; gnd    ;              ;                     ; --           ;                 ; --       ; --           ;
; C2       ;            ;                ; GND                             ; gnd    ;              ;                     ; --           ;                 ; --       ; --           ;
; C3       ;            ;                ; GND                             ; gnd    ;              ;                     ; --           ;                 ; --       ; --           ;
; C4       ; 446        ; 7D             ; RESERVED_INPUT_WITH_WEAK_PULLUP ;        ;              ;                     ; Column I/O   ;                 ; no       ; On           ;
; C5       ; 453        ; 7D             ; RESERVED_INPUT_WITH_WEAK_PULLUP ;        ;              ;                     ; Column I/O   ;                 ; no       ; On           ;
; C6       ; 451        ; 7D             ; RESERVED_INPUT_WITH_WEAK_PULLUP ;        ;              ;                     ; Column I/O   ;                 ; no       ; On           ;
; C7       ; 449        ; 7D             ; RESERVED_INPUT_WITH_WEAK_PULLUP ;        ;              ;                     ; Column I/O   ;                 ; no       ; On           ;
; C8       ; 447        ; 7D             ; RESERVED_INPUT_WITH_WEAK_PULLUP ;        ;              ;                     ; Column I/O   ;                 ; no       ; On           ;
; C9       ; 445        ; 7D             ; RESERVED_INPUT_WITH_WEAK_PULLUP ;        ;              ;                     ; Column I/O   ;                 ; no       ; On           ;
; C10      ; 443        ; 7D             ; RESERVED_INPUT_WITH_WEAK_PULLUP ;        ;              ;                     ; Column I/O   ;                 ; no       ; On           ;
; C11      ;            ;                ; GND                             ; gnd    ;              ;                     ; --           ;                 ; --       ; --           ;
; C12      ; 460        ; 8A             ; SDRAM_A[9]                      ; output ; 3.3-V LVTTL  ;                     ; Column I/O   ; Y               ; no       ; Off          ;
; C13      ; 432        ; 7C             ; RESERVED_INPUT_WITH_WEAK_PULLUP ;        ;              ;                     ; Column I/O   ;                 ; no       ; On           ;
; C14      ; 426        ; 7B             ; RESERVED_INPUT_WITH_WEAK_PULLUP ;        ;              ;                     ; Column I/O   ;                 ; no       ; On           ;
; C15      ; 418        ; 7B             ; RESERVED_INPUT_WITH_WEAK_PULLUP ;        ;              ;                     ; Column I/O   ;                 ; no       ; On           ;
; C16      ; 404        ; 7A             ; RESERVED_INPUT_WITH_WEAK_PULLUP ;        ;              ;                     ; Column I/O   ;                 ; no       ; On           ;
; C17      ; 396        ; 7A             ; RESERVED_INPUT_WITH_WEAK_PULLUP ;        ;              ;                     ; Column I/O   ;                 ; no       ; On           ;
; C18      ; 394        ; 7A             ; RESERVED_INPUT_WITH_WEAK_PULLUP ;        ;              ;                     ; Column I/O   ;                 ; no       ; On           ;
; C19      ; 401        ; 7A             ; RESERVED_INPUT_WITH_WEAK_PULLUP ;        ;              ;                     ; Column I/O   ;                 ; no       ; On           ;
; C20      ;            ; 7A             ; VCCIO7A_HPS                     ; power  ;              ; 2.5V                ; --           ;                 ; --       ; --           ;
; C21      ; 386        ; 7A             ; RESERVED_INPUT_WITH_WEAK_PULLUP ;        ;              ;                     ; Column I/O   ;                 ; no       ; On           ;
; C22      ; 380        ; 7A             ; ^HPS_TRST                       ;        ;              ;                     ; --           ;                 ; --       ; --           ;
; C23      ; 378        ; 7A             ; ^HPS_TMS                        ;        ;              ;                     ; --           ;                 ; --       ; --           ;
; C24      ; 367        ; 6A             ; RESERVED_INPUT_WITH_WEAK_PULLUP ;        ;              ;                     ; Row I/O      ;                 ; no       ; On           ;
; C25      ;            ; 6A             ; VCCIO6A_HPS                     ; power  ;              ; 2.5V                ; --           ;                 ; --       ; --           ;
; C26      ; 349        ; 6A             ; RESERVED_INPUT_WITH_WEAK_PULLUP ;        ;              ;                     ; Row I/O      ;                 ; no       ; On           ;
; C27      ;            ; 6A             ; VCCIO6A_HPS                     ; power  ;              ; 2.5V                ; --           ;                 ; --       ; --           ;
; C28      ; 341        ; 6A             ; RESERVED_INPUT_WITH_WEAK_PULLUP ;        ;              ;                     ; Row I/O      ;                 ; no       ; On           ;
; D1       ;            ;                ; DNU                             ;        ;              ;                     ; --           ;                 ; --       ; --           ;
; D2       ;            ;                ; DNU                             ;        ;              ;                     ; --           ;                 ; --       ; --           ;
; D3       ;            ;                ; GND                             ; gnd    ;              ;                     ; --           ;                 ; --       ; --           ;
; D4       ; 448        ; 7D             ; RESERVED_INPUT_WITH_WEAK_PULLUP ;        ;              ;                     ; Column I/O   ;                 ; no       ; On           ;
; D5       ; 455        ; 7D             ; RESERVED_INPUT_WITH_WEAK_PULLUP ;        ;              ;                     ; Column I/O   ;                 ; no       ; On           ;
; D6       ;            ; 7D             ; VCCIO7D_HPS                     ; power  ;              ; 2.5V                ; --           ;                 ; --       ; --           ;
; D7       ;            ; --             ; VCCBAT                          ; power  ;              ; 1.2V                ; --           ;                 ; --       ; --           ;
; D8       ; 465        ; 8A             ; SDRAM_DQ[5]                     ; bidir  ; 3.3-V LVTTL  ;                     ; Column I/O   ; Y               ; no       ; Off          ;
; D9       ;            ; 8A             ; VREFB8AN0                       ; power  ;              ;                     ; --           ;                 ; --       ; --           ;
; D10      ;            ;                ; GND                             ; gnd    ;              ;                     ; --           ;                 ; --       ; --           ;
; D11      ; 476        ; 8A             ; SDRAM_DQ[2]                     ; bidir  ; 3.3-V LVTTL  ;                     ; Column I/O   ; Y               ; no       ; Off          ;
; D12      ; 458        ; 8A             ; SDRAM_A[12]                     ; output ; 3.3-V LVTTL  ;                     ; Column I/O   ; Y               ; no       ; Off          ;
; D13      ;            ;                ; GND                             ; gnd    ;              ;                     ; --           ;                 ; --       ; --           ;
; D14      ; 430        ; 7C             ; RESERVED_INPUT_WITH_WEAK_PULLUP ;        ;              ;                     ; Column I/O   ;                 ; no       ; On           ;
; D15      ; 420        ; 7B             ; RESERVED_INPUT_WITH_WEAK_PULLUP ;        ;              ;                     ; Column I/O   ;                 ; no       ; On           ;
; D16      ;            ;                ; GND                             ; gnd    ;              ;                     ; --           ;                 ; --       ; --           ;
; D17      ; 410        ; 7B             ; RESERVED_INPUT_WITH_WEAK_PULLUP ;        ;              ;                     ; Column I/O   ;                 ; no       ; On           ;
; D18      ;            ; 7A             ; VCCIO7A_HPS                     ; power  ;              ; 2.5V                ; --           ;                 ; --       ; --           ;
; D19      ;            ; 7A, 7B, 7C, 7D ; VREFB7A7B7C7DN0_HPS             ; power  ;              ;                     ; --           ;                 ; --       ; --           ;
; D20      ; 385        ; 7A             ; ^HPS_CLK2                       ;        ;              ;                     ; --           ;                 ; --       ; --           ;
; D21      ; 382        ; 7A             ; ^GND                            ;        ;              ;                     ; --           ;                 ; --       ; --           ;
; D22      ; 381        ; 7A             ; ^HPS_TDI                        ;        ;              ;                     ; --           ;                 ; --       ; --           ;
; D23      ;            ;                ; DNU                             ;        ;              ;                     ; --           ;                 ; --       ; --           ;
; D24      ; 365        ; 6A             ; RESERVED_INPUT_WITH_WEAK_PULLUP ;        ;              ;                     ; Row I/O      ;                 ; no       ; On           ;
; D25      ; 371        ; 6A             ; HPS_RZQ_0                       ;        ;              ;                     ; --           ;                 ; no       ; On           ;
; D26      ; 347        ; 6A             ; RESERVED_INPUT_WITH_WEAK_PULLUP ;        ;              ;                     ; Row I/O      ;                 ; no       ; On           ;
; D27      ; 335        ; 6A             ; RESERVED_INPUT_WITH_WEAK_PULLUP ;        ;              ;                     ; Row I/O      ;                 ; no       ; On           ;
; D28      ; 333        ; 6A             ; RESERVED_INPUT_WITH_WEAK_PULLUP ;        ;              ;                     ; Row I/O      ;                 ; no       ; On           ;
; E1       ;            ;                ; GND                             ; gnd    ;              ;                     ; --           ;                 ; --       ; --           ;
; E2       ;            ;                ; GND                             ; gnd    ;              ;                     ; --           ;                 ; --       ; --           ;
; E3       ;            ;                ; GND                             ; gnd    ;              ;                     ; --           ;                 ; --       ; --           ;
; E4       ; 442        ; 7D             ; RESERVED_INPUT_WITH_WEAK_PULLUP ;        ;              ;                     ; Column I/O   ;                 ; no       ; On           ;
; E5       ; 454        ; 7D             ; RESERVED_INPUT_WITH_WEAK_PULLUP ;        ;              ;                     ; Column I/O   ;                 ; no       ; On           ;
; E6       ; 542        ; 9A             ; ^nCE                            ;        ;              ;                     ; --           ;                 ; --       ; --           ;
; E7       ;            ; 8A             ; VCCIO8A                         ; power  ;              ; 3.3V                ; --           ;                 ; --       ; --           ;
; E8       ; 463        ; 8A             ; SDRAM_DQ[0]                     ; bidir  ; 3.3-V LVTTL  ;                     ; Column I/O   ; Y               ; no       ; Off          ;
; E9       ;            ;                ; GND                             ; gnd    ;              ;                     ; --           ;                 ; --       ; --           ;
; E10      ;            ; 8A             ; VCCPD8A                         ; power  ;              ; 3.3V                ; --           ;                 ; --       ; --           ;
; E11      ; 474        ; 8A             ; FPGA_CLK3_50                    ; input  ; 3.3-V LVTTL  ;                     ; Column I/O   ; Y               ; no       ; Off          ;
; E12      ;            ;                ; DNU                             ;        ;              ;                     ; --           ;                 ; --       ; --           ;
; E13      ;            ; 7D             ; VCCPD7D_HPS                     ; power  ;              ; 2.5V                ; --           ;                 ; --       ; --           ;
; E14      ;            ; 7C             ; VCCPD7C_HPS                     ; power  ;              ; 2.5V                ; --           ;                 ; --       ; --           ;
; E15      ;            ; --             ; VCC_AUX                         ; power  ;              ; 2.5V                ; --           ;                 ; --       ; --           ;
; E16      ; 412        ; 7B             ; RESERVED_INPUT_WITH_WEAK_PULLUP ;        ;              ;                     ; Column I/O   ;                 ; no       ; On           ;
; E17      ;            ; 7B             ; VCCPD7B_HPS                     ; power  ;              ; 2.5V                ; --           ;                 ; --       ; --           ;
; E18      ; 383        ; 7A             ; ^HPS_PORSEL                     ;        ;              ;                     ; --           ;                 ; --       ; --           ;
; E19      ;            ;                ; GND                             ; gnd    ;              ;                     ; --           ;                 ; --       ; --           ;
; E20      ; 384        ; 7A             ; ^HPS_CLK1                       ;        ;              ;                     ; --           ;                 ; --       ; --           ;
; E21      ;            ; 7A             ; VCCPD7A_HPS                     ; power  ;              ; 2.5V                ; --           ;                 ; --       ; --           ;
; E22      ;            ;                ; GND                             ; gnd    ;              ;                     ; --           ;                 ; --       ; --           ;
; E23      ; 373        ; 7A             ; ^GND                            ;        ;              ;                     ; --           ;                 ; --       ; --           ;
; E24      ;            ;                ; GND                             ; gnd    ;              ;                     ; --           ;                 ; --       ; --           ;
; E25      ; 369        ; 6A             ; RESERVED_INPUT_WITH_WEAK_PULLUP ;        ;              ;                     ; Row I/O      ;                 ; no       ; On           ;
; E26      ; 345        ; 6A             ; RESERVED_INPUT_WITH_WEAK_PULLUP ;        ;              ;                     ; Row I/O      ;                 ; no       ; On           ;
; E27      ;            ;                ; GND                             ; gnd    ;              ;                     ; --           ;                 ; --       ; --           ;
; E28      ; 337        ; 6A             ; RESERVED_INPUT_WITH_WEAK_PULLUP ;        ;              ;                     ; Row I/O      ;                 ; no       ; On           ;
; F1       ;            ;                ; GND                             ; gnd    ;              ;                     ; --           ;                 ; --       ; --           ;
; F2       ;            ;                ; GND                             ; gnd    ;              ;                     ; --           ;                 ; --       ; --           ;
; F3       ;            ;                ; GND                             ; gnd    ;              ;                     ; --           ;                 ; --       ; --           ;
; F4       ; 450        ; 7D             ; RESERVED_INPUT_WITH_WEAK_PULLUP ;        ;              ;                     ; Column I/O   ;                 ; no       ; On           ;
; F5       ; 444        ; 7D             ; RESERVED_INPUT_WITH_WEAK_PULLUP ;        ;              ;                     ; Column I/O   ;                 ; no       ; On           ;
; F6       ; 547        ; 9A             ; ^GND                            ;        ;              ;                     ; --           ;                 ; --       ; --           ;
; F7       ; 545        ; 9A             ; ^nCONFIG                        ;        ;              ;                     ; --           ;                 ; --       ; --           ;
; F8       ;            ; --             ; VCC_AUX                         ; power  ;              ; 2.5V                ; --           ;                 ; --       ; --           ;
; F21      ;            ; --             ; VCC_AUX_SHARED                  ; power  ;              ; 2.5V                ; --           ;                 ; --       ; --           ;
; F22      ;            ; --             ; VCCRSTCLK_HPS                   ; power  ;              ; 1.8V/2.5V/3.0V/3.3V ; --           ;                 ; --       ; --           ;
; F23      ; 372        ; 7A             ; ^GND                            ;        ;              ;                     ; --           ;                 ; --       ; --           ;
; F24      ; 370        ; 6A             ; RESERVED_INPUT_WITH_WEAK_PULLUP ;        ;              ;                     ; Row I/O      ;                 ; no       ; On           ;
; F25      ; 362        ; 6A             ; RESERVED_INPUT_WITH_WEAK_PULLUP ;        ;              ;                     ; Row I/O      ;                 ; no       ; On           ;
; F26      ; 360        ; 6A             ; RESERVED_INPUT_WITH_WEAK_PULLUP ;        ;              ;                     ; Row I/O      ;                 ; no       ; On           ;
; F27      ;            ; 6A             ; VCCIO6A_HPS                     ; power  ;              ; 2.5V                ; --           ;                 ; --       ; --           ;
; F28      ; 327        ; 6A             ; RESERVED_INPUT_WITH_WEAK_PULLUP ;        ;              ;                     ; Row I/O      ;                 ; no       ; On           ;
; G1       ;            ;                ; GND                             ; gnd    ;              ;                     ; --           ;                 ; --       ; --           ;
; G2       ;            ;                ; GND                             ; gnd    ;              ;                     ; --           ;                 ; --       ; --           ;
; G3       ;            ;                ; GND                             ; gnd    ;              ;                     ; --           ;                 ; --       ; --           ;
; G4       ; 452        ; 7D             ; RESERVED_INPUT_WITH_WEAK_PULLUP ;        ;              ;                     ; Column I/O   ;                 ; no       ; On           ;
; G5       ;            ; 7D             ; VCCIO7D_HPS                     ; power  ;              ; 2.5V                ; --           ;                 ; --       ; --           ;
; G6       ; 543        ; 9A             ; ^MSEL2                          ;        ;              ;                     ; --           ;                 ; --       ; --           ;
; G23      ; 368        ; 6A             ; RESERVED_INPUT_WITH_WEAK_PULLUP ;        ;              ;                     ; Row I/O      ;                 ; no       ; On           ;
; G24      ;            ; 6A             ; VCCIO6A_HPS                     ; power  ;              ; 2.5V                ; --           ;                 ; --       ; --           ;
; G25      ; 354        ; 6A             ; RESERVED_INPUT_WITH_WEAK_PULLUP ;        ;              ;                     ; Row I/O      ;                 ; no       ; On           ;
; G26      ; 331        ; 6A             ; RESERVED_INPUT_WITH_WEAK_PULLUP ;        ;              ;                     ; Row I/O      ;                 ; no       ; On           ;
; G27      ; 329        ; 6A             ; RESERVED_INPUT_WITH_WEAK_PULLUP ;        ;              ;                     ; Row I/O      ;                 ; no       ; On           ;
; G28      ; 325        ; 6A             ; RESERVED_INPUT_WITH_WEAK_PULLUP ;        ;              ;                     ; Row I/O      ;                 ; no       ; On           ;
; H1       ;            ;                ; DNU                             ;        ;              ;                     ; --           ;                 ; --       ; --           ;
; H2       ;            ;                ; DNU                             ;        ;              ;                     ; --           ;                 ; --       ; --           ;
; H3       ;            ;                ; GND                             ; gnd    ;              ;                     ; --           ;                 ; --       ; --           ;
; H4       ;            ;                ; GND                             ; gnd    ;              ;                     ; --           ;                 ; --       ; --           ;
; H5       ;            ;                ; GND                             ; gnd    ;              ;                     ; --           ;                 ; --       ; --           ;
; H6       ;            ;                ; GND                             ; gnd    ;              ;                     ; --           ;                 ; --       ; --           ;
; H8       ; 541        ; 9A             ; ^nSTATUS                        ;        ;              ;                     ; --           ;                 ; --       ; --           ;
; H9       ; 540        ; 9A             ; ^MSEL1                          ;        ;              ;                     ; --           ;                 ; --       ; --           ;
; H10      ;            ; --             ; VCCPGM                          ; power  ;              ; 1.8V/2.5V/3.0V/3.3V ; --           ;                 ; --       ; --           ;
; H11      ;            ;                ; GND                             ; gnd    ;              ;                     ; --           ;                 ; --       ; --           ;
; H12      ; 436        ; 7C             ; RESERVED_INPUT_WITH_WEAK_PULLUP ;        ;              ;                     ; Column I/O   ;                 ; no       ; On           ;
; H13      ; 434        ; 7C             ; RESERVED_INPUT_WITH_WEAK_PULLUP ;        ;              ;                     ; Column I/O   ;                 ; no       ; On           ;
; H14      ;            ; 7B             ; VCCIO7B_HPS                     ; power  ;              ; 2.5V                ; --           ;                 ; --       ; --           ;
; H15      ;            ;                ; GND                             ; gnd    ;              ;                     ; --           ;                 ; --       ; --           ;
; H16      ; 422        ; 7B             ; RESERVED_INPUT_WITH_WEAK_PULLUP ;        ;              ;                     ; Column I/O   ;                 ; no       ; On           ;
; H17      ; 400        ; 7A             ; RESERVED_INPUT_WITH_WEAK_PULLUP ;        ;              ;                     ; Column I/O   ;                 ; no       ; On           ;
; H18      ;            ;                ; GND                             ; gnd    ;              ;                     ; --           ;                 ; --       ; --           ;
; H19      ; 375        ; 7A             ; ^HPS_nPOR                       ;        ;              ;                     ; --           ;                 ; --       ; --           ;
; H20      ;            ;                ; GND                             ; gnd    ;              ;                     ; --           ;                 ; --       ; --           ;
; H21      ;            ; 6A             ; VCCIO6A_HPS                     ; power  ;              ; 2.5V                ; --           ;                 ; --       ; --           ;
; H23      ;            ; --             ; VCCPLL_HPS                      ; power  ;              ; 2.5V                ; --           ;                 ; --       ; --           ;
; H24      ;            ;                ; GND                             ; gnd    ;              ;                     ; --           ;                 ; --       ; --           ;
; H25      ; 352        ; 6A             ; RESERVED_INPUT_WITH_WEAK_PULLUP ;        ;              ;                     ; Row I/O      ;                 ; no       ; On           ;
; H26      ;            ; 6A             ; VCCIO6A_HPS                     ; power  ;              ; 2.5V                ; --           ;                 ; --       ; --           ;
; H27      ;            ;                ; GND                             ; gnd    ;              ;                     ; --           ;                 ; --       ; --           ;
; H28      ; 339        ; 6A             ; RESERVED_INPUT_WITH_WEAK_PULLUP ;        ;              ;                     ; Row I/O      ;                 ; --       ; --           ;
; J1       ;            ;                ; GND                             ; gnd    ;              ;                     ; --           ;                 ; --       ; --           ;
; J2       ;            ;                ; GND                             ; gnd    ;              ;                     ; --           ;                 ; --       ; --           ;
; J3       ;            ;                ; GND                             ; gnd    ;              ;                     ; --           ;                 ; --       ; --           ;
; J4       ;            ; --             ; VCCA_FPLL                       ; power  ;              ; 2.5V                ; --           ;                 ; --       ; --           ;
; J5       ;            ;                ; GND                             ; gnd    ;              ;                     ; --           ;                 ; --       ; --           ;
; J8       ; 539        ; 9A             ; ^CONF_DONE                      ;        ;              ;                     ; --           ;                 ; --       ; --           ;
; J9       ;            ;                ; GND                             ; gnd    ;              ;                     ; --           ;                 ; --       ; --           ;
; J10      ; 538        ; 9A             ; ^MSEL0                          ;        ;              ;                     ; --           ;                 ; --       ; --           ;
; J11      ;            ; --             ; VCC                             ; power  ;              ; 1.1V                ; --           ;                 ; --       ; --           ;
; J12      ; 416        ; 7B             ; RESERVED_INPUT_WITH_WEAK_PULLUP ;        ;              ;                     ; Column I/O   ;                 ; no       ; On           ;
; J13      ; 414        ; 7B             ; RESERVED_INPUT_WITH_WEAK_PULLUP ;        ;              ;                     ; Column I/O   ;                 ; no       ; On           ;
; J14      ; 408        ; 7B             ; RESERVED_INPUT_WITH_WEAK_PULLUP ;        ;              ;                     ; Column I/O   ;                 ; no       ; On           ;
; J15      ; 406        ; 7B             ; RESERVED_INPUT_WITH_WEAK_PULLUP ;        ;              ;                     ; Column I/O   ;                 ; no       ; On           ;
; J16      ; 424        ; 7B             ; RESERVED_INPUT_WITH_WEAK_PULLUP ;        ;              ;                     ; Column I/O   ;                 ; no       ; On           ;
; J17      ; 398        ; 7A             ; RESERVED_INPUT_WITH_WEAK_PULLUP ;        ;              ;                     ; Column I/O   ;                 ; no       ; On           ;
; J18      ; 392        ; 7A             ; RESERVED_INPUT_WITH_WEAK_PULLUP ;        ;              ;                     ; Column I/O   ;                 ; no       ; On           ;
; J19      ; 377        ; 7A             ; ^VCCRSTCLK_HPS                  ;        ;              ;                     ; --           ;                 ; --       ; --           ;
; J20      ; 346        ; 6A             ; RESERVED_INPUT_WITH_WEAK_PULLUP ;        ;              ;                     ; Row I/O      ;                 ; no       ; On           ;
; J21      ; 344        ; 6A             ; RESERVED_INPUT_WITH_WEAK_PULLUP ;        ;              ;                     ; Row I/O      ;                 ; no       ; On           ;
; J24      ; 336        ; 6A             ; RESERVED_INPUT_WITH_WEAK_PULLUP ;        ;              ;                     ; Row I/O      ;                 ; no       ; On           ;
; J25      ; 338        ; 6A             ; RESERVED_INPUT_WITH_WEAK_PULLUP ;        ;              ;                     ; Row I/O      ;                 ; no       ; On           ;
; J26      ; 330        ; 6A             ; RESERVED_INPUT_WITH_WEAK_PULLUP ;        ;              ;                     ; Row I/O      ;                 ; no       ; On           ;
; J27      ; 321        ; 6A             ; RESERVED_INPUT_WITH_WEAK_PULLUP ;        ;              ;                     ; Row I/O      ;                 ; no       ; On           ;
; J28      ; 319        ; 6A             ; RESERVED_INPUT_WITH_WEAK_PULLUP ;        ;              ;                     ; Row I/O      ;                 ; no       ; On           ;
; K1       ;            ;                ; GND                             ; gnd    ;              ;                     ; --           ;                 ; --       ; --           ;
; K2       ;            ;                ; GND                             ; gnd    ;              ;                     ; --           ;                 ; --       ; --           ;
; K3       ;            ;                ; GND                             ; gnd    ;              ;                     ; --           ;                 ; --       ; --           ;
; K4       ;            ;                ; GND                             ; gnd    ;              ;                     ; --           ;                 ; --       ; --           ;
; K5       ;            ; --             ; VCCA_FPLL                       ; power  ;              ; 2.5V                ; --           ;                 ; --       ; --           ;
; K8       ;            ;                ; GND                             ; gnd    ;              ;                     ; --           ;                 ; --       ; --           ;
; K9       ; 546        ; 9A             ; ^MSEL4                          ;        ;              ;                     ; --           ;                 ; --       ; --           ;
; K10      ; 544        ; 9A             ; ^MSEL3                          ;        ;              ;                     ; --           ;                 ; --       ; --           ;
; K11      ;            ;                ; GND                             ; gnd    ;              ;                     ; --           ;                 ; --       ; --           ;
; K12      ;            ;                ; GND                             ; gnd    ;              ;                     ; --           ;                 ; --       ; --           ;
; K13      ;            ; --             ; VCC                             ; power  ;              ; 1.1V                ; --           ;                 ; --       ; --           ;
; K14      ;            ;                ; GND                             ; gnd    ;              ;                     ; --           ;                 ; --       ; --           ;
; K15      ;            ; --             ; VCC                             ; power  ;              ; 1.1V                ; --           ;                 ; --       ; --           ;
; K16      ;            ;                ; GND                             ; gnd    ;              ;                     ; --           ;                 ; --       ; --           ;
; K17      ;            ; --             ; VCC_HPS                         ; power  ;              ; 1.1V                ; --           ;                 ; --       ; --           ;
; K18      ; 390        ; 7A             ; RESERVED_INPUT_WITH_WEAK_PULLUP ;        ;              ;                     ; Column I/O   ;                 ; no       ; On           ;
; K19      ; 379        ; 7A             ; ^HPS_TCK                        ;        ;              ;                     ; --           ;                 ; --       ; --           ;
; K20      ;            ;                ; GND                             ; gnd    ;              ;                     ; --           ;                 ; --       ; --           ;
; K21      ;            ; 6A, 6B         ; VCCPD6A6B_HPS                   ; power  ;              ; 2.5V                ; --           ;                 ; --       ; --           ;
; K24      ;            ; 6A, 6B         ; VCCPD6A6B_HPS                   ; power  ;              ; 2.5V                ; --           ;                 ; --       ; --           ;
; K25      ; 322        ; 6A             ; RESERVED_INPUT_WITH_WEAK_PULLUP ;        ;              ;                     ; Row I/O      ;                 ; no       ; On           ;
; K26      ; 328        ; 6A             ; RESERVED_INPUT_WITH_WEAK_PULLUP ;        ;              ;                     ; Row I/O      ;                 ; no       ; On           ;
; K27      ; 323        ; 6A             ; RESERVED_INPUT_WITH_WEAK_PULLUP ;        ;              ;                     ; Row I/O      ;                 ; no       ; On           ;
; K28      ; 317        ; 6A             ; RESERVED_INPUT_WITH_WEAK_PULLUP ;        ;              ;                     ; Row I/O      ;                 ; no       ; On           ;
; L1       ;            ;                ; GND                             ; gnd    ;              ;                     ; --           ;                 ; --       ; --           ;
; L2       ;            ;                ; GND                             ; gnd    ;              ;                     ; --           ;                 ; --       ; --           ;
; L3       ;            ;                ; GND                             ; gnd    ;              ;                     ; --           ;                 ; --       ; --           ;
; L4       ;            ; --             ; VCC                             ; power  ;              ; 1.1V                ; --           ;                 ; --       ; --           ;
; L5       ;            ;                ; GND                             ; gnd    ;              ;                     ; --           ;                 ; --       ; --           ;
; L8       ;            ;                ; GND                             ; gnd    ;              ;                     ; --           ;                 ; --       ; --           ;
; L9       ;            ;                ; GND                             ; gnd    ;              ;                     ; --           ;                 ; --       ; --           ;
; L10      ;            ;                ; GND                             ; gnd    ;              ;                     ; --           ;                 ; --       ; --           ;
; L11      ;            ; --             ; VCC                             ; power  ;              ; 1.1V                ; --           ;                 ; --       ; --           ;
; L12      ;            ; --             ; VCC                             ; power  ;              ; 1.1V                ; --           ;                 ; --       ; --           ;
; L13      ;            ;                ; GND                             ; gnd    ;              ;                     ; --           ;                 ; --       ; --           ;
; L14      ;            ; --             ; VCC                             ; power  ;              ; 1.1V                ; --           ;                 ; --       ; --           ;
; L15      ;            ;                ; GND                             ; gnd    ;              ;                     ; --           ;                 ; --       ; --           ;
; L16      ;            ; --             ; VCC_HPS                         ; power  ;              ; 1.1V                ; --           ;                 ; --       ; --           ;
; L17      ;            ;                ; GND                             ; gnd    ;              ;                     ; --           ;                 ; --       ; --           ;
; L18      ;            ; --             ; VCC_HPS                         ; power  ;              ; 1.1V                ; --           ;                 ; --       ; --           ;
; L19      ;            ;                ; GND                             ; gnd    ;              ;                     ; --           ;                 ; --       ; --           ;
; L20      ; 366        ; 6A             ; RESERVED_INPUT_WITH_WEAK_PULLUP ;        ;              ;                     ; Row I/O      ;                 ; no       ; On           ;
; L21      ; 364        ; 6A             ; RESERVED_INPUT_WITH_WEAK_PULLUP ;        ;              ;                     ; Row I/O      ;                 ; no       ; On           ;
; L24      ;            ;                ; GND                             ; gnd    ;              ;                     ; --           ;                 ; --       ; --           ;
; L25      ; 320        ; 6A             ; RESERVED_INPUT_WITH_WEAK_PULLUP ;        ;              ;                     ; Row I/O      ;                 ; no       ; On           ;
; L26      ;            ; 6A             ; VCCIO6A_HPS                     ; power  ;              ; 2.5V                ; --           ;                 ; --       ; --           ;
; L27      ;            ;                ; GND                             ; gnd    ;              ;                     ; --           ;                 ; --       ; --           ;
; L28      ; 315        ; 6A             ; RESERVED_INPUT_WITH_WEAK_PULLUP ;        ;              ;                     ; Row I/O      ;                 ; no       ; On           ;
; M1       ;            ;                ; DNU                             ;        ;              ;                     ; --           ;                 ; --       ; --           ;
; M2       ;            ;                ; DNU                             ;        ;              ;                     ; --           ;                 ; --       ; --           ;
; M3       ;            ;                ; GND                             ; gnd    ;              ;                     ; --           ;                 ; --       ; --           ;
; M4       ;            ; --             ; VCCA_FPLL                       ; power  ;              ; 2.5V                ; --           ;                 ; --       ; --           ;
; M5       ;            ; --             ; VCC                             ; power  ;              ; 1.1V                ; --           ;                 ; --       ; --           ;
; M8       ;            ;                ; GND                             ; gnd    ;              ;                     ; --           ;                 ; --       ; --           ;
; M9       ;            ; --             ; VCC                             ; power  ;              ; 1.1V                ; --           ;                 ; --       ; --           ;
; M10      ;            ;                ; GND                             ; gnd    ;              ;                     ; --           ;                 ; --       ; --           ;
; M11      ;            ;                ; GND                             ; gnd    ;              ;                     ; --           ;                 ; --       ; --           ;
; M12      ;            ; --             ; VCC                             ; power  ;              ; 1.1V                ; --           ;                 ; --       ; --           ;
; M13      ;            ; --             ; VCC                             ; power  ;              ; 1.1V                ; --           ;                 ; --       ; --           ;
; M14      ;            ;                ; GND                             ; gnd    ;              ;                     ; --           ;                 ; --       ; --           ;
; M15      ;            ; --             ; VCC                             ; power  ;              ; 1.1V                ; --           ;                 ; --       ; --           ;
; M16      ;            ;                ; GND                             ; gnd    ;              ;                     ; --           ;                 ; --       ; --           ;
; M17      ;            ; --             ; VCC_HPS                         ; power  ;              ; 1.1V                ; --           ;                 ; --       ; --           ;
; M18      ;            ; --             ; VCC_HPS                         ; power  ;              ; 1.1V                ; --           ;                 ; --       ; --           ;
; M19      ;            ; --             ; VCC_HPS                         ; power  ;              ; 1.1V                ; --           ;                 ; --       ; --           ;
; M20      ;            ;                ; GND                             ; gnd    ;              ;                     ; --           ;                 ; --       ; --           ;
; M21      ;            ; 6A             ; VCCIO6A_HPS                     ; power  ;              ; 2.5V                ; --           ;                 ; --       ; --           ;
; M24      ;            ; 6A, 6B         ; VCCPD6A6B_HPS                   ; power  ;              ; 2.5V                ; --           ;                 ; --       ; --           ;
; M25      ; 324        ; 6A             ; RESERVED_INPUT_WITH_WEAK_PULLUP ;        ;              ;                     ; Row I/O      ;                 ; no       ; On           ;
; M26      ; 312        ; 6A             ; RESERVED_INPUT_WITH_WEAK_PULLUP ;        ;              ;                     ; Row I/O      ;                 ; no       ; On           ;
; M27      ; 314        ; 6A             ; RESERVED_INPUT_WITH_WEAK_PULLUP ;        ;              ;                     ; Row I/O      ;                 ; no       ; On           ;
; M28      ; 313        ; 6A             ; RESERVED_INPUT_WITH_WEAK_PULLUP ;        ;              ;                     ; Row I/O      ;                 ; no       ; On           ;
; N1       ;            ;                ; GND                             ; gnd    ;              ;                     ; --           ;                 ; --       ; --           ;
; N2       ;            ;                ; GND                             ; gnd    ;              ;                     ; --           ;                 ; --       ; --           ;
; N3       ;            ;                ; GND                             ; gnd    ;              ;                     ; --           ;                 ; --       ; --           ;
; N4       ;            ;                ; GND                             ; gnd    ;              ;                     ; --           ;                 ; --       ; --           ;
; N5       ;            ; --             ; VCC                             ; power  ;              ; 1.1V                ; --           ;                 ; --       ; --           ;
; N8       ;            ;                ; GND                             ; gnd    ;              ;                     ; --           ;                 ; --       ; --           ;
; N9       ;            ; --             ; VCC                             ; power  ;              ; 1.1V                ; --           ;                 ; --       ; --           ;
; N10      ;            ; --             ; VCC                             ; power  ;              ; 1.1V                ; --           ;                 ; --       ; --           ;
; N11      ;            ; --             ; VCC                             ; power  ;              ; 1.1V                ; --           ;                 ; --       ; --           ;
; N12      ;            ; --             ; VCC                             ; power  ;              ; 1.1V                ; --           ;                 ; --       ; --           ;
; N13      ;            ;                ; GND                             ; gnd    ;              ;                     ; --           ;                 ; --       ; --           ;
; N14      ;            ; --             ; VCC                             ; power  ;              ; 1.1V                ; --           ;                 ; --       ; --           ;
; N15      ;            ;                ; GND                             ; gnd    ;              ;                     ; --           ;                 ; --       ; --           ;
; N16      ;            ; --             ; VCC_HPS                         ; power  ;              ; 1.1V                ; --           ;                 ; --       ; --           ;
; N17      ;            ;                ; GND                             ; gnd    ;              ;                     ; --           ;                 ; --       ; --           ;
; N18      ;            ; --             ; VCC_HPS                         ; power  ;              ; 1.1V                ; --           ;                 ; --       ; --           ;
; N19      ;            ;                ; GND                             ; gnd    ;              ;                     ; --           ;                 ; --       ; --           ;
; N20      ; 350        ; 6A             ; RESERVED_INPUT_WITH_WEAK_PULLUP ;        ;              ;                     ; Row I/O      ;                 ; no       ; On           ;
; N21      ; 348        ; 6A             ; RESERVED_INPUT_WITH_WEAK_PULLUP ;        ;              ;                     ; Row I/O      ;                 ; no       ; On           ;
; N24      ; 306        ; 6B             ; RESERVED_INPUT_WITH_WEAK_PULLUP ;        ;              ;                     ; Row I/O      ;                 ; no       ; On           ;
; N25      ; 304        ; 6B             ; RESERVED_INPUT_WITH_WEAK_PULLUP ;        ;              ;                     ; Row I/O      ;                 ; no       ; On           ;
; N26      ; 298        ; 6B             ; RESERVED_INPUT_WITH_WEAK_PULLUP ;        ;              ;                     ; Row I/O      ;                 ; no       ; On           ;
; N27      ; 296        ; 6B             ; RESERVED_INPUT_WITH_WEAK_PULLUP ;        ;              ;                     ; Row I/O      ;                 ; no       ; On           ;
; N28      ; 311        ; 6A             ; RESERVED_INPUT_WITH_WEAK_PULLUP ;        ;              ;                     ; Row I/O      ;                 ; no       ; On           ;
; P1       ;            ;                ; GND                             ; gnd    ;              ;                     ; --           ;                 ; --       ; --           ;
; P2       ;            ;                ; GND                             ; gnd    ;              ;                     ; --           ;                 ; --       ; --           ;
; P3       ;            ;                ; GND                             ; gnd    ;              ;                     ; --           ;                 ; --       ; --           ;
; P4       ;            ; --             ; VCCA_FPLL                       ; power  ;              ; 2.5V                ; --           ;                 ; --       ; --           ;
; P5       ;            ;                ; GND                             ; gnd    ;              ;                     ; --           ;                 ; --       ; --           ;
; P8       ;            ;                ; GND                             ; gnd    ;              ;                     ; --           ;                 ; --       ; --           ;
; P9       ;            ;                ; GND                             ; gnd    ;              ;                     ; --           ;                 ; --       ; --           ;
; P10      ;            ;                ; GND                             ; gnd    ;              ;                     ; --           ;                 ; --       ; --           ;
; P11      ;            ; --             ; VCC                             ; power  ;              ; 1.1V                ; --           ;                 ; --       ; --           ;
; P12      ;            ;                ; GND                             ; gnd    ;              ;                     ; --           ;                 ; --       ; --           ;
; P13      ;            ; --             ; VCC                             ; power  ;              ; 1.1V                ; --           ;                 ; --       ; --           ;
; P14      ;            ; --             ; VCC                             ; power  ;              ; 1.1V                ; --           ;                 ; --       ; --           ;
; P15      ;            ; --             ; VCC                             ; power  ;              ; 1.1V                ; --           ;                 ; --       ; --           ;
; P16      ;            ;                ; GND                             ; gnd    ;              ;                     ; --           ;                 ; --       ; --           ;
; P17      ;            ; --             ; VCC_HPS                         ; power  ;              ; 1.1V                ; --           ;                 ; --       ; --           ;
; P18      ;            ;                ; GND                             ; gnd    ;              ;                     ; --           ;                 ; --       ; --           ;
; P19      ;            ; --             ; VCC_HPS                         ; power  ;              ; 1.1V                ; --           ;                 ; --       ; --           ;
; P20      ;            ;                ; GND                             ; gnd    ;              ;                     ; --           ;                 ; --       ; --           ;
; P21      ;            ; 6A, 6B         ; VCCPD6A6B_HPS                   ; power  ;              ; 2.5V                ; --           ;                 ; --       ; --           ;
; P24      ;            ; 6A, 6B         ; VCCPD6A6B_HPS                   ; power  ;              ; 2.5V                ; --           ;                 ; --       ; --           ;
; P25      ;            ;                ; GND                             ; gnd    ;              ;                     ; --           ;                 ; --       ; --           ;
; P26      ; 299        ; 6B             ; RESERVED_INPUT_WITH_WEAK_PULLUP ;        ;              ;                     ; Row I/O      ;                 ; no       ; On           ;
; P27      ;            ; 6B             ; VCCIO6B_HPS                     ; power  ;              ; 2.5V                ; --           ;                 ; --       ; --           ;
; P28      ; 309        ; 6A             ; RESERVED_INPUT_WITH_WEAK_PULLUP ;        ;              ;                     ; Row I/O      ;                 ; no       ; On           ;
; R1       ;            ;                ; GND                             ; gnd    ;              ;                     ; --           ;                 ; --       ; --           ;
; R2       ;            ;                ; GND                             ; gnd    ;              ;                     ; --           ;                 ; --       ; --           ;
; R3       ;            ;                ; GND                             ; gnd    ;              ;                     ; --           ;                 ; --       ; --           ;
; R4       ;            ; --             ; VCCA_FPLL                       ; power  ;              ; 2.5V                ; --           ;                 ; --       ; --           ;
; R5       ;            ; --             ; VCC                             ; power  ;              ; 1.1V                ; --           ;                 ; --       ; --           ;
; R8       ;            ;                ; GND                             ; gnd    ;              ;                     ; --           ;                 ; --       ; --           ;
; R9       ;            ; --             ; VCC                             ; power  ;              ; 1.1V                ; --           ;                 ; --       ; --           ;
; R10      ;            ; --             ; VCC                             ; power  ;              ; 1.1V                ; --           ;                 ; --       ; --           ;
; R11      ;            ;                ; GND                             ; gnd    ;              ;                     ; --           ;                 ; --       ; --           ;
; R12      ;            ; --             ; VCC                             ; power  ;              ; 1.1V                ; --           ;                 ; --       ; --           ;
; R13      ;            ;                ; GND                             ; gnd    ;              ;                     ; --           ;                 ; --       ; --           ;
; R14      ;            ; --             ; VCC                             ; power  ;              ; 1.1V                ; --           ;                 ; --       ; --           ;
; R15      ;            ;                ; GND                             ; gnd    ;              ;                     ; --           ;                 ; --       ; --           ;
; R16      ; 334        ; 6A             ; RESERVED_INPUT_WITH_WEAK_PULLUP ;        ;              ;                     ; Row I/O      ;                 ; no       ; On           ;
; R17      ; 332        ; 6A             ; RESERVED_INPUT_WITH_WEAK_PULLUP ;        ;              ;                     ; Row I/O      ;                 ; no       ; On           ;
; R18      ; 318        ; 6A             ; RESERVED_INPUT_WITH_WEAK_PULLUP ;        ;              ;                     ; Row I/O      ;                 ; no       ; On           ;
; R19      ; 316        ; 6A             ; RESERVED_INPUT_WITH_WEAK_PULLUP ;        ;              ;                     ; Row I/O      ;                 ; no       ; On           ;
; R20      ; 310        ; 6A             ; RESERVED_INPUT_WITH_WEAK_PULLUP ;        ;              ;                     ; Row I/O      ;                 ; no       ; On           ;
; R21      ; 308        ; 6A             ; RESERVED_INPUT_WITH_WEAK_PULLUP ;        ;              ;                     ; Row I/O      ;                 ; no       ; On           ;
; R24      ; 282        ; 6B             ; RESERVED_INPUT_WITH_WEAK_PULLUP ;        ;              ;                     ; Row I/O      ;                 ; no       ; On           ;
; R25      ; 288        ; 6B             ; RESERVED_INPUT_WITH_WEAK_PULLUP ;        ;              ;                     ; Row I/O      ;                 ; no       ; On           ;
; R26      ; 290        ; 6B             ; RESERVED_INPUT_WITH_WEAK_PULLUP ;        ;              ;                     ; Row I/O      ;                 ; no       ; On           ;
; R27      ; 297        ; 6B             ; RESERVED_INPUT_WITH_WEAK_PULLUP ;        ;              ;                     ; Row I/O      ;                 ; no       ; On           ;
; R28      ; 307        ; 6B             ; RESERVED_INPUT_WITH_WEAK_PULLUP ;        ;              ;                     ; Row I/O      ;                 ; no       ; On           ;
; T1       ;            ;                ; DNU                             ;        ;              ;                     ; --           ;                 ; --       ; --           ;
; T2       ;            ;                ; DNU                             ;        ;              ;                     ; --           ;                 ; --       ; --           ;
; T3       ;            ;                ; GND                             ; gnd    ;              ;                     ; --           ;                 ; --       ; --           ;
; T4       ;            ; --             ; VCC                             ; power  ;              ; 1.1V                ; --           ;                 ; --       ; --           ;
; T5       ;            ; --             ; VCC                             ; power  ;              ; 1.1V                ; --           ;                 ; --       ; --           ;
; T8       ; 56         ; 3A             ; HDMI_TX_HS                      ; output ; 3.3-V LVTTL  ;                     ; Column I/O   ; Y               ; no       ; Off          ;
; T9       ;            ; --             ; VCC                             ; power  ;              ; 1.1V                ; --           ;                 ; --       ; --           ;
; T10      ;            ;                ; GND                             ; gnd    ;              ;                     ; --           ;                 ; --       ; --           ;
; T11      ; 106        ; 3B             ; HDMI_LRCLK                      ; output ; 3.3-V LVTTL  ;                     ; Column I/O   ; Y               ; no       ; Off          ;
; T12      ; 120        ; 3B             ; HDMI_SCLK                       ; output ; 3.3-V LVTTL  ;                     ; Column I/O   ; Y               ; no       ; Off          ;
; T13      ; 122        ; 3B             ; HDMI_I2S                        ; output ; 3.3-V LVTTL  ;                     ; Column I/O   ; Y               ; no       ; Off          ;
; T14      ;            ;                ; GND                             ; gnd    ;              ;                     ; --           ;                 ; --       ; --           ;
; T15      ;            ; --             ; VCC                             ; power  ;              ; 1.1V                ; --           ;                 ; --       ; --           ;
; T16      ; 292        ; 6B             ; RESERVED_INPUT_WITH_WEAK_PULLUP ;        ;              ;                     ; Row I/O      ;                 ; no       ; On           ;
; T17      ; 294        ; 6B             ; RESERVED_INPUT_WITH_WEAK_PULLUP ;        ;              ;                     ; Row I/O      ;                 ; no       ; On           ;
; T18      ; 302        ; 6B             ; RESERVED_INPUT_WITH_WEAK_PULLUP ;        ;              ;                     ; Row I/O      ;                 ; no       ; On           ;
; T19      ; 300        ; 6B             ; RESERVED_INPUT_WITH_WEAK_PULLUP ;        ;              ;                     ; Row I/O      ;                 ; no       ; On           ;
; T20      ; 286        ; 6B             ; RESERVED_INPUT_WITH_WEAK_PULLUP ;        ;              ;                     ; Row I/O      ;                 ; no       ; On           ;
; T21      ;            ; 6B             ; VCCIO6B_HPS                     ; power  ;              ; 2.5V                ; --           ;                 ; --       ; --           ;
; T24      ; 280        ; 6B             ; RESERVED_INPUT_WITH_WEAK_PULLUP ;        ;              ;                     ; Row I/O      ;                 ; no       ; On           ;
; T25      ;            ; 6B             ; VCCIO6B_HPS                     ; power  ;              ; 2.5V                ; --           ;                 ; --       ; --           ;
; T26      ; 274        ; 6B             ; RESERVED_INPUT_WITH_WEAK_PULLUP ;        ;              ;                     ; Row I/O      ;                 ; no       ; On           ;
; T27      ; 283        ; 6B             ; RESERVED_INPUT_WITH_WEAK_PULLUP ;        ;              ;                     ; Row I/O      ;                 ; --       ; --           ;
; T28      ; 305        ; 6B             ; RESERVED_INPUT_WITH_WEAK_PULLUP ;        ;              ;                     ; Row I/O      ;                 ; no       ; On           ;
; U1       ;            ;                ; GND                             ; gnd    ;              ;                     ; --           ;                 ; --       ; --           ;
; U2       ;            ;                ; GND                             ; gnd    ;              ;                     ; --           ;                 ; --       ; --           ;
; U3       ;            ;                ; GND                             ; gnd    ;              ;                     ; --           ;                 ; --       ; --           ;
; U4       ;            ; --             ; VCCA_FPLL                       ; power  ;              ; 2.5V                ; --           ;                 ; --       ; --           ;
; U5       ;            ;                ; GND                             ; gnd    ;              ;                     ; --           ;                 ; --       ; --           ;
; U8       ;            ;                ; DNU                             ;        ;              ;                     ; --           ;                 ; --       ; --           ;
; U9       ; 58         ; 3A             ; ADC_CONVST                      ; output ; 3.3-V LVTTL  ;                     ; Column I/O   ; Y               ; no       ; Off          ;
; U10      ; 62         ; 3A             ; HDMI_I2C_SCL                    ; output ; 3.3-V LVTTL  ;                     ; Column I/O   ; Y               ; no       ; Off          ;
; U11      ; 104        ; 3B             ; HDMI_MCLK                       ; output ; 3.3-V LVTTL  ;                     ; Column I/O   ; Y               ; no       ; Off          ;
; U12      ;            ;                ; GND                             ; gnd    ;              ;                     ; --           ;                 ; --       ; --           ;
; U13      ; 136        ; 4A             ; SD_SPI_MOSI                     ; output ; 3.3-V LVTTL  ;                     ; Column I/O   ; Y               ; no       ; On           ;
; U14      ; 138        ; 4A             ; IO_SCL                          ; output ; 3.3-V LVTTL  ;                     ; Column I/O   ; Y               ; no       ; On           ;
; U15      ; 278        ; 6B             ; RESERVED_INPUT_WITH_WEAK_PULLUP ;        ;              ;                     ; Row I/O      ;                 ; no       ; On           ;
; U16      ; 276        ; 6B             ; RESERVED_INPUT_WITH_WEAK_PULLUP ;        ;              ;                     ; Row I/O      ;                 ; no       ; On           ;
; U17      ;            ;                ; GND                             ; gnd    ;              ;                     ; --           ;                 ; --       ; --           ;
; U18      ;            ; 6B             ; VCCIO6B_HPS                     ; power  ;              ; 2.5V                ; --           ;                 ; --       ; --           ;
; U19      ; 284        ; 6B             ; RESERVED_INPUT_WITH_WEAK_PULLUP ;        ;              ;                     ; Row I/O      ;                 ; no       ; On           ;
; U20      ;            ;                ; GND                             ; gnd    ;              ;                     ; --           ;                 ; --       ; --           ;
; U21      ;            ; --             ; VCC_HPS                         ; power  ;              ; 1.1V                ; --           ;                 ; --       ; --           ;
; U24      ;            ;                ; GND                             ; gnd    ;              ;                     ; --           ;                 ; --       ; --           ;
; U25      ; 272        ; 6B             ; RESERVED_INPUT_WITH_WEAK_PULLUP ;        ;              ;                     ; Row I/O      ;                 ; no       ; On           ;
; U26      ;            ; --             ; VCC                             ; power  ;              ; 1.1V                ; --           ;                 ; --       ; --           ;
; U27      ;            ;                ; GND                             ; gnd    ;              ;                     ; --           ;                 ; --       ; --           ;
; U28      ; 303        ; 6B             ; RESERVED_INPUT_WITH_WEAK_PULLUP ;        ;              ;                     ; Row I/O      ;                 ; no       ; On           ;
; V1       ;            ;                ; GND                             ; gnd    ;              ;                     ; --           ;                 ; --       ; --           ;
; V2       ;            ;                ; GND                             ; gnd    ;              ;                     ; --           ;                 ; --       ; --           ;
; V3       ;            ;                ; GND                             ; gnd    ;              ;                     ; --           ;                 ; --       ; --           ;
; V4       ;            ;                ; GND                             ; gnd    ;              ;                     ; --           ;                 ; --       ; --           ;
; V5       ;            ;                ; GND                             ; gnd    ;              ;                     ; --           ;                 ; --       ; --           ;
; V8       ;            ;                ; GND                             ; gnd    ;              ;                     ; --           ;                 ; --       ; --           ;
; V9       ;            ;                ; GND                             ; gnd    ;              ;                     ; --           ;                 ; --       ; --           ;
; V10      ; 60         ; 3A             ; ADC_SCK                         ; output ; 3.3-V LVTTL  ;                     ; Column I/O   ; Y               ; no       ; Off          ;
; V11      ; 114        ; 3B             ; FPGA_CLK1_50                    ; input  ; 3.3-V LVTTL  ;                     ; Column I/O   ; Y               ; no       ; Off          ;
; V12      ; 130        ; 3B             ; SDRAM_DQ[1]                     ; bidir  ; 3.3-V LVTTL  ;                     ; Column I/O   ; Y               ; no       ; Off          ;
; V13      ; 152        ; 4A             ; HDMI_TX_VS                      ; output ; 3.3-V LVTTL  ;                     ; Column I/O   ; Y               ; no       ; Off          ;
; V14      ;            ;                ; GND                             ; gnd    ;              ;                     ; --           ;                 ; --       ; --           ;
; V15      ; 227        ; 5A             ; LED[3]                          ; output ; 3.3-V LVTTL  ;                     ; Row I/O      ; Y               ; no       ; Off          ;
; V16      ; 225        ; 5A             ; LED[2]                          ; output ; 3.3-V LVTTL  ;                     ; Row I/O      ; Y               ; no       ; Off          ;
; V17      ; 270        ; 6B             ; RESERVED_INPUT_WITH_WEAK_PULLUP ;        ;              ;                     ; Row I/O      ;                 ; no       ; On           ;
; V18      ; 268        ; 6B             ; RESERVED_INPUT_WITH_WEAK_PULLUP ;        ;              ;                     ; Row I/O      ;                 ; no       ; On           ;
; V19      ; 266        ; 6B             ; RESERVED_INPUT_WITH_WEAK_PULLUP ;        ;              ;                     ; Row I/O      ;                 ; no       ; On           ;
; V20      ; 264        ; 6B             ; RESERVED_INPUT_WITH_WEAK_PULLUP ;        ;              ;                     ; Row I/O      ;                 ; no       ; On           ;
; V21      ;            ;                ; GND                             ; gnd    ;              ;                     ; --           ;                 ; --       ; --           ;
; V24      ; 269        ; 6B             ; RESERVED_INPUT_WITH_WEAK_PULLUP ;        ;              ;                     ; Row I/O      ;                 ; no       ; On           ;
; V25      ; 271        ; 6B             ; RESERVED_INPUT_WITH_WEAK_PULLUP ;        ;              ;                     ; Row I/O      ;                 ; no       ; On           ;
; V26      ;            ;                ; GND                             ; gnd    ;              ;                     ; --           ;                 ; --       ; --           ;
; V27      ; 295        ; 6B             ; RESERVED_INPUT_WITH_WEAK_PULLUP ;        ;              ;                     ; Row I/O      ;                 ; no       ; On           ;
; V28      ; 301        ; 6B             ; RESERVED_INPUT_WITH_WEAK_PULLUP ;        ;              ;                     ; Row I/O      ;                 ; no       ; On           ;
; W1       ;            ;                ; GND                             ; gnd    ;              ;                     ; --           ;                 ; --       ; --           ;
; W2       ;            ;                ; GND                             ; gnd    ;              ;                     ; --           ;                 ; --       ; --           ;
; W3       ;            ;                ; GND                             ; gnd    ;              ;                     ; --           ;                 ; --       ; --           ;
; W4       ;            ;                ; GND                             ; gnd    ;              ;                     ; --           ;                 ; --       ; --           ;
; W5       ;            ; --             ; VCCA_FPLL                       ; power  ;              ; 2.5V                ; --           ;                 ; --       ; --           ;
; W8       ; 54         ; 3A             ; HDMI_TX_D[2]                    ; output ; 3.3-V LVTTL  ;                     ; Column I/O   ; Y               ; no       ; Off          ;
; W9       ;            ; 3A             ; VCCIO3A                         ; power  ;              ; 3.3V                ; --           ;                 ; --       ; --           ;
; W10      ; 48         ; 3A             ; #TDI                            ; input  ;              ;                     ; --           ;                 ; --       ; --           ;
; W11      ; 112        ; 3B             ; SDRAM_A[4]                      ; output ; 3.3-V LVTTL  ;                     ; Column I/O   ; Y               ; no       ; Off          ;
; W12      ; 128        ; 3B             ; SDRAM_DQ[3]                     ; bidir  ; 3.3-V LVTTL  ;                     ; Column I/O   ; Y               ; no       ; Off          ;
; W13      ;            ; 4A             ; VCCIO4A                         ; power  ;              ; 3.3V                ; --           ;                 ; --       ; --           ;
; W14      ; 154        ; 4A             ; SDRAM_nRAS                      ; output ; 3.3-V LVTTL  ;                     ; Column I/O   ; Y               ; no       ; Off          ;
; W15      ; 223        ; 5A             ; LED[0]                          ; output ; 3.3-V LVTTL  ;                     ; Row I/O      ; Y               ; no       ; Off          ;
; W16      ;            ;                ; GND                             ; gnd    ;              ;                     ; --           ;                 ; --       ; --           ;
; W17      ;            ; 5A             ; VCCIO5A                         ; power  ;              ; 3.3V                ; --           ;                 ; --       ; --           ;
; W18      ;            ;                ; GND                             ; gnd    ;              ;                     ; --           ;                 ; --       ; --           ;
; W19      ;            ; 5B             ; VCCPD5B                         ; power  ;              ; 3.3V                ; --           ;                 ; --       ; --           ;
; W20      ; 254        ; 5B             ; SW[3]                           ; input  ; 3.3-V LVTTL  ;                     ; Row I/O      ; Y               ; no       ; Off          ;
; W21      ; 252        ; 5B             ; SW[2]                           ; input  ; 3.3-V LVTTL  ;                     ; Row I/O      ; Y               ; no       ; Off          ;
; W24      ; 258        ; 5B             ; SW[1]                           ; input  ; 3.3-V LVTTL  ;                     ; Row I/O      ; Y               ; no       ; Off          ;
; W25      ;            ; 5B             ; VCCIO5B                         ; power  ;              ; 3.3V                ; --           ;                 ; --       ; --           ;
; W26      ; 287        ; 6B             ; RESERVED_INPUT_WITH_WEAK_PULLUP ;        ;              ;                     ; Row I/O      ;                 ; no       ; On           ;
; W27      ;            ; 6B             ; VCCIO6B_HPS                     ; power  ;              ; 2.5V                ; --           ;                 ; --       ; --           ;
; W28      ; 293        ; 6B             ; RESERVED_INPUT_WITH_WEAK_PULLUP ;        ;              ;                     ; Row I/O      ;                 ; no       ; On           ;
; Y1       ;            ;                ; DNU                             ;        ;              ;                     ; --           ;                 ; --       ; --           ;
; Y2       ;            ;                ; DNU                             ;        ;              ;                     ; --           ;                 ; --       ; --           ;
; Y3       ;            ;                ; GND                             ; gnd    ;              ;                     ; --           ;                 ; --       ; --           ;
; Y4       ; 53         ; 3A             ; HDMI_TX_D[9]                    ; output ; 3.3-V LVTTL  ;                     ; Column I/O   ; Y               ; no       ; Off          ;
; Y5       ; 55         ; 3A             ; HDMI_TX_D[7]                    ; output ; 3.3-V LVTTL  ;                     ; Column I/O   ; Y               ; no       ; Off          ;
; Y8       ; 52         ; 3A             ; HDMI_TX_D[3]                    ; output ; 3.3-V LVTTL  ;                     ; Column I/O   ; Y               ; no       ; Off          ;
; Y9       ; 42         ; 3A             ; #TDO                            ; output ;              ;                     ; --           ;                 ; --       ; --           ;
; Y10      ;            ; --             ; VCCPGM                          ; power  ;              ; 1.8V/2.5V/3.0V/3.3V ; --           ;                 ; --       ; --           ;
; Y11      ; 66         ; 3A             ; SDRAM_A[0]                      ; output ; 3.3-V LVTTL  ;                     ; Column I/O   ; Y               ; no       ; Off          ;
; Y12      ;            ;                ; GND                             ; gnd    ;              ;                     ; --           ;                 ; --       ; --           ;
; Y13      ; 146        ; 4A             ; FPGA_CLK2_50                    ; input  ; 3.3-V LVTTL  ;                     ; Column I/O   ; Y               ; no       ; Off          ;
; Y14      ;            ;                ; GND                             ; gnd    ;              ;                     ; --           ;                 ; --       ; --           ;
; Y15      ; 162        ; 4A             ; LED_USER                        ; output ; 3.3-V LVTTL  ;                     ; Column I/O   ; Y               ; no       ; Off          ;
; Y16      ; 221        ; 5A             ; LED[6]                          ; output ; 3.3-V LVTTL  ;                     ; Row I/O      ; Y               ; no       ; Off          ;
; Y17      ; 217        ; 5A             ; SDRAM_BA[0]                     ; output ; 3.3-V LVTTL  ;                     ; Row I/O      ; Y               ; no       ; Off          ;
; Y18      ; 219        ; 5A             ; SDRAM_nCS                       ; output ; 3.3-V LVTTL  ;                     ; Row I/O      ; Y               ; no       ; Off          ;
; Y19      ; 215        ; 5A             ; SDRAM_A[5]                      ; output ; 3.3-V LVTTL  ;                     ; Row I/O      ; Y               ; no       ; Off          ;
; Y20      ;            ;                ; GND                             ; gnd    ;              ;                     ; --           ;                 ; --       ; --           ;
; Y21      ;            ; 5A             ; VCCPD5A                         ; power  ;              ; 3.3V                ; --           ;                 ; --       ; --           ;
; Y24      ; 256        ; 5B             ; SW[0]                           ; input  ; 3.3-V LVTTL  ;                     ; Row I/O      ; Y               ; no       ; Off          ;
; Y25      ;            ;                ; GND                             ; gnd    ;              ;                     ; --           ;                 ; --       ; --           ;
; Y26      ; 285        ; 6B             ; RESERVED_INPUT_WITH_WEAK_PULLUP ;        ;              ;                     ; Row I/O      ;                 ; no       ; On           ;
; Y27      ; 281        ; 6B             ; RESERVED_INPUT_WITH_WEAK_PULLUP ;        ;              ;                     ; Row I/O      ;                 ; no       ; On           ;
; Y28      ; 291        ; 6B             ; RESERVED_INPUT_WITH_WEAK_PULLUP ;        ;              ;                     ; Row I/O      ;                 ; no       ; On           ;
+----------+------------+----------------+---------------------------------+--------+--------------+---------------------+--------------+-----------------+----------+--------------+
Note: Pin directions (input, output or bidir) are based on device operating in user mode.


+------------------------------------------------------+
; I/O Assignment Warnings                              ;
+---------------+--------------------------------------+
; Pin Name      ; Reason                               ;
+---------------+--------------------------------------+
; HDMI_I2C_SCL  ; Missing drive strength and slew rate ;
; HDMI_MCLK     ; Missing drive strength and slew rate ;
; HDMI_SCLK     ; Missing drive strength and slew rate ;
; HDMI_LRCLK    ; Missing drive strength and slew rate ;
; HDMI_I2S      ; Missing drive strength and slew rate ;
; HDMI_TX_CLK   ; Missing drive strength and slew rate ;
; HDMI_TX_DE    ; Missing drive strength and slew rate ;
; HDMI_TX_D[0]  ; Missing drive strength and slew rate ;
; HDMI_TX_D[1]  ; Missing drive strength and slew rate ;
; HDMI_TX_D[2]  ; Missing drive strength and slew rate ;
; HDMI_TX_D[3]  ; Missing drive strength and slew rate ;
; HDMI_TX_D[4]  ; Missing drive strength and slew rate ;
; HDMI_TX_D[5]  ; Missing drive strength and slew rate ;
; HDMI_TX_D[6]  ; Missing drive strength and slew rate ;
; HDMI_TX_D[7]  ; Missing drive strength and slew rate ;
; HDMI_TX_D[8]  ; Missing drive strength and slew rate ;
; HDMI_TX_D[9]  ; Missing drive strength and slew rate ;
; HDMI_TX_D[10] ; Missing drive strength and slew rate ;
; HDMI_TX_D[11] ; Missing drive strength and slew rate ;
; HDMI_TX_D[12] ; Missing drive strength and slew rate ;
; HDMI_TX_D[13] ; Missing drive strength and slew rate ;
; HDMI_TX_D[14] ; Missing drive strength and slew rate ;
; HDMI_TX_D[15] ; Missing drive strength and slew rate ;
; HDMI_TX_D[16] ; Missing drive strength and slew rate ;
; HDMI_TX_D[17] ; Missing drive strength and slew rate ;
; HDMI_TX_D[18] ; Missing drive strength and slew rate ;
; HDMI_TX_D[19] ; Missing drive strength and slew rate ;
; HDMI_TX_D[20] ; Missing drive strength and slew rate ;
; HDMI_TX_D[21] ; Missing drive strength and slew rate ;
; HDMI_TX_D[22] ; Missing drive strength and slew rate ;
; HDMI_TX_D[23] ; Missing drive strength and slew rate ;
; HDMI_TX_HS    ; Missing drive strength and slew rate ;
; HDMI_TX_VS    ; Missing drive strength and slew rate ;
; SDRAM_A[0]    ; Missing slew rate                    ;
; SDRAM_A[1]    ; Missing slew rate                    ;
; SDRAM_A[2]    ; Missing slew rate                    ;
; SDRAM_A[3]    ; Missing slew rate                    ;
; SDRAM_A[4]    ; Missing slew rate                    ;
; SDRAM_A[5]    ; Missing slew rate                    ;
; SDRAM_A[6]    ; Missing slew rate                    ;
; SDRAM_A[7]    ; Missing slew rate                    ;
; SDRAM_A[8]    ; Missing slew rate                    ;
; SDRAM_A[9]    ; Missing slew rate                    ;
; SDRAM_A[10]   ; Missing slew rate                    ;
; SDRAM_A[11]   ; Missing slew rate                    ;
; SDRAM_A[12]   ; Missing slew rate                    ;
; SDRAM_DQML    ; Missing slew rate                    ;
; SDRAM_DQMH    ; Missing slew rate                    ;
; SDRAM_nWE     ; Missing slew rate                    ;
; SDRAM_nCAS    ; Missing slew rate                    ;
; SDRAM_nRAS    ; Missing slew rate                    ;
; SDRAM_nCS     ; Missing slew rate                    ;
; SDRAM_BA[0]   ; Missing slew rate                    ;
; SDRAM_BA[1]   ; Missing slew rate                    ;
; SDRAM_CLK     ; Missing slew rate                    ;
; SDRAM_CKE     ; Missing slew rate                    ;
; VGA_R[0]      ; Missing slew rate                    ;
; VGA_R[1]      ; Missing slew rate                    ;
; VGA_R[2]      ; Missing slew rate                    ;
; VGA_R[3]      ; Missing slew rate                    ;
; VGA_R[4]      ; Missing slew rate                    ;
; VGA_R[5]      ; Missing slew rate                    ;
; VGA_G[0]      ; Missing slew rate                    ;
; VGA_G[1]      ; Missing slew rate                    ;
; VGA_G[2]      ; Missing slew rate                    ;
; VGA_G[3]      ; Missing slew rate                    ;
; VGA_G[4]      ; Missing slew rate                    ;
; VGA_G[5]      ; Missing slew rate                    ;
; VGA_B[0]      ; Missing slew rate                    ;
; VGA_B[1]      ; Missing slew rate                    ;
; VGA_B[2]      ; Missing slew rate                    ;
; VGA_B[3]      ; Missing slew rate                    ;
; VGA_B[4]      ; Missing slew rate                    ;
; VGA_B[5]      ; Missing slew rate                    ;
; VGA_VS        ; Missing slew rate                    ;
; AUDIO_L       ; Missing slew rate                    ;
; AUDIO_R       ; Missing slew rate                    ;
; AUDIO_SPDIF   ; Missing slew rate                    ;
; SDIO_CLK      ; Missing slew rate                    ;
; LED_USER      ; Missing drive strength and slew rate ;
; LED_HDD       ; Missing drive strength and slew rate ;
; LED_POWER     ; Missing drive strength and slew rate ;
; SD_SPI_CS     ; Missing slew rate                    ;
; SD_SPI_CLK    ; Missing slew rate                    ;
; SD_SPI_MOSI   ; Missing slew rate                    ;
; IO_SCL        ; Missing slew rate                    ;
; ADC_SCK       ; Missing drive strength and slew rate ;
; ADC_SDI       ; Missing drive strength and slew rate ;
; ADC_CONVST    ; Missing drive strength and slew rate ;
; LED[0]        ; Missing drive strength and slew rate ;
; LED[1]        ; Missing drive strength and slew rate ;
; LED[2]        ; Missing drive strength and slew rate ;
; LED[3]        ; Missing drive strength and slew rate ;
; LED[4]        ; Missing drive strength and slew rate ;
; LED[5]        ; Missing drive strength and slew rate ;
; LED[6]        ; Missing drive strength and slew rate ;
; LED[7]        ; Missing drive strength and slew rate ;
; HDMI_I2C_SDA  ; Missing drive strength and slew rate ;
; SDRAM_DQ[0]   ; Missing slew rate                    ;
; SDRAM_DQ[1]   ; Missing slew rate                    ;
; SDRAM_DQ[2]   ; Missing slew rate                    ;
; SDRAM_DQ[3]   ; Missing slew rate                    ;
; SDRAM_DQ[4]   ; Missing slew rate                    ;
; SDRAM_DQ[5]   ; Missing slew rate                    ;
; SDRAM_DQ[6]   ; Missing slew rate                    ;
; SDRAM_DQ[7]   ; Missing slew rate                    ;
; SDRAM_DQ[8]   ; Missing slew rate                    ;
; SDRAM_DQ[9]   ; Missing slew rate                    ;
; SDRAM_DQ[10]  ; Missing slew rate                    ;
; SDRAM_DQ[11]  ; Missing slew rate                    ;
; SDRAM_DQ[12]  ; Missing slew rate                    ;
; SDRAM_DQ[13]  ; Missing slew rate                    ;
; SDRAM_DQ[14]  ; Missing slew rate                    ;
; SDRAM_DQ[15]  ; Missing slew rate                    ;
; VGA_HS        ; Missing slew rate                    ;
; SDIO_DAT[0]   ; Missing slew rate                    ;
; SDIO_DAT[1]   ; Missing slew rate                    ;
; SDIO_DAT[2]   ; Missing slew rate                    ;
; SDIO_DAT[3]   ; Missing slew rate                    ;
; SDIO_CMD      ; Missing slew rate                    ;
; SDCD_SPDIF    ; Missing slew rate                    ;
; IO_SDA        ; Missing slew rate                    ;
; USER_IO[0]    ; Missing slew rate                    ;
; USER_IO[1]    ; Missing slew rate                    ;
; USER_IO[2]    ; Missing slew rate                    ;
; USER_IO[3]    ; Missing slew rate                    ;
; USER_IO[4]    ; Missing slew rate                    ;
; USER_IO[5]    ; Missing slew rate                    ;
; USER_IO[6]    ; Missing slew rate                    ;
+---------------+--------------------------------------+


+------------------------------------------------------------------------------------------------------------------------------------------------------+
; PLL Usage Summary                                                                                                                                    ;
+-------------------------------------------------------------------------------------------------------------------------+----------------------------+
;                                                                                                                         ;                            ;
+-------------------------------------------------------------------------------------------------------------------------+----------------------------+
; pll_audio:pll_audio|pll_audio_0002:pll_audio_inst|altera_pll:altera_pll_i|general[0].gpll~FRACTIONAL_PLL                ;                            ;
;     -- PLL Type                                                                                                         ; Fractional PLL             ;
;     -- PLL Location                                                                                                     ; FRACTIONALPLL_X0_Y56_N0    ;
;     -- PLL Feedback clock type                                                                                          ; none                       ;
;     -- PLL Bandwidth                                                                                                    ; Auto                       ;
;         -- PLL Bandwidth Range                                                                                          ; 2100000 to 1400000 Hz      ;
;     -- Reference Clock Frequency                                                                                        ; 50.0 MHz                   ;
;     -- Reference Clock Sourced by                                                                                       ; Dedicated Pin              ;
;     -- PLL VCO Frequency                                                                                                ; 417.792 MHz                ;
;     -- PLL Operation Mode                                                                                               ; Direct                     ;
;     -- PLL Freq Min Lock                                                                                                ; 50.000000 MHz              ;
;     -- PLL Freq Max Lock                                                                                                ; 95.741421 MHz              ;
;     -- PLL Enable                                                                                                       ; On                         ;
;     -- PLL Fractional Division                                                                                          ; 1528321163 / 4294967296    ;
;     -- M Counter                                                                                                        ; 8                          ;
;     -- N Counter                                                                                                        ; 1                          ;
;     -- PLL Refclk Select                                                                                                ;                            ;
;             -- PLL Refclk Select Location                                                                               ; PLLREFCLKSELECT_X0_Y62_N0  ;
;             -- PLL Reference Clock Input 0 source                                                                       ; clk_0                      ;
;             -- PLL Reference Clock Input 1 source                                                                       ; ref_clk1                   ;
;             -- ADJPLLIN source                                                                                          ; N/A                        ;
;             -- CORECLKIN source                                                                                         ; N/A                        ;
;             -- IQTXRXCLKIN source                                                                                       ; N/A                        ;
;             -- PLLIQCLKIN source                                                                                        ; N/A                        ;
;             -- RXIQCLKIN source                                                                                         ; N/A                        ;
;             -- CLKIN(0) source                                                                                          ; FPGA_CLK3_50~input         ;
;             -- CLKIN(1) source                                                                                          ; N/A                        ;
;             -- CLKIN(2) source                                                                                          ; N/A                        ;
;             -- CLKIN(3) source                                                                                          ; N/A                        ;
;     -- PLL Output Counter                                                                                               ;                            ;
;         -- pll_audio:pll_audio|pll_audio_0002:pll_audio_inst|altera_pll:altera_pll_i|general[0].gpll~PLL_OUTPUT_COUNTER ;                            ;
;             -- Output Clock Frequency                                                                                   ; 24.576 MHz                 ;
;             -- Output Clock Location                                                                                    ; PLLOUTPUTCOUNTER_X0_Y63_N1 ;
;             -- C Counter Odd Divider Even Duty Enable                                                                   ; On                         ;
;             -- Duty Cycle                                                                                               ; 50.0000                    ;
;             -- Phase Shift                                                                                              ; 0.000000 degrees           ;
;             -- C Counter                                                                                                ; 17                         ;
;             -- C Counter PH Mux PRST                                                                                    ; 0                          ;
;             -- C Counter PRST                                                                                           ; 1                          ;
;                                                                                                                         ;                            ;
; emu:emu|pll:pll|pll_0002:pll_inst|altera_pll:altera_pll_i|general[0].gpll~FRACTIONAL_PLL                                ;                            ;
;     -- PLL Type                                                                                                         ; Integer PLL                ;
;     -- PLL Location                                                                                                     ; FRACTIONALPLL_X89_Y1_N0    ;
;     -- PLL Feedback clock type                                                                                          ; none                       ;
;     -- PLL Bandwidth                                                                                                    ; Auto                       ;
;         -- PLL Bandwidth Range                                                                                          ; 2100000 to 1400000 Hz      ;
;     -- Reference Clock Frequency                                                                                        ; 50.0 MHz                   ;
;     -- Reference Clock Sourced by                                                                                       ; Dedicated Pin              ;
;     -- PLL VCO Frequency                                                                                                ; 300.0 MHz                  ;
;     -- PLL Operation Mode                                                                                               ; Direct                     ;
;     -- PLL Freq Min Lock                                                                                                ; 50.000000 MHz              ;
;     -- PLL Freq Max Lock                                                                                                ; 133.333333 MHz             ;
;     -- PLL Enable                                                                                                       ; On                         ;
;     -- PLL Fractional Division                                                                                          ; N/A                        ;
;     -- M Counter                                                                                                        ; 12                         ;
;     -- N Counter                                                                                                        ; 2                          ;
;     -- PLL Refclk Select                                                                                                ;                            ;
;             -- PLL Refclk Select Location                                                                               ; PLLREFCLKSELECT_X89_Y7_N0  ;
;             -- PLL Reference Clock Input 0 source                                                                       ; clk_0                      ;
;             -- PLL Reference Clock Input 1 source                                                                       ; ref_clk1                   ;
;             -- ADJPLLIN source                                                                                          ; N/A                        ;
;             -- CORECLKIN source                                                                                         ; N/A                        ;
;             -- IQTXRXCLKIN source                                                                                       ; N/A                        ;
;             -- PLLIQCLKIN source                                                                                        ; N/A                        ;
;             -- RXIQCLKIN source                                                                                         ; N/A                        ;
;             -- CLKIN(0) source                                                                                          ; FPGA_CLK2_50~input         ;
;             -- CLKIN(1) source                                                                                          ; N/A                        ;
;             -- CLKIN(2) source                                                                                          ; N/A                        ;
;             -- CLKIN(3) source                                                                                          ; N/A                        ;
;     -- PLL Output Counter                                                                                               ;                            ;
;         -- emu:emu|pll:pll|pll_0002:pll_inst|altera_pll:altera_pll_i|general[0].gpll~PLL_OUTPUT_COUNTER                 ;                            ;
;             -- Output Clock Frequency                                                                                   ; 20.0 MHz                   ;
;             -- Output Clock Location                                                                                    ; PLLOUTPUTCOUNTER_X89_Y2_N1 ;
;             -- C Counter Odd Divider Even Duty Enable                                                                   ; On                         ;
;             -- Duty Cycle                                                                                               ; 50.0000                    ;
;             -- Phase Shift                                                                                              ; 0.000000 degrees           ;
;             -- C Counter                                                                                                ; 15                         ;
;             -- C Counter PH Mux PRST                                                                                    ; 0                          ;
;             -- C Counter PRST                                                                                           ; 1                          ;
;                                                                                                                         ;                            ;
+-------------------------------------------------------------------------------------------------------------------------+----------------------------+


+--------------------------------------------------------------------------------------------------------------------------------------------------------------------------------------------------------------------------------------------------------------------------------------------------------------------------------------------------------------------------------------------------------------------------------------------------------------------------------------------------------------------------------------------------------+
; Fitter Resource Utilization by Entity                                                                                                                                                                                                                                                                                                                                                                                                                                                                                                                  ;
+--------------------------------------------------------------+----------------------+----------------------------------+---------------------------------------------------+----------------------------------+----------------------+---------------------+---------------------------+---------------+-------------------+-------+------------+------+--------------+------------------------------------------------------------------------------------------------------------------------------------+----------------------------+--------------+
; Compilation Hierarchy Node                                   ; ALMs needed [=A-B+C] ; [A] ALMs used in final placement ; [B] Estimate of ALMs recoverable by dense packing ; [C] Estimate of ALMs unavailable ; ALMs used for memory ; Combinational ALUTs ; Dedicated Logic Registers ; I/O Registers ; Block Memory Bits ; M10Ks ; DSP Blocks ; Pins ; Virtual Pins ; Full Hierarchy Name                                                                                                                ; Entity Name                ; Library Name ;
+--------------------------------------------------------------+----------------------+----------------------------------+---------------------------------------------------+----------------------------------+----------------------+---------------------+---------------------------+---------------+-------------------+-------+------------+------+--------------+------------------------------------------------------------------------------------------------------------------------------------+----------------------------+--------------+
; |sys_top                                                     ; 2377.0 (335.3)       ; 2679.5 (434.3)                   ; 319.0 (99.0)                                      ; 16.5 (0.0)                       ; 0.0 (0.0)            ; 3983 (538)          ; 3198 (555)                ; 7 (7)         ; 33094             ; 7     ; 8          ; 145  ; 0            ; |sys_top                                                                                                                           ; sys_top                    ; work         ;
;    |altddio_out:hdmiclk_ddr|                                 ; 0.0 (0.0)            ; 0.0 (0.0)                        ; 0.0 (0.0)                                         ; 0.0 (0.0)                        ; 0.0 (0.0)            ; 0 (0)               ; 0 (0)                     ; 0 (0)         ; 0                 ; 0     ; 0          ; 0    ; 0            ; |sys_top|altddio_out:hdmiclk_ddr                                                                                                   ; altddio_out                ; work         ;
;       |ddio_out_b2j:auto_generated|                          ; 0.0 (0.0)            ; 0.0 (0.0)                        ; 0.0 (0.0)                                         ; 0.0 (0.0)                        ; 0.0 (0.0)            ; 0 (0)               ; 0 (0)                     ; 0 (0)         ; 0                 ; 0     ; 0          ; 0    ; 0            ; |sys_top|altddio_out:hdmiclk_ddr|ddio_out_b2j:auto_generated                                                                       ; ddio_out_b2j               ; work         ;
;    |altddio_out:vgaclk_ddr|                                  ; 0.0 (0.0)            ; 0.0 (0.0)                        ; 0.0 (0.0)                                         ; 0.0 (0.0)                        ; 0.0 (0.0)            ; 0 (0)               ; 0 (0)                     ; 0 (0)         ; 0                 ; 0     ; 0          ; 0    ; 0            ; |sys_top|altddio_out:vgaclk_ddr                                                                                                    ; altddio_out                ; work         ;
;       |ddio_out_1oj:auto_generated|                          ; 0.0 (0.0)            ; 0.0 (0.0)                        ; 0.0 (0.0)                                         ; 0.0 (0.0)                        ; 0.0 (0.0)            ; 0 (0)               ; 0 (0)                     ; 0 (0)         ; 0                 ; 0     ; 0          ; 0    ; 0            ; |sys_top|altddio_out:vgaclk_ddr|ddio_out_1oj:auto_generated                                                                        ; ddio_out_1oj               ; work         ;
;    |altshift_taps:dv_d1_rtl_0|                               ; 6.5 (0.0)            ; 7.0 (0.0)                        ; 0.5 (0.0)                                         ; 0.0 (0.0)                        ; 0.0 (0.0)            ; 13 (0)              ; 9 (0)                     ; 0 (0)         ; 150               ; 1     ; 0          ; 0    ; 0            ; |sys_top|altshift_taps:dv_d1_rtl_0                                                                                                 ; altshift_taps              ; work         ;
;       |shift_taps_0vu:auto_generated|                        ; 6.5 (2.5)            ; 7.0 (3.0)                        ; 0.5 (0.5)                                         ; 0.0 (0.0)                        ; 0.0 (0.0)            ; 13 (6)              ; 9 (3)                     ; 0 (0)         ; 150               ; 1     ; 0          ; 0    ; 0            ; |sys_top|altshift_taps:dv_d1_rtl_0|shift_taps_0vu:auto_generated                                                                   ; shift_taps_0vu             ; work         ;
;          |altsyncram_rr91:altsyncram5|                       ; 0.0 (0.0)            ; 0.0 (0.0)                        ; 0.0 (0.0)                                         ; 0.0 (0.0)                        ; 0.0 (0.0)            ; 0 (0)               ; 0 (0)                     ; 0 (0)         ; 150               ; 1     ; 0          ; 0    ; 0            ; |sys_top|altshift_taps:dv_d1_rtl_0|shift_taps_0vu:auto_generated|altsyncram_rr91:altsyncram5                                       ; altsyncram_rr91            ; work         ;
;          |cntr_shf:cntr1|                                    ; 4.0 (4.0)            ; 4.0 (4.0)                        ; 0.0 (0.0)                                         ; 0.0 (0.0)                        ; 0.0 (0.0)            ; 7 (7)               ; 6 (6)                     ; 0 (0)         ; 0                 ; 0     ; 0          ; 0    ; 0            ; |sys_top|altshift_taps:dv_d1_rtl_0|shift_taps_0vu:auto_generated|cntr_shf:cntr1                                                    ; cntr_shf                   ; work         ;
;    |altshift_taps:dv_de2_rtl_0|                              ; 3.0 (0.0)            ; 3.0 (0.0)                        ; 0.0 (0.0)                                         ; 0.0 (0.0)                        ; 0.0 (0.0)            ; 6 (0)               ; 4 (0)                     ; 0 (0)         ; 80                ; 1     ; 0          ; 0    ; 0            ; |sys_top|altshift_taps:dv_de2_rtl_0                                                                                                ; altshift_taps              ; work         ;
;       |shift_taps_puu:auto_generated|                        ; 3.0 (2.0)            ; 3.0 (2.0)                        ; 0.0 (0.0)                                         ; 0.0 (0.0)                        ; 0.0 (0.0)            ; 6 (4)               ; 4 (2)                     ; 0 (0)         ; 80                ; 1     ; 0          ; 0    ; 0            ; |sys_top|altshift_taps:dv_de2_rtl_0|shift_taps_puu:auto_generated                                                                  ; shift_taps_puu             ; work         ;
;          |altsyncram_br91:altsyncram4|                       ; 0.0 (0.0)            ; 0.0 (0.0)                        ; 0.0 (0.0)                                         ; 0.0 (0.0)                        ; 0.0 (0.0)            ; 0 (0)               ; 0 (0)                     ; 0 (0)         ; 80                ; 1     ; 0          ; 0    ; 0            ; |sys_top|altshift_taps:dv_de2_rtl_0|shift_taps_puu:auto_generated|altsyncram_br91:altsyncram4                                      ; altsyncram_br91            ; work         ;
;          |cntr_phf:cntr1|                                    ; 1.0 (1.0)            ; 1.0 (1.0)                        ; 0.0 (0.0)                                         ; 0.0 (0.0)                        ; 0.0 (0.0)            ; 2 (2)               ; 2 (2)                     ; 0 (0)         ; 0                 ; 0     ; 0          ; 0    ; 0            ; |sys_top|altshift_taps:dv_de2_rtl_0|shift_taps_puu:auto_generated|cntr_phf:cntr1                                                   ; cntr_phf                   ; work         ;
;    |audio_out:audio_out|                                     ; 766.3 (59.7)         ; 827.0 (62.9)                     ; 70.7 (3.2)                                        ; 10.0 (0.0)                       ; 0.0 (0.0)            ; 1286 (125)          ; 759 (85)                  ; 0 (0)         ; 96                ; 1     ; 8          ; 0    ; 0            ; |sys_top|audio_out:audio_out                                                                                                       ; audio_out                  ; work         ;
;       |DC_blocker:dcb_l|                                     ; 77.3 (77.3)          ; 79.0 (79.0)                      ; 1.7 (1.7)                                         ; 0.0 (0.0)                        ; 0.0 (0.0)            ; 144 (144)           ; 68 (68)                   ; 0 (0)         ; 0                 ; 0     ; 0          ; 0    ; 0            ; |sys_top|audio_out:audio_out|DC_blocker:dcb_l                                                                                      ; DC_blocker                 ; work         ;
;       |DC_blocker:dcb_r|                                     ; 77.3 (77.3)          ; 78.7 (78.7)                      ; 1.3 (1.3)                                         ; 0.0 (0.0)                        ; 0.0 (0.0)            ; 144 (144)           ; 68 (68)                   ; 0 (0)         ; 0                 ; 0     ; 0          ; 0    ; 0            ; |sys_top|audio_out:audio_out|DC_blocker:dcb_r                                                                                      ; DC_blocker                 ; work         ;
;       |IIR_filter:IIR_filter|                                ; 407.7 (32.6)         ; 447.6 (58.8)                     ; 49.9 (28.6)                                       ; 10.0 (2.4)                       ; 0.0 (0.0)            ; 699 (57)            ; 322 (82)                  ; 0 (0)         ; 0                 ; 0     ; 8          ; 0    ; 0            ; |sys_top|audio_out:audio_out|IIR_filter:IIR_filter                                                                                 ; IIR_filter                 ; work         ;
;          |iir_filter_tap:iir_tap_0|                          ; 111.6 (111.6)        ; 130.3 (130.3)                    ; 20.8 (20.8)                                       ; 2.1 (2.1)                        ; 0.0 (0.0)            ; 189 (189)           ; 80 (80)                   ; 0 (0)         ; 0                 ; 0     ; 2          ; 0    ; 0            ; |sys_top|audio_out:audio_out|IIR_filter:IIR_filter|iir_filter_tap:iir_tap_0                                                        ; iir_filter_tap             ; work         ;
;          |iir_filter_tap:iir_tap_1|                          ; 133.4 (133.4)        ; 129.6 (129.6)                    ; 0.0 (0.0)                                         ; 3.9 (3.9)                        ; 0.0 (0.0)            ; 228 (228)           ; 80 (80)                   ; 0 (0)         ; 0                 ; 0     ; 2          ; 0    ; 0            ; |sys_top|audio_out:audio_out|IIR_filter:IIR_filter|iir_filter_tap:iir_tap_1                                                        ; iir_filter_tap             ; work         ;
;          |iir_filter_tap:iir_tap_2|                          ; 129.8 (129.8)        ; 128.8 (128.8)                    ; 0.7 (0.7)                                         ; 1.6 (1.6)                        ; 0.0 (0.0)            ; 225 (225)           ; 80 (80)                   ; 0 (0)         ; 0                 ; 0     ; 2          ; 0    ; 0            ; |sys_top|audio_out:audio_out|IIR_filter:IIR_filter|iir_filter_tap:iir_tap_2                                                        ; iir_filter_tap             ; work         ;
;       |aud_mix_top:audmix_l|                                 ; 33.2 (33.2)          ; 33.2 (33.2)                      ; 0.0 (0.0)                                         ; 0.0 (0.0)                        ; 0.0 (0.0)            ; 29 (29)             ; 33 (33)                   ; 0 (0)         ; 0                 ; 0     ; 0          ; 0    ; 0            ; |sys_top|audio_out:audio_out|aud_mix_top:audmix_l                                                                                  ; aud_mix_top                ; work         ;
;       |aud_mix_top:audmix_r|                                 ; 36.6 (33.3)          ; 38.5 (34.7)                      ; 1.9 (1.4)                                         ; 0.0 (0.0)                        ; 0.0 (0.0)            ; 35 (28)             ; 37 (33)                   ; 0 (0)         ; 96                ; 1     ; 0          ; 0    ; 0            ; |sys_top|audio_out:audio_out|aud_mix_top:audmix_r                                                                                  ; aud_mix_top                ; work         ;
;          |altshift_taps:a1_rtl_0|                            ; 3.3 (0.0)            ; 3.8 (0.0)                        ; 0.5 (0.0)                                         ; 0.0 (0.0)                        ; 0.0 (0.0)            ; 7 (0)               ; 4 (0)                     ; 0 (0)         ; 96                ; 1     ; 0          ; 0    ; 0            ; |sys_top|audio_out:audio_out|aud_mix_top:audmix_r|altshift_taps:a1_rtl_0                                                           ; altshift_taps              ; work         ;
;             |shift_taps_8gv:auto_generated|                  ; 3.3 (0.8)            ; 3.8 (1.3)                        ; 0.5 (0.5)                                         ; 0.0 (0.0)                        ; 0.0 (0.0)            ; 7 (2)               ; 4 (2)                     ; 0 (0)         ; 96                ; 1     ; 0          ; 0    ; 0            ; |sys_top|audio_out:audio_out|aud_mix_top:audmix_r|altshift_taps:a1_rtl_0|shift_taps_8gv:auto_generated                             ; shift_taps_8gv             ; work         ;
;                |altsyncram_fr91:altsyncram4|                 ; 0.0 (0.0)            ; 0.0 (0.0)                        ; 0.0 (0.0)                                         ; 0.0 (0.0)                        ; 0.0 (0.0)            ; 0 (0)               ; 0 (0)                     ; 0 (0)         ; 96                ; 1     ; 0          ; 0    ; 0            ; |sys_top|audio_out:audio_out|aud_mix_top:audmix_r|altshift_taps:a1_rtl_0|shift_taps_8gv:auto_generated|altsyncram_fr91:altsyncram4 ; altsyncram_fr91            ; work         ;
;                |cntr_ohf:cntr1|                              ; 2.5 (2.5)            ; 2.5 (2.5)                        ; 0.0 (0.0)                                         ; 0.0 (0.0)                        ; 0.0 (0.0)            ; 5 (5)               ; 2 (2)                     ; 0 (0)         ; 0                 ; 0     ; 0          ; 0    ; 0            ; |sys_top|audio_out:audio_out|aud_mix_top:audmix_r|altshift_taps:a1_rtl_0|shift_taps_8gv:auto_generated|cntr_ohf:cntr1              ; cntr_ohf                   ; work         ;
;       |i2s:i2s|                                              ; 22.0 (22.0)          ; 28.2 (28.2)                      ; 6.2 (6.2)                                         ; 0.0 (0.0)                        ; 0.0 (0.0)            ; 31 (31)             ; 44 (44)                   ; 0 (0)         ; 0                 ; 0     ; 0          ; 0    ; 0            ; |sys_top|audio_out:audio_out|i2s:i2s                                                                                               ; i2s                        ; work         ;
;       |sigma_delta_dac:sd_l|                                 ; 9.7 (9.7)            ; 9.7 (9.7)                        ; 0.0 (0.0)                                         ; 0.0 (0.0)                        ; 0.0 (0.0)            ; 19 (19)             ; 19 (19)                   ; 0 (0)         ; 0                 ; 0     ; 0          ; 0    ; 0            ; |sys_top|audio_out:audio_out|sigma_delta_dac:sd_l                                                                                  ; sigma_delta_dac            ; work         ;
;       |sigma_delta_dac:sd_r|                                 ; 9.7 (9.7)            ; 9.7 (9.7)                        ; 0.0 (0.0)                                         ; 0.0 (0.0)                        ; 0.0 (0.0)            ; 19 (19)             ; 19 (19)                   ; 0 (0)         ; 0                 ; 0     ; 0          ; 0    ; 0            ; |sys_top|audio_out:audio_out|sigma_delta_dac:sd_r                                                                                  ; sigma_delta_dac            ; work         ;
;       |spdif:toslink|                                        ; 33.0 (33.0)          ; 39.5 (39.5)                      ; 6.5 (6.5)                                         ; 0.0 (0.0)                        ; 0.0 (0.0)            ; 41 (41)             ; 64 (64)                   ; 0 (0)         ; 0                 ; 0     ; 0          ; 0    ; 0            ; |sys_top|audio_out:audio_out|spdif:toslink                                                                                         ; spdif                      ; work         ;
;    |csync:csync_vga|                                         ; 23.8 (23.8)          ; 30.4 (30.4)                      ; 6.7 (6.7)                                         ; 0.0 (0.0)                        ; 0.0 (0.0)            ; 44 (44)             ; 58 (58)                   ; 0 (0)         ; 0                 ; 0     ; 0          ; 0    ; 0            ; |sys_top|csync:csync_vga                                                                                                           ; csync                      ; work         ;
;    |emu:emu|                                                 ; 440.6 (12.6)         ; 507.3 (13.0)                     ; 69.7 (0.4)                                        ; 3.0 (0.0)                        ; 0.0 (0.0)            ; 698 (26)            ; 716 (24)                  ; 0 (0)         ; 0                 ; 0     ; 0          ; 0    ; 0            ; |sys_top|emu:emu                                                                                                                   ; emu                        ; work         ;
;       |hps_io:hps_io|                                        ; 370.6 (92.9)         ; 430.3 (104.5)                    ; 62.7 (11.6)                                       ; 3.0 (0.0)                        ; 0.0 (0.0)            ; 566 (138)           ; 655 (53)                  ; 0 (0)         ; 0                 ; 0     ; 0          ; 0    ; 0            ; |sys_top|emu:emu|hps_io:hps_io                                                                                                     ; hps_io                     ; work         ;
;          |video_calc:video_calc|                             ; 277.7 (277.7)        ; 325.8 (325.8)                    ; 51.2 (51.2)                                       ; 3.0 (3.0)                        ; 0.0 (0.0)            ; 428 (428)           ; 602 (602)                 ; 0 (0)         ; 0                 ; 0     ; 0          ; 0    ; 0            ; |sys_top|emu:emu|hps_io:hps_io|video_calc:video_calc                                                                               ; video_calc                 ; work         ;
;       |mycore:mycore|                                        ; 57.4 (44.7)          ; 64.0 (48.8)                      ; 6.6 (4.1)                                         ; 0.0 (0.0)                        ; 0.0 (0.0)            ; 106 (82)            ; 37 (37)                   ; 0 (0)         ; 0                 ; 0     ; 0          ; 0    ; 0            ; |sys_top|emu:emu|mycore:mycore                                                                                                     ; mycore                     ; work         ;
;          |cos:cos|                                           ; 12.3 (12.3)          ; 14.2 (14.2)                      ; 1.8 (1.8)                                         ; 0.0 (0.0)                        ; 0.0 (0.0)            ; 23 (23)             ; 0 (0)                     ; 0 (0)         ; 0                 ; 0     ; 0          ; 0    ; 0            ; |sys_top|emu:emu|mycore:mycore|cos:cos                                                                                             ; cos                        ; work         ;
;          |lfsr:random|                                       ; 0.3 (0.3)            ; 1.0 (1.0)                        ; 0.7 (0.7)                                         ; 0.0 (0.0)                        ; 0.0 (0.0)            ; 1 (1)               ; 0 (0)                     ; 0 (0)         ; 0                 ; 0     ; 0          ; 0    ; 0            ; |sys_top|emu:emu|mycore:mycore|lfsr:random                                                                                         ; lfsr                       ; work         ;
;       |pll:pll|                                              ; 0.0 (0.0)            ; 0.0 (0.0)                        ; 0.0 (0.0)                                         ; 0.0 (0.0)                        ; 0.0 (0.0)            ; 0 (0)               ; 0 (0)                     ; 0 (0)         ; 0                 ; 0     ; 0          ; 0    ; 0            ; |sys_top|emu:emu|pll:pll                                                                                                           ; pll                        ; pll          ;
;          |pll_0002:pll_inst|                                 ; 0.0 (0.0)            ; 0.0 (0.0)                        ; 0.0 (0.0)                                         ; 0.0 (0.0)                        ; 0.0 (0.0)            ; 0 (0)               ; 0 (0)                     ; 0 (0)         ; 0                 ; 0     ; 0          ; 0    ; 0            ; |sys_top|emu:emu|pll:pll|pll_0002:pll_inst                                                                                         ; pll_0002                   ; pll          ;
;             |altera_pll:altera_pll_i|                        ; 0.0 (0.0)            ; 0.0 (0.0)                        ; 0.0 (0.0)                                         ; 0.0 (0.0)                        ; 0.0 (0.0)            ; 0 (0)               ; 0 (0)                     ; 0 (0)         ; 0                 ; 0     ; 0          ; 0    ; 0            ; |sys_top|emu:emu|pll:pll|pll_0002:pll_inst|altera_pll:altera_pll_i                                                                 ; altera_pll                 ; work         ;
;    |mcp23009:mcp23009|                                       ; 92.0 (28.8)          ; 93.0 (28.8)                      ; 1.0 (0.0)                                         ; 0.0 (0.0)                        ; 0.0 (0.0)            ; 167 (56)            ; 110 (45)                  ; 0 (0)         ; 0                 ; 0     ; 0          ; 0    ; 0            ; |sys_top|mcp23009:mcp23009                                                                                                         ; mcp23009                   ; work         ;
;       |i2c:i2c|                                              ; 63.0 (63.0)          ; 64.2 (64.2)                      ; 1.2 (1.2)                                         ; 0.0 (0.0)                        ; 0.0 (0.0)            ; 111 (111)           ; 65 (65)                   ; 0 (0)         ; 0                 ; 0     ; 0          ; 0    ; 0            ; |sys_top|mcp23009:mcp23009|i2c:i2c                                                                                                 ; i2c                        ; work         ;
;    |osd:vga_osd|                                             ; 525.8 (525.8)        ; 570.1 (570.1)                    ; 47.8 (47.8)                                       ; 3.5 (3.5)                        ; 0.0 (0.0)            ; 869 (869)           ; 640 (640)                 ; 0 (0)         ; 32768             ; 4     ; 0          ; 0    ; 0            ; |sys_top|osd:vga_osd                                                                                                               ; osd                        ; work         ;
;       |altsyncram:osd_buffer_rtl_0|                          ; 0.0 (0.0)            ; 0.0 (0.0)                        ; 0.0 (0.0)                                         ; 0.0 (0.0)                        ; 0.0 (0.0)            ; 0 (0)               ; 0 (0)                     ; 0 (0)         ; 32768             ; 4     ; 0          ; 0    ; 0            ; |sys_top|osd:vga_osd|altsyncram:osd_buffer_rtl_0                                                                                   ; altsyncram                 ; work         ;
;          |altsyncram_0nl1:auto_generated|                    ; 0.0 (0.0)            ; 0.0 (0.0)                        ; 0.0 (0.0)                                         ; 0.0 (0.0)                        ; 0.0 (0.0)            ; 0 (0)               ; 0 (0)                     ; 0 (0)         ; 32768             ; 4     ; 0          ; 0    ; 0            ; |sys_top|osd:vga_osd|altsyncram:osd_buffer_rtl_0|altsyncram_0nl1:auto_generated                                                    ; altsyncram_0nl1            ; work         ;
;    |pll_audio:pll_audio|                                     ; 0.0 (0.0)            ; 0.0 (0.0)                        ; 0.0 (0.0)                                         ; 0.0 (0.0)                        ; 0.0 (0.0)            ; 0 (0)               ; 0 (0)                     ; 0 (0)         ; 0                 ; 0     ; 0          ; 0    ; 0            ; |sys_top|pll_audio:pll_audio                                                                                                       ; pll_audio                  ; pll_audio    ;
;       |pll_audio_0002:pll_audio_inst|                        ; 0.0 (0.0)            ; 0.0 (0.0)                        ; 0.0 (0.0)                                         ; 0.0 (0.0)                        ; 0.0 (0.0)            ; 0 (0)               ; 0 (0)                     ; 0 (0)         ; 0                 ; 0     ; 0          ; 0    ; 0            ; |sys_top|pll_audio:pll_audio|pll_audio_0002:pll_audio_inst                                                                         ; pll_audio_0002             ; pll_audio    ;
;          |altera_pll:altera_pll_i|                           ; 0.0 (0.0)            ; 0.0 (0.0)                        ; 0.0 (0.0)                                         ; 0.0 (0.0)                        ; 0.0 (0.0)            ; 0 (0)               ; 0 (0)                     ; 0 (0)         ; 0                 ; 0     ; 0          ; 0    ; 0            ; |sys_top|pll_audio:pll_audio|pll_audio_0002:pll_audio_inst|altera_pll:altera_pll_i                                                 ; altera_pll                 ; work         ;
;    |scanlines:VGA_scanlines|                                 ; 2.3 (2.3)            ; 5.1 (5.1)                        ; 2.8 (2.8)                                         ; 0.0 (0.0)                        ; 0.0 (0.0)            ; 0 (0)               ; 12 (12)                   ; 0 (0)         ; 0                 ; 0     ; 0          ; 0    ; 0            ; |sys_top|scanlines:VGA_scanlines                                                                                                   ; scanlines                  ; work         ;
;    |sync_fix:sync_h|                                         ; 17.2 (17.2)          ; 17.8 (17.8)                      ; 0.6 (0.6)                                         ; 0.0 (0.0)                        ; 0.0 (0.0)            ; 35 (35)             ; 36 (36)                   ; 0 (0)         ; 0                 ; 0     ; 0          ; 0    ; 0            ; |sys_top|sync_fix:sync_h                                                                                                           ; sync_fix                   ; work         ;
;    |sync_fix:sync_v|                                         ; 17.2 (17.2)          ; 17.8 (17.8)                      ; 0.5 (0.5)                                         ; 0.0 (0.0)                        ; 0.0 (0.0)            ; 35 (35)             ; 36 (36)                   ; 0 (0)         ; 0                 ; 0     ; 0          ; 0    ; 0            ; |sys_top|sync_fix:sync_v                                                                                                           ; sync_fix                   ; work         ;
;    |sysmem_lite:sysmem|                                      ; 23.5 (21.8)          ; 24.8 (23.2)                      ; 1.3 (1.3)                                         ; 0.0 (0.0)                        ; 0.0 (0.0)            ; 45 (42)             ; 38 (35)                   ; 0 (0)         ; 0                 ; 0     ; 0          ; 0    ; 0            ; |sys_top|sysmem_lite:sysmem                                                                                                        ; sysmem_lite                ; work         ;
;       |f2sdram_safe_terminator:f2sdram_safe_terminator_ram2| ; 1.7 (1.7)            ; 1.7 (1.7)                        ; 0.0 (0.0)                                         ; 0.0 (0.0)                        ; 0.0 (0.0)            ; 3 (3)               ; 3 (3)                     ; 0 (0)         ; 0                 ; 0     ; 0          ; 0    ; 0            ; |sys_top|sysmem_lite:sysmem|f2sdram_safe_terminator:f2sdram_safe_terminator_ram2                                                   ; f2sdram_safe_terminator    ; work         ;
;       |sysmem_HPS_fpga_interfaces:fpga_interfaces|           ; 0.0 (0.0)            ; 0.0 (0.0)                        ; 0.0 (0.0)                                         ; 0.0 (0.0)                        ; 0.0 (0.0)            ; 0 (0)               ; 0 (0)                     ; 0 (0)         ; 0                 ; 0     ; 0          ; 0    ; 0            ; |sys_top|sysmem_lite:sysmem|sysmem_HPS_fpga_interfaces:fpga_interfaces                                                             ; sysmem_HPS_fpga_interfaces ; work         ;
;    |vga_out:vga_out|                                         ; 123.5 (123.5)        ; 142.0 (142.0)                    ; 18.5 (18.5)                                       ; 0.0 (0.0)                        ; 0.0 (0.0)            ; 247 (247)           ; 225 (225)                 ; 0 (0)         ; 0                 ; 0     ; 0          ; 0    ; 0            ; |sys_top|vga_out:vga_out                                                                                                           ; vga_out                    ; work         ;
+--------------------------------------------------------------+----------------------+----------------------------------+---------------------------------------------------+----------------------------------+----------------------+---------------------+---------------------------+---------------+-------------------+-------+------------+------+--------------+------------------------------------------------------------------------------------------------------------------------------------+----------------------------+--------------+
Note: For table entries with two numbers listed, the numbers in parentheses indicate the number of resources of the given type used by the specific entity alone. The numbers listed outside of parentheses indicate the total resources of the given type used by the specific entity and all of its sub-entities in the hierarchy.


+------------------------------------------------------------------------------------------------------------------------------+
; Delay Chain Summary                                                                                                          ;
+---------------+----------+----+------+------+----+------+-------+--------+------------------------+--------------------------+
; Name          ; Pin Type ; D1 ; D3_0 ; D3_1 ; D4 ; D5   ; D5 OE ; D5 OCT ; T11 (Postamble Gating) ; T11 (Postamble Ungating) ;
+---------------+----------+----+------+------+----+------+-------+--------+------------------------+--------------------------+
; FPGA_CLK1_50  ; Input    ; -- ; --   ; --   ; -- ; --   ; --    ; --     ; --                     ; --                       ;
; HDMI_I2C_SCL  ; Output   ; -- ; --   ; --   ; -- ; (0)  ; (31)  ; --     ; --                     ; --                       ;
; HDMI_MCLK     ; Output   ; -- ; --   ; --   ; -- ; (0)  ; (31)  ; --     ; --                     ; --                       ;
; HDMI_SCLK     ; Output   ; -- ; --   ; --   ; -- ; (0)  ; (31)  ; --     ; --                     ; --                       ;
; HDMI_LRCLK    ; Output   ; -- ; --   ; --   ; -- ; (0)  ; (31)  ; --     ; --                     ; --                       ;
; HDMI_I2S      ; Output   ; -- ; --   ; --   ; -- ; (0)  ; (31)  ; --     ; --                     ; --                       ;
; HDMI_TX_CLK   ; Output   ; -- ; --   ; --   ; -- ; (0)  ; --    ; --     ; --                     ; --                       ;
; HDMI_TX_DE    ; Output   ; -- ; --   ; --   ; -- ; (0)  ; --    ; --     ; --                     ; --                       ;
; HDMI_TX_D[0]  ; Output   ; -- ; --   ; --   ; -- ; (0)  ; (31)  ; --     ; --                     ; --                       ;
; HDMI_TX_D[1]  ; Output   ; -- ; --   ; --   ; -- ; (0)  ; (31)  ; --     ; --                     ; --                       ;
; HDMI_TX_D[2]  ; Output   ; -- ; --   ; --   ; -- ; (0)  ; (31)  ; --     ; --                     ; --                       ;
; HDMI_TX_D[3]  ; Output   ; -- ; --   ; --   ; -- ; (0)  ; (31)  ; --     ; --                     ; --                       ;
; HDMI_TX_D[4]  ; Output   ; -- ; --   ; --   ; -- ; (0)  ; (31)  ; --     ; --                     ; --                       ;
; HDMI_TX_D[5]  ; Output   ; -- ; --   ; --   ; -- ; (0)  ; (31)  ; --     ; --                     ; --                       ;
; HDMI_TX_D[6]  ; Output   ; -- ; --   ; --   ; -- ; (0)  ; (31)  ; --     ; --                     ; --                       ;
; HDMI_TX_D[7]  ; Output   ; -- ; --   ; --   ; -- ; (0)  ; (31)  ; --     ; --                     ; --                       ;
; HDMI_TX_D[8]  ; Output   ; -- ; --   ; --   ; -- ; (0)  ; (31)  ; --     ; --                     ; --                       ;
; HDMI_TX_D[9]  ; Output   ; -- ; --   ; --   ; -- ; (0)  ; (31)  ; --     ; --                     ; --                       ;
; HDMI_TX_D[10] ; Output   ; -- ; --   ; --   ; -- ; (0)  ; (31)  ; --     ; --                     ; --                       ;
; HDMI_TX_D[11] ; Output   ; -- ; --   ; --   ; -- ; (0)  ; (31)  ; --     ; --                     ; --                       ;
; HDMI_TX_D[12] ; Output   ; -- ; --   ; --   ; -- ; (0)  ; (31)  ; --     ; --                     ; --                       ;
; HDMI_TX_D[13] ; Output   ; -- ; --   ; --   ; -- ; (0)  ; (31)  ; --     ; --                     ; --                       ;
; HDMI_TX_D[14] ; Output   ; -- ; --   ; --   ; -- ; (0)  ; (31)  ; --     ; --                     ; --                       ;
; HDMI_TX_D[15] ; Output   ; -- ; --   ; --   ; -- ; (0)  ; (31)  ; --     ; --                     ; --                       ;
; HDMI_TX_D[16] ; Output   ; -- ; --   ; --   ; -- ; (0)  ; (31)  ; --     ; --                     ; --                       ;
; HDMI_TX_D[17] ; Output   ; -- ; --   ; --   ; -- ; (0)  ; (31)  ; --     ; --                     ; --                       ;
; HDMI_TX_D[18] ; Output   ; -- ; --   ; --   ; -- ; (0)  ; (31)  ; --     ; --                     ; --                       ;
; HDMI_TX_D[19] ; Output   ; -- ; --   ; --   ; -- ; (0)  ; (31)  ; --     ; --                     ; --                       ;
; HDMI_TX_D[20] ; Output   ; -- ; --   ; --   ; -- ; (0)  ; (31)  ; --     ; --                     ; --                       ;
; HDMI_TX_D[21] ; Output   ; -- ; --   ; --   ; -- ; (0)  ; (31)  ; --     ; --                     ; --                       ;
; HDMI_TX_D[22] ; Output   ; -- ; --   ; --   ; -- ; (0)  ; (31)  ; --     ; --                     ; --                       ;
; HDMI_TX_D[23] ; Output   ; -- ; --   ; --   ; -- ; (0)  ; (31)  ; --     ; --                     ; --                       ;
; HDMI_TX_HS    ; Output   ; -- ; --   ; --   ; -- ; (0)  ; --    ; --     ; --                     ; --                       ;
; HDMI_TX_VS    ; Output   ; -- ; --   ; --   ; -- ; (0)  ; --    ; --     ; --                     ; --                       ;
; HDMI_TX_INT   ; Input    ; -- ; --   ; --   ; -- ; --   ; --    ; --     ; --                     ; --                       ;
; SDRAM_A[0]    ; Output   ; -- ; --   ; --   ; -- ; (0)  ; (31)  ; --     ; --                     ; --                       ;
; SDRAM_A[1]    ; Output   ; -- ; --   ; --   ; -- ; (0)  ; (31)  ; --     ; --                     ; --                       ;
; SDRAM_A[2]    ; Output   ; -- ; --   ; --   ; -- ; (0)  ; (31)  ; --     ; --                     ; --                       ;
; SDRAM_A[3]    ; Output   ; -- ; --   ; --   ; -- ; (0)  ; (31)  ; --     ; --                     ; --                       ;
; SDRAM_A[4]    ; Output   ; -- ; --   ; --   ; -- ; (0)  ; (31)  ; --     ; --                     ; --                       ;
; SDRAM_A[5]    ; Output   ; -- ; --   ; --   ; -- ; (0)  ; (31)  ; --     ; --                     ; --                       ;
; SDRAM_A[6]    ; Output   ; -- ; --   ; --   ; -- ; (0)  ; (31)  ; --     ; --                     ; --                       ;
; SDRAM_A[7]    ; Output   ; -- ; --   ; --   ; -- ; (0)  ; (31)  ; --     ; --                     ; --                       ;
; SDRAM_A[8]    ; Output   ; -- ; --   ; --   ; -- ; (0)  ; (31)  ; --     ; --                     ; --                       ;
; SDRAM_A[9]    ; Output   ; -- ; --   ; --   ; -- ; (0)  ; (31)  ; --     ; --                     ; --                       ;
; SDRAM_A[10]   ; Output   ; -- ; --   ; --   ; -- ; (0)  ; (31)  ; --     ; --                     ; --                       ;
; SDRAM_A[11]   ; Output   ; -- ; --   ; --   ; -- ; (0)  ; (31)  ; --     ; --                     ; --                       ;
; SDRAM_A[12]   ; Output   ; -- ; --   ; --   ; -- ; (0)  ; (31)  ; --     ; --                     ; --                       ;
; SDRAM_DQML    ; Output   ; -- ; --   ; --   ; -- ; (0)  ; (31)  ; --     ; --                     ; --                       ;
; SDRAM_DQMH    ; Output   ; -- ; --   ; --   ; -- ; (0)  ; (31)  ; --     ; --                     ; --                       ;
; SDRAM_nWE     ; Output   ; -- ; --   ; --   ; -- ; (0)  ; (31)  ; --     ; --                     ; --                       ;
; SDRAM_nCAS    ; Output   ; -- ; --   ; --   ; -- ; (0)  ; (31)  ; --     ; --                     ; --                       ;
; SDRAM_nRAS    ; Output   ; -- ; --   ; --   ; -- ; (0)  ; (31)  ; --     ; --                     ; --                       ;
; SDRAM_nCS     ; Output   ; -- ; --   ; --   ; -- ; (0)  ; (31)  ; --     ; --                     ; --                       ;
; SDRAM_BA[0]   ; Output   ; -- ; --   ; --   ; -- ; (0)  ; (31)  ; --     ; --                     ; --                       ;
; SDRAM_BA[1]   ; Output   ; -- ; --   ; --   ; -- ; (0)  ; (31)  ; --     ; --                     ; --                       ;
; SDRAM_CLK     ; Output   ; -- ; --   ; --   ; -- ; (0)  ; (31)  ; --     ; --                     ; --                       ;
; SDRAM_CKE     ; Output   ; -- ; --   ; --   ; -- ; (0)  ; (31)  ; --     ; --                     ; --                       ;
; VGA_R[0]      ; Output   ; -- ; --   ; --   ; -- ; (0)  ; (31)  ; --     ; --                     ; --                       ;
; VGA_R[1]      ; Output   ; -- ; --   ; --   ; -- ; (0)  ; (31)  ; --     ; --                     ; --                       ;
; VGA_R[2]      ; Output   ; -- ; --   ; --   ; -- ; (0)  ; (31)  ; --     ; --                     ; --                       ;
; VGA_R[3]      ; Output   ; -- ; --   ; --   ; -- ; (0)  ; (31)  ; --     ; --                     ; --                       ;
; VGA_R[4]      ; Output   ; -- ; --   ; --   ; -- ; (0)  ; (31)  ; --     ; --                     ; --                       ;
; VGA_R[5]      ; Output   ; -- ; --   ; --   ; -- ; (0)  ; (31)  ; --     ; --                     ; --                       ;
; VGA_G[0]      ; Output   ; -- ; --   ; --   ; -- ; (0)  ; (31)  ; --     ; --                     ; --                       ;
; VGA_G[1]      ; Output   ; -- ; --   ; --   ; -- ; (0)  ; (31)  ; --     ; --                     ; --                       ;
; VGA_G[2]      ; Output   ; -- ; --   ; --   ; -- ; (0)  ; (31)  ; --     ; --                     ; --                       ;
; VGA_G[3]      ; Output   ; -- ; --   ; --   ; -- ; (0)  ; (31)  ; --     ; --                     ; --                       ;
; VGA_G[4]      ; Output   ; -- ; --   ; --   ; -- ; (0)  ; (31)  ; --     ; --                     ; --                       ;
; VGA_G[5]      ; Output   ; -- ; --   ; --   ; -- ; (0)  ; (31)  ; --     ; --                     ; --                       ;
; VGA_B[0]      ; Output   ; -- ; --   ; --   ; -- ; (0)  ; (31)  ; --     ; --                     ; --                       ;
; VGA_B[1]      ; Output   ; -- ; --   ; --   ; -- ; (0)  ; (31)  ; --     ; --                     ; --                       ;
; VGA_B[2]      ; Output   ; -- ; --   ; --   ; -- ; (0)  ; (31)  ; --     ; --                     ; --                       ;
; VGA_B[3]      ; Output   ; -- ; --   ; --   ; -- ; (0)  ; (31)  ; --     ; --                     ; --                       ;
; VGA_B[4]      ; Output   ; -- ; --   ; --   ; -- ; (0)  ; (31)  ; --     ; --                     ; --                       ;
; VGA_B[5]      ; Output   ; -- ; --   ; --   ; -- ; (0)  ; (31)  ; --     ; --                     ; --                       ;
; VGA_VS        ; Output   ; -- ; --   ; --   ; -- ; (0)  ; (31)  ; --     ; --                     ; --                       ;
; AUDIO_L       ; Output   ; -- ; --   ; --   ; -- ; (0)  ; (31)  ; --     ; --                     ; --                       ;
; AUDIO_R       ; Output   ; -- ; --   ; --   ; -- ; (0)  ; (31)  ; --     ; --                     ; --                       ;
; AUDIO_SPDIF   ; Output   ; -- ; --   ; --   ; -- ; (0)  ; (31)  ; --     ; --                     ; --                       ;
; SDIO_CLK      ; Output   ; -- ; --   ; --   ; -- ; (0)  ; (31)  ; --     ; --                     ; --                       ;
; LED_USER      ; Output   ; -- ; --   ; --   ; -- ; (0)  ; (0)   ; --     ; --                     ; --                       ;
; LED_HDD       ; Output   ; -- ; --   ; --   ; -- ; (0)  ; (31)  ; --     ; --                     ; --                       ;
; LED_POWER     ; Output   ; -- ; --   ; --   ; -- ; (0)  ; (31)  ; --     ; --                     ; --                       ;
; SD_SPI_CS     ; Output   ; -- ; --   ; --   ; -- ; (0)  ; (31)  ; --     ; --                     ; --                       ;
; SD_SPI_MISO   ; Input    ; -- ; --   ; --   ; -- ; --   ; --    ; --     ; --                     ; --                       ;
; SD_SPI_CLK    ; Output   ; -- ; --   ; --   ; -- ; (0)  ; (31)  ; --     ; --                     ; --                       ;
; SD_SPI_MOSI   ; Output   ; -- ; --   ; --   ; -- ; (0)  ; (31)  ; --     ; --                     ; --                       ;
; IO_SCL        ; Output   ; -- ; --   ; --   ; -- ; (0)  ; (31)  ; --     ; --                     ; --                       ;
; ADC_SCK       ; Output   ; -- ; --   ; --   ; -- ; (0)  ; (31)  ; --     ; --                     ; --                       ;
; ADC_SDO       ; Input    ; -- ; --   ; --   ; -- ; --   ; --    ; --     ; --                     ; --                       ;
; ADC_SDI       ; Output   ; -- ; --   ; --   ; -- ; (0)  ; (31)  ; --     ; --                     ; --                       ;
; ADC_CONVST    ; Output   ; -- ; --   ; --   ; -- ; (0)  ; (31)  ; --     ; --                     ; --                       ;
; LED[0]        ; Output   ; -- ; --   ; --   ; -- ; (0)  ; (31)  ; --     ; --                     ; --                       ;
; LED[1]        ; Output   ; -- ; --   ; --   ; -- ; (0)  ; (31)  ; --     ; --                     ; --                       ;
; LED[2]        ; Output   ; -- ; --   ; --   ; -- ; (0)  ; (31)  ; --     ; --                     ; --                       ;
; LED[3]        ; Output   ; -- ; --   ; --   ; -- ; (0)  ; (31)  ; --     ; --                     ; --                       ;
; LED[4]        ; Output   ; -- ; --   ; --   ; -- ; (0)  ; (31)  ; --     ; --                     ; --                       ;
; LED[5]        ; Output   ; -- ; --   ; --   ; -- ; (0)  ; (31)  ; --     ; --                     ; --                       ;
; LED[6]        ; Output   ; -- ; --   ; --   ; -- ; (0)  ; (31)  ; --     ; --                     ; --                       ;
; LED[7]        ; Output   ; -- ; --   ; --   ; -- ; (0)  ; (31)  ; --     ; --                     ; --                       ;
; HDMI_I2C_SDA  ; Bidir    ; -- ; --   ; (0)  ; -- ; (0)  ; (31)  ; --     ; --                     ; --                       ;
; SDRAM_DQ[0]   ; Bidir    ; -- ; --   ; --   ; -- ; (0)  ; (31)  ; --     ; --                     ; --                       ;
; SDRAM_DQ[1]   ; Bidir    ; -- ; --   ; --   ; -- ; (0)  ; (31)  ; --     ; --                     ; --                       ;
; SDRAM_DQ[2]   ; Bidir    ; -- ; --   ; --   ; -- ; (0)  ; (31)  ; --     ; --                     ; --                       ;
; SDRAM_DQ[3]   ; Bidir    ; -- ; --   ; --   ; -- ; (0)  ; (31)  ; --     ; --                     ; --                       ;
; SDRAM_DQ[4]   ; Bidir    ; -- ; --   ; --   ; -- ; (0)  ; (31)  ; --     ; --                     ; --                       ;
; SDRAM_DQ[5]   ; Bidir    ; -- ; --   ; --   ; -- ; (0)  ; (31)  ; --     ; --                     ; --                       ;
; SDRAM_DQ[6]   ; Bidir    ; -- ; --   ; --   ; -- ; (0)  ; (31)  ; --     ; --                     ; --                       ;
; SDRAM_DQ[7]   ; Bidir    ; -- ; --   ; --   ; -- ; (0)  ; (31)  ; --     ; --                     ; --                       ;
; SDRAM_DQ[8]   ; Bidir    ; -- ; --   ; --   ; -- ; (0)  ; (31)  ; --     ; --                     ; --                       ;
; SDRAM_DQ[9]   ; Bidir    ; -- ; --   ; --   ; -- ; (0)  ; (31)  ; --     ; --                     ; --                       ;
; SDRAM_DQ[10]  ; Bidir    ; -- ; --   ; --   ; -- ; (0)  ; (31)  ; --     ; --                     ; --                       ;
; SDRAM_DQ[11]  ; Bidir    ; -- ; --   ; --   ; -- ; (0)  ; (31)  ; --     ; --                     ; --                       ;
; SDRAM_DQ[12]  ; Bidir    ; -- ; --   ; --   ; -- ; (0)  ; (31)  ; --     ; --                     ; --                       ;
; SDRAM_DQ[13]  ; Bidir    ; -- ; --   ; --   ; -- ; (0)  ; (31)  ; --     ; --                     ; --                       ;
; SDRAM_DQ[14]  ; Bidir    ; -- ; --   ; --   ; -- ; (0)  ; (31)  ; --     ; --                     ; --                       ;
; SDRAM_DQ[15]  ; Bidir    ; -- ; --   ; --   ; -- ; (0)  ; (31)  ; --     ; --                     ; --                       ;
; VGA_HS        ; Bidir    ; -- ; --   ; --   ; -- ; (0)  ; (31)  ; --     ; --                     ; --                       ;
; SDIO_DAT[0]   ; Bidir    ; -- ; --   ; --   ; -- ; (0)  ; (31)  ; --     ; --                     ; --                       ;
; SDIO_DAT[1]   ; Bidir    ; -- ; --   ; --   ; -- ; (0)  ; (31)  ; --     ; --                     ; --                       ;
; SDIO_DAT[2]   ; Bidir    ; -- ; --   ; --   ; -- ; (0)  ; (31)  ; --     ; --                     ; --                       ;
; SDIO_DAT[3]   ; Bidir    ; -- ; --   ; --   ; -- ; (0)  ; (31)  ; --     ; --                     ; --                       ;
; SDIO_CMD      ; Bidir    ; -- ; --   ; --   ; -- ; (0)  ; (31)  ; --     ; --                     ; --                       ;
; SDCD_SPDIF    ; Bidir    ; -- ; (0)  ; --   ; -- ; (0)  ; (31)  ; --     ; --                     ; --                       ;
; IO_SDA        ; Bidir    ; -- ; --   ; (0)  ; -- ; (0)  ; (31)  ; --     ; --                     ; --                       ;
; USER_IO[0]    ; Bidir    ; -- ; --   ; --   ; -- ; (0)  ; (31)  ; --     ; --                     ; --                       ;
; USER_IO[1]    ; Bidir    ; -- ; --   ; --   ; -- ; (0)  ; (31)  ; --     ; --                     ; --                       ;
; USER_IO[2]    ; Bidir    ; -- ; --   ; --   ; -- ; (0)  ; (31)  ; --     ; --                     ; --                       ;
; USER_IO[3]    ; Bidir    ; -- ; --   ; --   ; -- ; (0)  ; (31)  ; --     ; --                     ; --                       ;
; USER_IO[4]    ; Bidir    ; -- ; --   ; --   ; -- ; (0)  ; (31)  ; --     ; --                     ; --                       ;
; USER_IO[5]    ; Bidir    ; -- ; --   ; --   ; -- ; (0)  ; (31)  ; --     ; --                     ; --                       ;
; USER_IO[6]    ; Bidir    ; -- ; --   ; --   ; -- ; (0)  ; (31)  ; --     ; --                     ; --                       ;
; SW[3]         ; Input    ; -- ; (0)  ; --   ; -- ; --   ; --    ; --     ; --                     ; --                       ;
; BTN_RESET     ; Input    ; -- ; (0)  ; --   ; -- ; --   ; --    ; --     ; --                     ; --                       ;
; FPGA_CLK3_50  ; Input    ; -- ; (0)  ; --   ; -- ; --   ; --    ; --     ; --                     ; --                       ;
; VGA_EN        ; Input    ; -- ; --   ; (0)  ; -- ; --   ; --    ; --     ; --                     ; --                       ;
; SW[0]         ; Input    ; -- ; --   ; (0)  ; -- ; --   ; --    ; --     ; --                     ; --                       ;
; SW[2]         ; Input    ; -- ; --   ; (0)  ; -- ; --   ; --    ; --     ; --                     ; --                       ;
; FPGA_CLK2_50  ; Input    ; -- ; (0)  ; --   ; -- ; --   ; --    ; --     ; --                     ; --                       ;
; SW[1]         ; Input    ; -- ; (0)  ; --   ; -- ; --   ; --    ; --     ; --                     ; --                       ;
; KEY[0]        ; Input    ; -- ; (0)  ; --   ; -- ; --   ; --    ; --     ; --                     ; --                       ;
; BTN_OSD       ; Input    ; -- ; --   ; (0)  ; -- ; --   ; --    ; --     ; --                     ; --                       ;
; KEY[1]        ; Input    ; -- ; (0)  ; --   ; -- ; --   ; --    ; --     ; --                     ; --                       ;
; BTN_USER      ; Input    ; -- ; (0)  ; --   ; -- ; --   ; --    ; --     ; --                     ; --                       ;
+---------------+----------+----+------+------+----+------+-------+--------+------------------------+--------------------------+


+---------------------------------------------------------------------------+
; Pad To Core Delay Chain Fanout                                            ;
+---------------------------------------------+-------------------+---------+
; Source Pin / Fanout                         ; Pad To Core Index ; Setting ;
+---------------------------------------------+-------------------+---------+
; FPGA_CLK1_50                                ;                   ;         ;
; HDMI_TX_INT                                 ;                   ;         ;
; SD_SPI_MISO                                 ;                   ;         ;
; ADC_SDO                                     ;                   ;         ;
; HDMI_I2C_SDA                                ;                   ;         ;
;      - hdmi_i2c                             ; 1                 ; 0       ;
; SDRAM_DQ[0]                                 ;                   ;         ;
; SDRAM_DQ[1]                                 ;                   ;         ;
; SDRAM_DQ[2]                                 ;                   ;         ;
; SDRAM_DQ[3]                                 ;                   ;         ;
; SDRAM_DQ[4]                                 ;                   ;         ;
; SDRAM_DQ[5]                                 ;                   ;         ;
; SDRAM_DQ[6]                                 ;                   ;         ;
; SDRAM_DQ[7]                                 ;                   ;         ;
; SDRAM_DQ[8]                                 ;                   ;         ;
; SDRAM_DQ[9]                                 ;                   ;         ;
; SDRAM_DQ[10]                                ;                   ;         ;
; SDRAM_DQ[11]                                ;                   ;         ;
; SDRAM_DQ[12]                                ;                   ;         ;
; SDRAM_DQ[13]                                ;                   ;         ;
; SDRAM_DQ[14]                                ;                   ;         ;
; SDRAM_DQ[15]                                ;                   ;         ;
; VGA_HS                                      ;                   ;         ;
; SDIO_DAT[0]                                 ;                   ;         ;
; SDIO_DAT[1]                                 ;                   ;         ;
; SDIO_DAT[2]                                 ;                   ;         ;
; SDIO_DAT[3]                                 ;                   ;         ;
; SDIO_CMD                                    ;                   ;         ;
; SDCD_SPDIF                                  ;                   ;         ;
;      - concat~0                             ; 0                 ; 0       ;
;      - SDIO_DAT[2]~8                        ; 0                 ; 0       ;
;      - concat~1                             ; 0                 ; 0       ;
;      - concat~2                             ; 0                 ; 0       ;
; IO_SDA                                      ;                   ;         ;
;      - mcp23009:mcp23009|i2c:i2c|rdata[1]~0 ; 1                 ; 0       ;
;      - mcp23009:mcp23009|i2c:i2c|ACK~0      ; 1                 ; 0       ;
;      - mcp23009:mcp23009|i2c:i2c|rdata[3]~1 ; 1                 ; 0       ;
;      - mcp23009:mcp23009|i2c:i2c|rdata[0]~2 ; 1                 ; 0       ;
;      - mcp23009:mcp23009|i2c:i2c|rdata[2]~3 ; 1                 ; 0       ;
;      - mcp23009:mcp23009|i2c:i2c|rdata[4]~4 ; 1                 ; 0       ;
; USER_IO[0]                                  ;                   ;         ;
; USER_IO[1]                                  ;                   ;         ;
; USER_IO[2]                                  ;                   ;         ;
; USER_IO[3]                                  ;                   ;         ;
; USER_IO[4]                                  ;                   ;         ;
; USER_IO[5]                                  ;                   ;         ;
; USER_IO[6]                                  ;                   ;         ;
; SW[3]                                       ;                   ;         ;
;      - comb~17                              ; 0                 ; 0       ;
;      - btn_r~0                              ; 0                 ; 0       ;
;      - av_dis                               ; 0                 ; 0       ;
;      - comb~21                              ; 0                 ; 0       ;
;      - LED_HDD~2                            ; 0                 ; 0       ;
;      - comb~24                              ; 0                 ; 0       ;
;      - SDIO_DAT[2]~8                        ; 0                 ; 0       ;
;      - deb_osd~0                            ; 0                 ; 0       ;
;      - deb_user~0                           ; 0                 ; 0       ;
; BTN_RESET                                   ;                   ;         ;
;      - btn_r~0                              ; 0                 ; 0       ;
;      - btn_up~0                             ; 0                 ; 0       ;
; FPGA_CLK3_50                                ;                   ;         ;
; VGA_EN                                      ;                   ;         ;
;      - av_dis                               ; 1                 ; 0       ;
;      - comb~21                              ; 1                 ; 0       ;
;      - LED_HDD~2                            ; 1                 ; 0       ;
;      - SD_SPI_CS~1                          ; 1                 ; 0       ;
;      - comb~24                              ; 1                 ; 0       ;
;      - SDIO_DAT[2]~8                        ; 1                 ; 0       ;
;      - btn_en~0                             ; 1                 ; 0       ;
; SW[0]                                       ;                   ;         ;
;      - AUDIO_L~1                            ; 1                 ; 0       ;
;      - AUDIO_R~1                            ; 1                 ; 0       ;
;      - AUDIO_SPDIF~1                        ; 1                 ; 0       ;
; SW[2]                                       ;                   ;         ;
;      - concat~0                             ; 1                 ; 0       ;
;      - SDIO_DAT[2]~8                        ; 1                 ; 0       ;
;      - concat~1                             ; 1                 ; 0       ;
;      - concat~2                             ; 1                 ; 0       ;
; FPGA_CLK2_50                                ;                   ;         ;
; SW[1]                                       ;                   ;         ;
;      - USER_IO~14                           ; 0                 ; 0       ;
;      - USER_IO~15                           ; 0                 ; 0       ;
;      - USER_IO~16                           ; 0                 ; 0       ;
; KEY[0]                                      ;                   ;         ;
;      - deb_osd~0                            ; 0                 ; 0       ;
; BTN_OSD                                     ;                   ;         ;
;      - deb_osd~0                            ; 1                 ; 0       ;
;      - btn_up~0                             ; 1                 ; 0       ;
; KEY[1]                                      ;                   ;         ;
;      - deb_user~0                           ; 0                 ; 0       ;
; BTN_USER                                    ;                   ;         ;
;      - deb_user~0                           ; 0                 ; 0       ;
;      - btn_up~0                             ; 0                 ; 0       ;
+---------------------------------------------+-------------------+---------+


+--------------------------------------------------------------------------------------------------------------------------------------------------------------------------------------------------------------------------------------------------------+
; Control Signals                                                                                                                                                                                                                                        ;
+------------------------------------------------------------------------------------------+---------------------------------------+---------+----------------------------+--------+----------------------+------------------+---------------------------+
; Name                                                                                     ; Location                              ; Fan-Out ; Usage                      ; Global ; Global Resource Used ; Global Line Name ; Enable Signal Source Name ;
+------------------------------------------------------------------------------------------+---------------------------------------+---------+----------------------------+--------+----------------------+------------------+---------------------------+
; FPGA_CLK2_50                                                                             ; PIN_Y13                               ; 212     ; Clock                      ; yes    ; Global Clock         ; GCLK6            ; --                        ;
; LED_HDD~2                                                                                ; MLABCELL_X59_Y4_N42                   ; 1       ; Output enable              ; no     ; --                   ; --               ; --                        ;
; LessThan0~3                                                                              ; LABCELL_X60_Y11_N36                   ; 49      ; Sync. clear                ; no     ; --                   ; --               ; --                        ;
; PhaseInc[15]~7                                                                           ; LABCELL_X40_Y25_N45                   ; 16      ; Clock enable               ; no     ; --                   ; --               ; --                        ;
; PhaseInc[31]~5                                                                           ; LABCELL_X42_Y25_N33                   ; 16      ; Clock enable               ; no     ; --                   ; --               ; --                        ;
; PhaseInc[39]~3                                                                           ; LABCELL_X40_Y25_N39                   ; 8       ; Clock enable               ; no     ; --                   ; --               ; --                        ;
; SDIO_DAT[2]~8                                                                            ; MLABCELL_X59_Y4_N30                   ; 3       ; Output enable              ; no     ; --                   ; --               ; --                        ;
; SD_SPI_CS~1                                                                              ; LABCELL_X48_Y12_N45                   ; 1       ; Output enable              ; no     ; --                   ; --               ; --                        ;
; WideNor0                                                                                 ; LABCELL_X60_Y11_N6                    ; 18      ; Clock enable               ; no     ; --                   ; --               ; --                        ;
; acx0[2]~2                                                                                ; LABCELL_X42_Y25_N18                   ; 5       ; Clock enable               ; no     ; --                   ; --               ; --                        ;
; acx1[2]~1                                                                                ; LABCELL_X42_Y25_N51                   ; 5       ; Clock enable               ; no     ; --                   ; --               ; --                        ;
; acx2[2]~1                                                                                ; LABCELL_X42_Y25_N57                   ; 5       ; Clock enable               ; no     ; --                   ; --               ; --                        ;
; acx[0]~37                                                                                ; MLABCELL_X39_Y27_N18                  ; 4       ; Clock enable               ; no     ; --                   ; --               ; --                        ;
; acx[12]~53                                                                               ; MLABCELL_X39_Y27_N12                  ; 11      ; Clock enable               ; no     ; --                   ; --               ; --                        ;
; acx[30]~16                                                                               ; MLABCELL_X39_Y31_N3                   ; 16      ; Sync. clear                ; no     ; --                   ; --               ; --                        ;
; acx[30]~18                                                                               ; MLABCELL_X39_Y27_N0                   ; 15      ; Clock enable               ; no     ; --                   ; --               ; --                        ;
; acx[35]~23                                                                               ; MLABCELL_X39_Y27_N3                   ; 8       ; Clock enable               ; no     ; --                   ; --               ; --                        ;
; acx_att[0]~3                                                                             ; LABCELL_X42_Y25_N39                   ; 5       ; Clock enable               ; no     ; --                   ; --               ; --                        ;
; acy0[0]~2                                                                                ; LABCELL_X42_Y25_N21                   ; 16      ; Clock enable               ; no     ; --                   ; --               ; --                        ;
; acy0[11]~0                                                                               ; LABCELL_X40_Y31_N12                   ; 26      ; Clock enable               ; no     ; --                   ; --               ; --                        ;
; acy0[16]~5                                                                               ; LABCELL_X42_Y25_N48                   ; 8       ; Clock enable               ; no     ; --                   ; --               ; --                        ;
; acy1[0]~1                                                                                ; LABCELL_X42_Y25_N54                   ; 16      ; Clock enable               ; no     ; --                   ; --               ; --                        ;
; acy1[16]~3                                                                               ; LABCELL_X42_Y25_N24                   ; 8       ; Clock enable               ; no     ; --                   ; --               ; --                        ;
; acy2[0]~1                                                                                ; LABCELL_X42_Y25_N45                   ; 16      ; Clock enable               ; no     ; --                   ; --               ; --                        ;
; acy2[16]~3                                                                               ; LABCELL_X42_Y25_N6                    ; 8       ; Clock enable               ; no     ; --                   ; --               ; --                        ;
; aflt_rate[15]~5                                                                          ; LABCELL_X42_Y25_N42                   ; 16      ; Clock enable               ; no     ; --                   ; --               ; --                        ;
; aflt_rate[30]~2                                                                          ; LABCELL_X42_Y25_N15                   ; 15      ; Clock enable               ; no     ; --                   ; --               ; --                        ;
; always0~0                                                                                ; LABCELL_X55_Y18_N24                   ; 25      ; Clock enable               ; no     ; --                   ; --               ; --                        ;
; always10~0                                                                               ; LABCELL_X46_Y15_N54                   ; 19      ; Sync. clear                ; no     ; --                   ; --               ; --                        ;
; always14~0                                                                               ; LABCELL_X42_Y26_N57                   ; 20      ; Clock enable               ; no     ; --                   ; --               ; --                        ;
; always2~0                                                                                ; LABCELL_X43_Y29_N57                   ; 2       ; Clock enable               ; no     ; --                   ; --               ; --                        ;
; audio_out:audio_out|DC_blocker:dcb_l|WideXor0                                            ; LABCELL_X48_Y31_N18                   ; 39      ; Sync. load                 ; no     ; --                   ; --               ; --                        ;
; audio_out:audio_out|DC_blocker:dcb_r|WideXor0                                            ; LABCELL_X46_Y29_N12                   ; 39      ; Sync. load                 ; no     ; --                   ; --               ; --                        ;
; audio_out:audio_out|IIR_filter:IIR_filter|iir_filter_tap:iir_tap_0|intreg[1][39]~0       ; LABCELL_X42_Y21_N45                   ; 136     ; Clock enable               ; no     ; --                   ; --               ; --                        ;
; audio_out:audio_out|IIR_filter:IIR_filter|out_r[0]~0                                     ; LABCELL_X37_Y22_N18                   ; 152     ; Clock enable               ; no     ; --                   ; --               ; --                        ;
; audio_out:audio_out|LessThan0~3                                                          ; LABCELL_X48_Y33_N54                   ; 17      ; Sync. load                 ; no     ; --                   ; --               ; --                        ;
; audio_out:audio_out|LessThan1~3                                                          ; LABCELL_X43_Y23_N45                   ; 17      ; Sync. load                 ; no     ; --                   ; --               ; --                        ;
; audio_out:audio_out|WideNor0                                                             ; LABCELL_X45_Y32_N27                   ; 12      ; Clock enable, Sync. load   ; no     ; --                   ; --               ; --                        ;
; audio_out:audio_out|aud_mix_top:audmix_l|WideXor0                                        ; LABCELL_X53_Y26_N9                    ; 16      ; Sync. load                 ; no     ; --                   ; --               ; --                        ;
; audio_out:audio_out|aud_mix_top:audmix_l|a4~1                                            ; LABCELL_X53_Y27_N33                   ; 8       ; Sync. load                 ; no     ; --                   ; --               ; --                        ;
; audio_out:audio_out|aud_mix_top:audmix_r|WideXor0                                        ; LABCELL_X55_Y27_N36                   ; 16      ; Sync. load                 ; no     ; --                   ; --               ; --                        ;
; audio_out:audio_out|dly2[13]~0                                                           ; LABCELL_X48_Y28_N48                   ; 15      ; Clock enable               ; no     ; --                   ; --               ; --                        ;
; audio_out:audio_out|i2s:i2s|bit_cnt[1]~0                                                 ; LABCELL_X51_Y24_N42                   ; 7       ; Sync. clear                ; no     ; --                   ; --               ; --                        ;
; audio_out:audio_out|i2s:i2s|bit_cnt[1]~1                                                 ; LABCELL_X51_Y24_N24                   ; 7       ; Clock enable               ; no     ; --                   ; --               ; --                        ;
; audio_out:audio_out|i2s:i2s|left[15]~1                                                   ; LABCELL_X51_Y24_N6                    ; 32      ; Clock enable               ; no     ; --                   ; --               ; --                        ;
; audio_out:audio_out|mclk_ce                                                              ; FF_X52_Y33_N26                        ; 11      ; Clock enable               ; no     ; --                   ; --               ; --                        ;
; audio_out:audio_out|sample_ce                                                            ; FF_X45_Y32_N2                         ; 241     ; Clock enable               ; no     ; --                   ; --               ; --                        ;
; audio_out:audio_out|spdif:toslink|Equal0~1                                               ; LABCELL_X57_Y24_N24                   ; 12      ; Sync. clear                ; no     ; --                   ; --               ; --                        ;
; audio_out:audio_out|spdif:toslink|load_subframe_q                                        ; FF_X57_Y26_N56                        ; 36      ; Clock enable               ; no     ; --                   ; --               ; --                        ;
; audio_out:audio_out|spdif:toslink|sample_buf_q[15]~0                                     ; LABCELL_X55_Y25_N33                   ; 16      ; Clock enable               ; no     ; --                   ; --               ; --                        ;
; audio_out:audio_out|spdif:toslink|subframe_count_q[0]                                    ; FF_X57_Y24_N32                        ; 22      ; Sync. load                 ; no     ; --                   ; --               ; --                        ;
; av_dis                                                                                   ; MLABCELL_X59_Y4_N36                   ; 27      ; Output enable              ; no     ; --                   ; --               ; --                        ;
; cfg[5]~0                                                                                 ; LABCELL_X40_Y25_N30                   ; 5       ; Clock enable               ; no     ; --                   ; --               ; --                        ;
; cmd[4]~0                                                                                 ; LABCELL_X40_Y25_N21                   ; 8       ; Clock enable               ; no     ; --                   ; --               ; --                        ;
; comb~20                                                                                  ; LABCELL_X51_Y26_N45                   ; 365     ; Async. clear, Sync. load   ; no     ; --                   ; --               ; --                        ;
; comb~21                                                                                  ; MLABCELL_X59_Y4_N3                    ; 1       ; Output enable              ; no     ; --                   ; --               ; --                        ;
; comb~22                                                                                  ; MLABCELL_X39_Y31_N0                   ; 107     ; Sync. clear, Sync. load    ; no     ; --                   ; --               ; --                        ;
; comb~24                                                                                  ; MLABCELL_X59_Y4_N27                   ; 1       ; Async. clear               ; no     ; --                   ; --               ; --                        ;
; csync:csync_vga|always0~0                                                                ; LABCELL_X48_Y12_N21                   ; 23      ; Sync. clear                ; no     ; --                   ; --               ; --                        ;
; csync:csync_vga|hs_len[2]~0                                                              ; LABCELL_X48_Y12_N33                   ; 16      ; Clock enable               ; no     ; --                   ; --               ; --                        ;
; csync:csync_vga|line_len[6]~0                                                            ; LABCELL_X48_Y12_N6                    ; 16      ; Clock enable               ; no     ; --                   ; --               ; --                        ;
; emu:emu|hps_io:hps_io|byte_cnt[8]~5                                                      ; LABCELL_X40_Y34_N54                   ; 13      ; Clock enable               ; no     ; --                   ; --               ; --                        ;
; emu:emu|hps_io:hps_io|cfg[4]~2                                                           ; LABCELL_X40_Y33_N6                    ; 2       ; Clock enable               ; no     ; --                   ; --               ; --                        ;
; emu:emu|hps_io:hps_io|io_dout[2]~11                                                      ; LABCELL_X43_Y36_N57                   ; 14      ; Clock enable               ; no     ; --                   ; --               ; --                        ;
; emu:emu|hps_io:hps_io|io_dout[8]~14                                                      ; LABCELL_X42_Y33_N51                   ; 9       ; Sync. clear                ; no     ; --                   ; --               ; --                        ;
; emu:emu|hps_io:hps_io|status[3]~3                                                        ; LABCELL_X40_Y33_N48                   ; 5       ; Clock enable               ; no     ; --                   ; --               ; --                        ;
; emu:emu|hps_io:hps_io|uio_block.cmd[2]~0                                                 ; MLABCELL_X39_Y33_N21                  ; 17      ; Clock enable               ; no     ; --                   ; --               ; --                        ;
; emu:emu|hps_io:hps_io|video_calc:video_calc|always1~0                                    ; LABCELL_X35_Y39_N45                   ; 16      ; Clock enable               ; no     ; --                   ; --               ; --                        ;
; emu:emu|hps_io:hps_io|video_calc:video_calc|always1~1                                    ; LABCELL_X35_Y39_N12                   ; 86      ; Sync. clear                ; no     ; --                   ; --               ; --                        ;
; emu:emu|hps_io:hps_io|video_calc:video_calc|always1~2                                    ; LABCELL_X35_Y39_N42                   ; 18      ; Sync. load                 ; no     ; --                   ; --               ; --                        ;
; emu:emu|hps_io:hps_io|video_calc:video_calc|always2~0                                    ; LABCELL_X37_Y41_N21                   ; 66      ; Clock enable, Sync. clear  ; no     ; --                   ; --               ; --                        ;
; emu:emu|hps_io:hps_io|video_calc:video_calc|always2~1                                    ; MLABCELL_X39_Y35_N12                  ; 101     ; Clock enable, Sync. clear  ; no     ; --                   ; --               ; --                        ;
; emu:emu|hps_io:hps_io|video_calc:video_calc|always2~2                                    ; MLABCELL_X39_Y35_N39                  ; 40      ; Sync. clear                ; no     ; --                   ; --               ; --                        ;
; emu:emu|hps_io:hps_io|video_calc:video_calc|always3~0                                    ; MLABCELL_X39_Y35_N45                  ; 68      ; Clock enable, Sync. clear  ; no     ; --                   ; --               ; --                        ;
; emu:emu|hps_io:hps_io|video_calc:video_calc|ccnt[18]~0                                   ; LABCELL_X35_Y39_N30                   ; 40      ; Clock enable               ; no     ; --                   ; --               ; --                        ;
; emu:emu|hps_io:hps_io|video_calc:video_calc|de_v[0]~0                                    ; LABCELL_X35_Y39_N36                   ; 8       ; Clock enable               ; no     ; --                   ; --               ; --                        ;
; emu:emu|hps_io:hps_io|video_calc:video_calc|dout[11]~5                                   ; LABCELL_X37_Y37_N6                    ; 8       ; Sync. clear                ; no     ; --                   ; --               ; --                        ;
; emu:emu|hps_io:hps_io|video_calc:video_calc|dout[1]~4                                    ; LABCELL_X37_Y37_N3                    ; 8       ; Sync. clear                ; no     ; --                   ; --               ; --                        ;
; emu:emu|hps_io:hps_io|video_calc:video_calc|hcnt[1]~0                                    ; LABCELL_X35_Y39_N39                   ; 37      ; Clock enable               ; no     ; --                   ; --               ; --                        ;
; emu:emu|hps_io:hps_io|video_calc:video_calc|hcnt[20]~1                                   ; MLABCELL_X39_Y35_N3                   ; 40      ; Clock enable               ; no     ; --                   ; --               ; --                        ;
; emu:emu|hps_io:hps_io|video_calc:video_calc|resto[0]~0                                   ; LABCELL_X35_Y39_N48                   ; 42      ; Sync. clear                ; no     ; --                   ; --               ; --                        ;
; emu:emu|hps_io:hps_io|video_calc:video_calc|vcnt[0]~0                                    ; LABCELL_X35_Y39_N9                    ; 38      ; Clock enable               ; no     ; --                   ; --               ; --                        ;
; emu:emu|hps_io:hps_io|video_calc:video_calc|vid_de_v[0]~0                                ; LABCELL_X35_Y39_N3                    ; 8       ; Clock enable               ; no     ; --                   ; --               ; --                        ;
; emu:emu|hps_io:hps_io|video_calc:video_calc|vid_hcnt[16]~0                               ; LABCELL_X35_Y39_N54                   ; 105     ; Clock enable               ; no     ; --                   ; --               ; --                        ;
; emu:emu|hps_io:hps_io|video_calc:video_calc|vid_nres[0]~1                                ; LABCELL_X35_Y39_N18                   ; 8       ; Clock enable               ; no     ; --                   ; --               ; --                        ;
; emu:emu|hps_io:hps_io|video_calc:video_calc|vid_pixrep[0]~0                              ; LABCELL_X35_Y39_N0                    ; 8       ; Clock enable               ; no     ; --                   ; --               ; --                        ;
; emu:emu|mycore:mycore|Equal4~0                                                           ; LABCELL_X45_Y19_N0                    ; 3       ; Clock enable               ; no     ; --                   ; --               ; --                        ;
; emu:emu|mycore:mycore|ce_pix                                                             ; FF_X47_Y17_N5                         ; 12      ; Clock enable               ; no     ; --                   ; --               ; --                        ;
; emu:emu|mycore:mycore|hc[0]~0                                                            ; MLABCELL_X47_Y18_N33                  ; 10      ; Sync. clear                ; no     ; --                   ; --               ; --                        ;
; emu:emu|mycore:mycore|hc[0]~1                                                            ; MLABCELL_X47_Y18_N51                  ; 10      ; Clock enable               ; no     ; --                   ; --               ; --                        ;
; emu:emu|mycore:mycore|rnd_reg[0]~0                                                       ; MLABCELL_X47_Y18_N15                  ; 4       ; Clock enable               ; no     ; --                   ; --               ; --                        ;
; emu:emu|mycore:mycore|vc[3]~0                                                            ; MLABCELL_X47_Y18_N24                  ; 10      ; Sync. clear                ; no     ; --                   ; --               ; --                        ;
; emu:emu|mycore:mycore|vc[3]~2                                                            ; MLABCELL_X47_Y18_N45                  ; 10      ; Clock enable               ; no     ; --                   ; --               ; --                        ;
; emu:emu|mycore:mycore|vvc[2]~0                                                           ; LABCELL_X45_Y18_N48                   ; 9       ; Clock enable               ; no     ; --                   ; --               ; --                        ;
; emu:emu|pll:pll|pll_0002:pll_inst|altera_pll:altera_pll_i|outclk_wire[0]                 ; PLLOUTPUTCOUNTER_X89_Y2_N1            ; 1916    ; Clock                      ; yes    ; Global Clock         ; GCLK10           ; --                        ;
; has_cmd                                                                                  ; FF_X40_Y24_N17                        ; 53      ; Sync. clear                ; no     ; --                   ; --               ; --                        ;
; led_state[0]~0                                                                           ; LABCELL_X40_Y25_N48                   ; 16      ; Clock enable               ; no     ; --                   ; --               ; --                        ;
; mcp23009:mcp23009|WideNand0                                                              ; LABCELL_X60_Y7_N3                     ; 32      ; Clock enable               ; no     ; --                   ; --               ; --                        ;
; mcp23009:mcp23009|din[12]~1                                                              ; LABCELL_X60_Y7_N12                    ; 10      ; Clock enable               ; no     ; --                   ; --               ; --                        ;
; mcp23009:mcp23009|flg_mode~1                                                             ; MLABCELL_X59_Y7_N3                    ; 5       ; Clock enable               ; no     ; --                   ; --               ; --                        ;
; mcp23009:mcp23009|i2c:i2c|LessThan0~5                                                    ; LABCELL_X63_Y7_N6                     ; 25      ; Sync. load                 ; no     ; --                   ; --               ; --                        ;
; mcp23009:mcp23009|i2c:i2c|always1~0                                                      ; LABCELL_X60_Y7_N18                    ; 30      ; Clock enable               ; no     ; --                   ; --               ; --                        ;
; osd:vga_osd|Equal10~12                                                                   ; LABCELL_X33_Y30_N45                   ; 27      ; Sync. clear                ; no     ; --                   ; --               ; --                        ;
; osd:vga_osd|WideNand0                                                                    ; LABCELL_X30_Y32_N36                   ; 26      ; Sync. load                 ; no     ; --                   ; --               ; --                        ;
; osd:vga_osd|WideNand1                                                                    ; LABCELL_X36_Y31_N18                   ; 22      ; Sync. load                 ; no     ; --                   ; --               ; --                        ;
; osd:vga_osd|always1~0                                                                    ; LABCELL_X29_Y27_N36                   ; 23      ; Clock enable               ; no     ; --                   ; --               ; --                        ;
; osd:vga_osd|always1~1                                                                    ; LABCELL_X29_Y27_N24                   ; 22      ; Sync. clear                ; no     ; --                   ; --               ; --                        ;
; osd:vga_osd|always3~5                                                                    ; LABCELL_X30_Y31_N6                    ; 70      ; Sync. clear, Sync. load    ; no     ; --                   ; --               ; --                        ;
; osd:vga_osd|always3~9                                                                    ; LABCELL_X30_Y31_N9                    ; 22      ; Sync. load                 ; no     ; --                   ; --               ; --                        ;
; osd:vga_osd|bcnt[6]~0                                                                    ; MLABCELL_X39_Y31_N36                  ; 15      ; Sync. clear                ; no     ; --                   ; --               ; --                        ;
; osd:vga_osd|bcnt[6]~2                                                                    ; MLABCELL_X39_Y31_N27                  ; 14      ; Clock enable               ; no     ; --                   ; --               ; --                        ;
; osd:vga_osd|ce_pix                                                                       ; FF_X29_Y27_N56                        ; 406     ; Clock enable               ; no     ; --                   ; --               ; --                        ;
; osd:vga_osd|cmd[7]~1                                                                     ; LABCELL_X40_Y31_N42                   ; 6       ; Clock enable               ; no     ; --                   ; --               ; --                        ;
; osd:vga_osd|h_osd_start[12]~1                                                            ; LABCELL_X33_Y31_N39                   ; 22      ; Sync. clear                ; no     ; --                   ; --               ; --                        ;
; osd:vga_osd|info                                                                         ; FF_X39_Y31_N59                        ; 83      ; Sync. clear, Sync. load    ; no     ; --                   ; --               ; --                        ;
; osd:vga_osd|infoh[3]~0                                                                   ; LABCELL_X40_Y31_N54                   ; 6       ; Clock enable               ; no     ; --                   ; --               ; --                        ;
; osd:vga_osd|infow[3]~1                                                                   ; LABCELL_X40_Y31_N21                   ; 7       ; Clock enable               ; no     ; --                   ; --               ; --                        ;
; osd:vga_osd|infox[11]~1                                                                  ; LABCELL_X40_Y31_N39                   ; 13      ; Clock enable               ; no     ; --                   ; --               ; --                        ;
; osd:vga_osd|infoy[11]~4                                                                  ; LABCELL_X40_Y31_N18                   ; 12      ; Clock enable               ; no     ; --                   ; --               ; --                        ;
; osd:vga_osd|osd_buffer~0                                                                 ; MLABCELL_X39_Y31_N30                  ; 4       ; Clock enable, Write enable ; no     ; --                   ; --               ; --                        ;
; osd:vga_osd|osd_mux                                                                      ; FF_X45_Y7_N44                         ; 24      ; Sync. load                 ; no     ; --                   ; --               ; --                        ;
; osd:vga_osd|osd_vcnt[19]~15                                                              ; LABCELL_X29_Y31_N30                   ; 12      ; Sync. clear                ; no     ; --                   ; --               ; --                        ;
; osd:vga_osd|pixcnt[1]~1                                                                  ; MLABCELL_X28_Y26_N54                  ; 28      ; Sync. clear                ; no     ; --                   ; --               ; --                        ;
; osd:vga_osd|pixsz~3                                                                      ; LABCELL_X30_Y26_N54                   ; 15      ; Sync. clear                ; no     ; --                   ; --               ; --                        ;
; osd:vga_osd|rot[1]~1                                                                     ; LABCELL_X40_Y31_N36                   ; 2       ; Clock enable               ; no     ; --                   ; --               ; --                        ;
; osd:vga_osd|v_cnt[21]~8                                                                  ; LABCELL_X30_Y31_N48                   ; 21      ; Sync. clear                ; no     ; --                   ; --               ; --                        ;
; pll_audio:pll_audio|pll_audio_0002:pll_audio_inst|altera_pll:altera_pll_i|outclk_wire[0] ; PLLOUTPUTCOUNTER_X0_Y63_N1            ; 767     ; Clock                      ; yes    ; Global Clock         ; GCLK2            ; --                        ;
; scanlines:VGA_scanlines|ce_out                                                           ; FF_X35_Y39_N23                        ; 21      ; Clock enable, Sync. load   ; no     ; --                   ; --               ; --                        ;
; sync_fix:sync_h|always0~0                                                                ; LABCELL_X45_Y26_N51                   ; 33      ; Sync. clear                ; no     ; --                   ; --               ; --                        ;
; sync_fix:sync_v|always0~0                                                                ; LABCELL_X42_Y18_N48                   ; 34      ; Sync. clear                ; no     ; --                   ; --               ; --                        ;
; sync_line[11]~0                                                                          ; LABCELL_X42_Y26_N54                   ; 12      ; Clock enable               ; no     ; --                   ; --               ; --                        ;
; sync_line[11]~1                                                                          ; LABCELL_X42_Y26_N45                   ; 16      ; Sync. clear                ; no     ; --                   ; --               ; --                        ;
; sysmem_lite:sysmem|LessThan0~3                                                           ; LABCELL_X51_Y14_N45                   ; 33      ; Clock enable               ; no     ; --                   ; --               ; --                        ;
; sysmem_lite:sysmem|reset_out                                                             ; LABCELL_X51_Y26_N12                   ; 26      ; Sync. clear                ; no     ; --                   ; --               ; --                        ;
; sysmem_lite:sysmem|sysmem_HPS_fpga_interfaces:fpga_interfaces|h2f_user0_clk[0]           ; HPSINTERFACECLOCKSRESETS_X52_Y78_N111 ; 318     ; Clock                      ; yes    ; Global Clock         ; GCLK8            ; --                        ;
; vcnt[9]~3                                                                                ; LABCELL_X45_Y15_N54                   ; 18      ; Clock enable               ; no     ; --                   ; --               ; --                        ;
; vcnt_ll[12]~0                                                                            ; LABCELL_X46_Y15_N48                   ; 27      ; Clock enable               ; no     ; --                   ; --               ; --                        ;
; vde~4                                                                                    ; LABCELL_X46_Y15_N6                    ; 3       ; Clock enable               ; no     ; --                   ; --               ; --                        ;
; vga_out:vga_out|pb_2[18]                                                                 ; FF_X55_Y4_N1                          ; 8       ; Sync. clear                ; no     ; --                   ; --               ; --                        ;
; vga_out:vga_out|pr_2[18]                                                                 ; FF_X48_Y4_N56                         ; 8       ; Sync. clear                ; no     ; --                   ; --               ; --                        ;
; vol_att[4]                                                                               ; FF_X47_Y27_N41                        ; 32      ; Sync. clear                ; no     ; --                   ; --               ; --                        ;
; vol_att[4]~1                                                                             ; LABCELL_X40_Y25_N51                   ; 5       ; Clock enable               ; no     ; --                   ; --               ; --                        ;
; vs_line[11]~0                                                                            ; LABCELL_X40_Y25_N18                   ; 12      ; Clock enable               ; no     ; --                   ; --               ; --                        ;
; vsz[0]~10                                                                                ; LABCELL_X48_Y15_N18                   ; 13      ; Clock enable               ; no     ; --                   ; --               ; --                        ;
+------------------------------------------------------------------------------------------+---------------------------------------+---------+----------------------------+--------+----------------------+------------------+---------------------------+


+------------------------------------------------------------------------------------------------------------------------------------------------------------------------------------------------------------------+
; Global & Other Fast Signals                                                                                                                                                                                      ;
+------------------------------------------------------------------------------------------+---------------------------------------+---------+----------------------+------------------+---------------------------+
; Name                                                                                     ; Location                              ; Fan-Out ; Global Resource Used ; Global Line Name ; Enable Signal Source Name ;
+------------------------------------------------------------------------------------------+---------------------------------------+---------+----------------------+------------------+---------------------------+
; FPGA_CLK2_50                                                                             ; PIN_Y13                               ; 212     ; Global Clock         ; GCLK6            ; --                        ;
; emu:emu|pll:pll|pll_0002:pll_inst|altera_pll:altera_pll_i|outclk_wire[0]                 ; PLLOUTPUTCOUNTER_X89_Y2_N1            ; 1916    ; Global Clock         ; GCLK10           ; --                        ;
; pll_audio:pll_audio|pll_audio_0002:pll_audio_inst|altera_pll:altera_pll_i|outclk_wire[0] ; PLLOUTPUTCOUNTER_X0_Y63_N1            ; 767     ; Global Clock         ; GCLK2            ; --                        ;
; sysmem_lite:sysmem|sysmem_HPS_fpga_interfaces:fpga_interfaces|h2f_rst_n[0]               ; HPSINTERFACECLOCKSRESETS_X52_Y78_N111 ; 15      ; Global Clock         ; GCLK9            ; --                        ;
; sysmem_lite:sysmem|sysmem_HPS_fpga_interfaces:fpga_interfaces|h2f_user0_clk[0]           ; HPSINTERFACECLOCKSRESETS_X52_Y78_N111 ; 318     ; Global Clock         ; GCLK8            ; --                        ;
+------------------------------------------------------------------------------------------+---------------------------------------+---------+----------------------+------------------+---------------------------+


+--------------------------------------------------------------------------------------------------------------------------------------------------------------------------------------------------------------------------------------------------------------------------------------------------------------------------------------------------------------------------------------------------------------------------------------------------------------------------------------------------------------------------------------------------------------------------------------------------------------------------------------------------------------------------------------------------------------------------------+
; Fitter RAM Summary                                                                                                                                                                                                                                                                                                                                                                                                                                                                                                                                                                                                                                                                                                             ;
+--------------------------------------------------------------------------------------------------------------------------------------+------+------------------+--------------+--------------+--------------+--------------+--------------+------------------------+-------------------------+------------------------+-------------------------+-------+-----------------------------+-----------------------------+-----------------------------+-----------------------------+---------------------+-------------+-------+------+--------------------------------------------------------------------+----------------------+-----------------+-----------------+----------+------------------------+-----------------------+
; Name                                                                                                                                 ; Type ; Mode             ; Clock Mode   ; Port A Depth ; Port A Width ; Port B Depth ; Port B Width ; Port A Input Registers ; Port A Output Registers ; Port B Input Registers ; Port B Output Registers ; Size  ; Implementation Port A Depth ; Implementation Port A Width ; Implementation Port B Depth ; Implementation Port B Width ; Implementation Bits ; M10K blocks ; MLABs ; MIF  ; Location                                                           ; Mixed Width RDW Mode ; Port A RDW Mode ; Port B RDW Mode ; ECC Mode ; ECC Pipeline Registers ; Fits in MLABs         ;
+--------------------------------------------------------------------------------------------------------------------------------------+------+------------------+--------------+--------------+--------------+--------------+--------------+------------------------+-------------------------+------------------------+-------------------------+-------+-----------------------------+-----------------------------+-----------------------------+-----------------------------+---------------------+-------------+-------+------+--------------------------------------------------------------------+----------------------+-----------------+-----------------+----------+------------------------+-----------------------+
; altshift_taps:dv_d1_rtl_0|shift_taps_0vu:auto_generated|altsyncram_rr91:altsyncram5|ALTSYNCRAM                                       ; AUTO ; Simple Dual Port ; Single Clock ; 6            ; 25           ; 6            ; 25           ; yes                    ; no                      ; yes                    ; yes                     ; 150   ; 6                           ; 25                          ; 6                           ; 25                          ; 150                 ; 1           ; 0     ; None ; M10K_X41_Y4_N0                                                     ; Don't care           ; New data        ; New data        ; Off      ; No                     ; Yes                   ;
; altshift_taps:dv_de2_rtl_0|shift_taps_puu:auto_generated|altsyncram_br91:altsyncram4|ALTSYNCRAM                                      ; AUTO ; Simple Dual Port ; Single Clock ; 4            ; 20           ; 4            ; 20           ; yes                    ; no                      ; yes                    ; yes                     ; 80    ; 4                           ; 20                          ; 4                           ; 20                          ; 80                  ; 1           ; 0     ; None ; M10K_X49_Y11_N0                                                    ; Don't care           ; New data        ; New data        ; Off      ; No                     ; Yes                   ;
; audio_out:audio_out|aud_mix_top:audmix_r|altshift_taps:a1_rtl_0|shift_taps_8gv:auto_generated|altsyncram_fr91:altsyncram4|ALTSYNCRAM ; AUTO ; Simple Dual Port ; Single Clock ; 3            ; 32           ; 3            ; 32           ; yes                    ; no                      ; yes                    ; yes                     ; 96    ; 3                           ; 32                          ; 3                           ; 32                          ; 96                  ; 1           ; 0     ; None ; M10K_X49_Y27_N0                                                    ; Don't care           ; New data        ; New data        ; Off      ; No                     ; Yes                   ;
; osd:vga_osd|altsyncram:osd_buffer_rtl_0|altsyncram_0nl1:auto_generated|ALTSYNCRAM                                                    ; AUTO ; Simple Dual Port ; Single Clock ; 4096         ; 8            ; 4096         ; 8            ; yes                    ; no                      ; yes                    ; no                      ; 32768 ; 4096                        ; 8                           ; 4096                        ; 8                           ; 32768               ; 4           ; 0     ; None ; M10K_X38_Y30_N0, M10K_X41_Y31_N0, M10K_X41_Y30_N0, M10K_X38_Y31_N0 ; Don't care           ; New data        ; New data        ; Off      ; No                     ; No - Address Too Wide ;
+--------------------------------------------------------------------------------------------------------------------------------------+------+------------------+--------------+--------------+--------------+--------------+--------------+------------------------+-------------------------+------------------------+-------------------------+-------+-----------------------------+-----------------------------+-----------------------------+-----------------------------+---------------------+-------------+-------+------+--------------------------------------------------------------------+----------------------+-----------------+-----------------+----------+------------------------+-----------------------+
Note: Fitter may spread logical memories into multiple blocks to improve timing. The actual required RAM blocks can be found in the Fitter Resource Usage section.


+-------------------------------------------------+
; Fitter DSP Block Usage Summary                  ;
+-----------------------------------+-------------+
; Statistic                         ; Number Used ;
+-----------------------------------+-------------+
; Independent 18x18 plus 36         ; 1           ;
; Independent 27x27                 ; 7           ;
; Total number of DSP blocks        ; 8           ;
;                                   ;             ;
; Fixed Point Signed Multiplier     ; 4           ;
; Fixed Point Mixed Sign Multiplier ; 4           ;
+-----------------------------------+-------------+


+------------------------------------------------------------------------------------------------------------------------------------------------------------------------------------------------------------------------------------------------------------------------------------------------------------------------------------------------------------------------------------------------------------------------------------------------------------------------------+
; DSP Block Details                                                                                                                                                                                                                                                                                                                                                                                                                                                            ;
+------------------------------------------------------------------------------+---------------------------+----------------+---------------------+------------------------+------------------------+------------------------+------------------------+------------------------+------------------------+-----------------+--------------------------------+---------------------+-------------------------------+------------------------------+------------------------------+
; Name                                                                         ; Mode                      ; Location       ; Sign Representation ; Data AX Input Register ; Data AY Input Register ; Data AZ Input Register ; Data BX Input Register ; Data BY Input Register ; Data BZ Input Register ; Output Register ; Dedicated Shift Register Chain ; Dedicated Pre-Adder ; Dedicated Coefficient Storage ; Dedicated Output Adder Chain ; Dedicated Output Accumulator ;
+------------------------------------------------------------------------------+---------------------------+----------------+---------------------+------------------------+------------------------+------------------------+------------------------+------------------------+------------------------+-----------------+--------------------------------+---------------------+-------------------------------+------------------------------+------------------------------+
; audio_out:audio_out|IIR_filter:IIR_filter|Mult0~mult_hlmac                   ; Independent 18x18 plus 36 ; DSP_X32_Y24_N0 ; Mixed               ; no                     ; no                     ; --                     ; no                     ; no                     ; --                     ; no              ; no                             ; no                  ; no                            ; no                           ; no                           ;
; audio_out:audio_out|IIR_filter:IIR_filter|Mult0~319                          ; Independent 27x27         ; DSP_X32_Y26_N0 ; Mixed               ; no                     ; no                     ; --                     ; --                     ; --                     ; --                     ; no              ; no                             ; no                  ; no                            ; no                           ; no                           ;
; audio_out:audio_out|IIR_filter:IIR_filter|iir_filter_tap:iir_tap_0|Mult0~152 ; Independent 27x27         ; DSP_X32_Y20_N0 ; Mixed               ; no                     ; no                     ; --                     ; --                     ; --                     ; --                     ; no              ; no                             ; no                  ; no                            ; no                           ; no                           ;
; audio_out:audio_out|IIR_filter:IIR_filter|iir_filter_tap:iir_tap_0|Mult0~493 ; Independent 27x27         ; DSP_X32_Y22_N0 ; Mixed               ; no                     ; no                     ; --                     ; --                     ; --                     ; --                     ; no              ; no                             ; no                  ; no                            ; no                           ; no                           ;
; audio_out:audio_out|IIR_filter:IIR_filter|iir_filter_tap:iir_tap_1|Mult0~152 ; Independent 27x27         ; DSP_X54_Y18_N0 ; Mixed               ; no                     ; no                     ; --                     ; --                     ; --                     ; --                     ; no              ; no                             ; no                  ; no                            ; no                           ; no                           ;
; audio_out:audio_out|IIR_filter:IIR_filter|iir_filter_tap:iir_tap_1|Mult0~493 ; Independent 27x27         ; DSP_X54_Y20_N0 ; Mixed               ; no                     ; no                     ; --                     ; --                     ; --                     ; --                     ; no              ; no                             ; no                  ; no                            ; no                           ; no                           ;
; audio_out:audio_out|IIR_filter:IIR_filter|iir_filter_tap:iir_tap_2|Mult0~8   ; Independent 27x27         ; DSP_X54_Y24_N0 ; Mixed               ; no                     ; no                     ; --                     ; --                     ; --                     ; --                     ; no              ; no                             ; no                  ; no                            ; no                           ; no                           ;
; audio_out:audio_out|IIR_filter:IIR_filter|iir_filter_tap:iir_tap_2|Mult0~349 ; Independent 27x27         ; DSP_X54_Y22_N0 ; Mixed               ; no                     ; no                     ; --                     ; --                     ; --                     ; --                     ; no              ; no                             ; no                  ; no                            ; no                           ; no                           ;
+------------------------------------------------------------------------------+---------------------------+----------------+---------------------+------------------------+------------------------+------------------------+------------------------+------------------------+------------------------+-----------------+--------------------------------+---------------------+-------------------------------+------------------------------+------------------------------+


+-------------------------------------------------------------------------+
; Routing Usage Summary                                                   ;
+---------------------------------------------+---------------------------+
; Routing Resource Type                       ; Usage                     ;
+---------------------------------------------+---------------------------+
; Block interconnects                         ; 7,231 / 289,320 ( 2 % )   ;
; C12 interconnects                           ; 119 / 13,420 ( < 1 % )    ;
; C2 interconnects                            ; 1,814 / 119,108 ( 2 % )   ;
; C4 interconnects                            ; 1,371 / 56,300 ( 2 % )    ;
; DQS bus muxes                               ; 0 / 25 ( 0 % )            ;
; DQS-18 I/O buses                            ; 0 / 25 ( 0 % )            ;
; DQS-9 I/O buses                             ; 0 / 25 ( 0 % )            ;
; Direct links                                ; 1,344 / 289,320 ( < 1 % ) ;
; Global clocks                               ; 5 / 16 ( 31 % )           ;
; HPS SDRAM PLL inputs                        ; 0 / 1 ( 0 % )             ;
; HPS SDRAM PLL outputs                       ; 0 / 1 ( 0 % )             ;
; HPS_INTERFACE_BOOT_FROM_FPGA_INPUTs         ; 0 / 9 ( 0 % )             ;
; HPS_INTERFACE_CLOCKS_RESETS_INPUTs          ; 1 / 7 ( 14 % )            ;
; HPS_INTERFACE_CLOCKS_RESETS_OUTPUTs         ; 2 / 6 ( 33 % )            ;
; HPS_INTERFACE_CROSS_TRIGGER_INPUTs          ; 0 / 18 ( 0 % )            ;
; HPS_INTERFACE_CROSS_TRIGGER_OUTPUTs         ; 0 / 24 ( 0 % )            ;
; HPS_INTERFACE_DBG_APB_INPUTs                ; 0 / 37 ( 0 % )            ;
; HPS_INTERFACE_DBG_APB_OUTPUTs               ; 0 / 55 ( 0 % )            ;
; HPS_INTERFACE_DMA_INPUTs                    ; 0 / 16 ( 0 % )            ;
; HPS_INTERFACE_DMA_OUTPUTs                   ; 0 / 8 ( 0 % )             ;
; HPS_INTERFACE_FPGA2HPS_INPUTs               ; 0 / 287 ( 0 % )           ;
; HPS_INTERFACE_FPGA2HPS_OUTPUTs              ; 0 / 154 ( 0 % )           ;
; HPS_INTERFACE_FPGA2SDRAM_INPUTs             ; 16 / 852 ( 2 % )          ;
; HPS_INTERFACE_FPGA2SDRAM_OUTPUTs            ; 0 / 408 ( 0 % )           ;
; HPS_INTERFACE_HPS2FPGA_INPUTs               ; 0 / 165 ( 0 % )           ;
; HPS_INTERFACE_HPS2FPGA_LIGHT_WEIGHT_INPUTs  ; 0 / 67 ( 0 % )            ;
; HPS_INTERFACE_HPS2FPGA_LIGHT_WEIGHT_OUTPUTs ; 0 / 156 ( 0 % )           ;
; HPS_INTERFACE_HPS2FPGA_OUTPUTs              ; 0 / 282 ( 0 % )           ;
; HPS_INTERFACE_INTERRUPTS_INPUTs             ; 2 / 64 ( 3 % )            ;
; HPS_INTERFACE_INTERRUPTS_OUTPUTs            ; 0 / 42 ( 0 % )            ;
; HPS_INTERFACE_JTAG_OUTPUTs                  ; 0 / 5 ( 0 % )             ;
; HPS_INTERFACE_LOAN_IO_INPUTs                ; 0 / 142 ( 0 % )           ;
; HPS_INTERFACE_LOAN_IO_OUTPUTs               ; 0 / 85 ( 0 % )            ;
; HPS_INTERFACE_MPU_EVENT_STANDBY_INPUTs      ; 0 / 1 ( 0 % )             ;
; HPS_INTERFACE_MPU_EVENT_STANDBY_OUTPUTs     ; 0 / 5 ( 0 % )             ;
; HPS_INTERFACE_MPU_GENERAL_PURPOSE_INPUTs    ; 24 / 32 ( 75 % )          ;
; HPS_INTERFACE_MPU_GENERAL_PURPOSE_OUTPUTs   ; 23 / 32 ( 72 % )          ;
; HPS_INTERFACE_PERIPHERAL_CAN_INPUTs         ; 0 / 2 ( 0 % )             ;
; HPS_INTERFACE_PERIPHERAL_CAN_OUTPUTs        ; 0 / 2 ( 0 % )             ;
; HPS_INTERFACE_PERIPHERAL_EMAC_INPUTs        ; 0 / 32 ( 0 % )            ;
; HPS_INTERFACE_PERIPHERAL_EMAC_OUTPUTs       ; 0 / 34 ( 0 % )            ;
; HPS_INTERFACE_PERIPHERAL_I2C_INPUTs         ; 2 / 8 ( 25 % )            ;
; HPS_INTERFACE_PERIPHERAL_I2C_OUTPUTs        ; 2 / 8 ( 25 % )            ;
; HPS_INTERFACE_PERIPHERAL_NAND_INPUTs        ; 0 / 12 ( 0 % )            ;
; HPS_INTERFACE_PERIPHERAL_NAND_OUTPUTs       ; 0 / 18 ( 0 % )            ;
; HPS_INTERFACE_PERIPHERAL_QSPI_INPUTs        ; 0 / 4 ( 0 % )             ;
; HPS_INTERFACE_PERIPHERAL_QSPI_OUTPUTs       ; 0 / 13 ( 0 % )            ;
; HPS_INTERFACE_PERIPHERAL_SDMMC_INPUTs       ; 0 / 13 ( 0 % )            ;
; HPS_INTERFACE_PERIPHERAL_SDMMC_OUTPUTs      ; 0 / 22 ( 0 % )            ;
; HPS_INTERFACE_PERIPHERAL_SPI_MASTER_INPUTs  ; 0 / 4 ( 0 % )             ;
; HPS_INTERFACE_PERIPHERAL_SPI_MASTER_OUTPUTs ; 0 / 14 ( 0 % )            ;
; HPS_INTERFACE_PERIPHERAL_SPI_SLAVE_INPUTs   ; 0 / 6 ( 0 % )             ;
; HPS_INTERFACE_PERIPHERAL_SPI_SLAVE_OUTPUTs  ; 0 / 4 ( 0 % )             ;
; HPS_INTERFACE_PERIPHERAL_UART_INPUTs        ; 0 / 10 ( 0 % )            ;
; HPS_INTERFACE_PERIPHERAL_UART_OUTPUTs       ; 0 / 10 ( 0 % )            ;
; HPS_INTERFACE_PERIPHERAL_USB_INPUTs         ; 0 / 22 ( 0 % )            ;
; HPS_INTERFACE_PERIPHERAL_USB_OUTPUTs        ; 0 / 34 ( 0 % )            ;
; HPS_INTERFACE_STM_EVENT_INPUTs              ; 0 / 28 ( 0 % )            ;
; HPS_INTERFACE_TEST_INPUTs                   ; 0 / 610 ( 0 % )           ;
; HPS_INTERFACE_TEST_OUTPUTs                  ; 0 / 513 ( 0 % )           ;
; HPS_INTERFACE_TPIU_TRACE_INPUTs             ; 0 / 2 ( 0 % )             ;
; HPS_INTERFACE_TPIU_TRACE_OUTPUTs            ; 0 / 33 ( 0 % )            ;
; Horizontal periphery clocks                 ; 0 / 72 ( 0 % )            ;
; Local interconnects                         ; 1,787 / 84,580 ( 2 % )    ;
; Quadrant clocks                             ; 0 / 66 ( 0 % )            ;
; R14 interconnects                           ; 159 / 12,676 ( 1 % )      ;
; R14/C12 interconnect drivers                ; 254 / 20,720 ( 1 % )      ;
; R3 interconnects                            ; 2,814 / 130,992 ( 2 % )   ;
; R6 interconnects                            ; 3,648 / 266,960 ( 1 % )   ;
; Spine clocks                                ; 21 / 360 ( 6 % )          ;
; Wire stub REs                               ; 0 / 15,858 ( 0 % )        ;
+---------------------------------------------+---------------------------+


+------------------------------------------+
; I/O Rules Summary                        ;
+----------------------------------+-------+
; I/O Rules Statistic              ; Total ;
+----------------------------------+-------+
; Total I/O Rules                  ; 28    ;
; Number of I/O Rules Passed       ; 12    ;
; Number of I/O Rules Failed       ; 0     ;
; Number of I/O Rules Unchecked    ; 0     ;
; Number of I/O Rules Inapplicable ; 16    ;
+----------------------------------+-------+


+-------------------------------------------------------------------------------------------------------------------------------------------------------------------------------------------------------------------------------------------+
; I/O Rules Details                                                                                                                                                                                                                         ;
+--------------+-----------+-----------------------------------+------------------------------------------------------------------------------------+----------+-------------------------------------------------+------+-------------------+
; Status       ; ID        ; Category                          ; Rule Description                                                                   ; Severity ; Information                                     ; Area ; Extra Information ;
+--------------+-----------+-----------------------------------+------------------------------------------------------------------------------------+----------+-------------------------------------------------+------+-------------------+
; Pass         ; IO_000002 ; Capacity Checks                   ; Number of clocks in an I/O bank should not exceed the number of clocks available.  ; Critical ; 0 such failures found.                          ; I/O  ;                   ;
; Pass         ; IO_000001 ; Capacity Checks                   ; Number of pins in an I/O bank should not exceed the number of locations available. ; Critical ; 0 such failures found.                          ; I/O  ;                   ;
; Pass         ; IO_000003 ; Capacity Checks                   ; Number of pins in a Vrefgroup should not exceed the number of locations available. ; Critical ; 0 such failures found.                          ; I/O  ;                   ;
; Inapplicable ; IO_000004 ; Voltage Compatibility Checks      ; The I/O bank should support the requested VCCIO.                                   ; Critical ; No IOBANK_VCCIO assignments found.              ; I/O  ;                   ;
; Inapplicable ; IO_000005 ; Voltage Compatibility Checks      ; The I/O bank should not have competing VREF values.                                ; Critical ; No VREF I/O Standard assignments found.         ; I/O  ;                   ;
; Pass         ; IO_000006 ; Voltage Compatibility Checks      ; The I/O bank should not have competing VCCIO values.                               ; Critical ; 0 such failures found.                          ; I/O  ;                   ;
; Pass         ; IO_000007 ; Valid Location Checks             ; Checks for unavailable locations.                                                  ; Critical ; 0 such failures found.                          ; I/O  ;                   ;
; Inapplicable ; IO_000008 ; Valid Location Checks             ; Checks for reserved locations.                                                     ; Critical ; No reserved LogicLock region found.             ; I/O  ;                   ;
; Inapplicable ; IO_000047 ; I/O Properties Checks for One I/O ; On Chip Termination and Slew Rate should not be used at the same time.             ; Critical ; No Slew Rate assignments found.                 ; I/O  ;                   ;
; Inapplicable ; IO_000046 ; I/O Properties Checks for One I/O ; The location should support the requested Slew Rate value.                         ; Critical ; No Slew Rate assignments found.                 ; I/O  ;                   ;
; Inapplicable ; IO_000045 ; I/O Properties Checks for One I/O ; The I/O standard should support the requested Slew Rate value.                     ; Critical ; No Slew Rate assignments found.                 ; I/O  ;                   ;
; Inapplicable ; IO_000027 ; I/O Properties Checks for One I/O ; Weak Pull Up and Bus Hold should not be used at the same time.                     ; Critical ; No Enable Bus-Hold Circuitry assignments found. ; I/O  ;                   ;
; Inapplicable ; IO_000026 ; I/O Properties Checks for One I/O ; On Chip Termination and Current Strength should not be used at the same time.      ; Critical ; No Termination assignments found.               ; I/O  ;                   ;
; Inapplicable ; IO_000024 ; I/O Properties Checks for One I/O ; The I/O direction should support the On Chip Termination value.                    ; Critical ; No Termination assignments found.               ; I/O  ;                   ;
; Pass         ; IO_000023 ; I/O Properties Checks for One I/O ; The I/O standard should support the Open Drain value.                              ; Critical ; 0 such failures found.                          ; I/O  ;                   ;
; Inapplicable ; IO_000022 ; I/O Properties Checks for One I/O ; The I/O standard should support the requested Bus Hold value.                      ; Critical ; No Enable Bus-Hold Circuitry assignments found. ; I/O  ;                   ;
; Pass         ; IO_000021 ; I/O Properties Checks for One I/O ; The I/O standard should support the requested Weak Pull Up value.                  ; Critical ; 0 such failures found.                          ; I/O  ;                   ;
; Inapplicable ; IO_000020 ; I/O Properties Checks for One I/O ; The I/O standard should support the requested PCI Clamp Diode.                     ; Critical ; No Clamping Diode assignments found.            ; I/O  ;                   ;
; Inapplicable ; IO_000019 ; I/O Properties Checks for One I/O ; The I/O standard should support the requested On Chip Termination value.           ; Critical ; No Termination assignments found.               ; I/O  ;                   ;
; Pass         ; IO_000018 ; I/O Properties Checks for One I/O ; The I/O standard should support the requested Current Strength.                    ; Critical ; 0 such failures found.                          ; I/O  ;                   ;
; Inapplicable ; IO_000015 ; I/O Properties Checks for One I/O ; The location should support the requested PCI Clamp Diode.                         ; Critical ; No Clamping Diode assignments found.            ; I/O  ;                   ;
; Pass         ; IO_000014 ; I/O Properties Checks for One I/O ; The location should support the requested Weak Pull Up value.                      ; Critical ; 0 such failures found.                          ; I/O  ;                   ;
; Inapplicable ; IO_000013 ; I/O Properties Checks for One I/O ; The location should support the requested Bus Hold value.                          ; Critical ; No Enable Bus-Hold Circuitry assignments found. ; I/O  ;                   ;
; Inapplicable ; IO_000012 ; I/O Properties Checks for One I/O ; The location should support the requested On Chip Termination value.               ; Critical ; No Termination assignments found.               ; I/O  ;                   ;
; Pass         ; IO_000011 ; I/O Properties Checks for One I/O ; The location should support the requested Current Strength.                        ; Critical ; 0 such failures found.                          ; I/O  ;                   ;
; Pass         ; IO_000010 ; I/O Properties Checks for One I/O ; The location should support the requested I/O direction.                           ; Critical ; 0 such failures found.                          ; I/O  ;                   ;
; Pass         ; IO_000009 ; I/O Properties Checks for One I/O ; The location should support the requested I/O standard.                            ; Critical ; 0 such failures found.                          ; I/O  ;                   ;
; Inapplicable ; IO_000034 ; SI Related Distance Checks        ; Single-ended outputs should be 0 LAB row(s) away from a differential I/O.          ; High     ; No Differential I/O Standard assignments found. ; I/O  ;                   ;
+--------------+-----------+-----------------------------------+------------------------------------------------------------------------------------+----------+-------------------------------------------------+------+-------------------+


+--------------------------------------------------------------------------------------------------------------------------------------------------------------------------------------------------------------------------------------------------------------------------------------------------------------------------------------------------------------------------------------------------------------------------------------+
; I/O Rules Matrix                                                                                                                                                                                                                                                                                                                                                                                                                     ;
+--------------------+--------------+-----------+-----------+--------------+--------------+-----------+-----------+--------------+--------------+--------------+--------------+--------------+--------------+--------------+--------------+--------------+--------------+--------------+--------------+--------------+--------------+--------------+--------------+--------------+--------------+-----------+-----------+--------------+
; Pin/Rules          ; IO_000002    ; IO_000001 ; IO_000003 ; IO_000004    ; IO_000005    ; IO_000006 ; IO_000007 ; IO_000008    ; IO_000047    ; IO_000046    ; IO_000045    ; IO_000027    ; IO_000026    ; IO_000024    ; IO_000023    ; IO_000022    ; IO_000021    ; IO_000020    ; IO_000019    ; IO_000018    ; IO_000015    ; IO_000014    ; IO_000013    ; IO_000012    ; IO_000011    ; IO_000010 ; IO_000009 ; IO_000034    ;
+--------------------+--------------+-----------+-----------+--------------+--------------+-----------+-----------+--------------+--------------+--------------+--------------+--------------+--------------+--------------+--------------+--------------+--------------+--------------+--------------+--------------+--------------+--------------+--------------+--------------+--------------+-----------+-----------+--------------+
; Total Pass         ; 5            ; 145       ; 145       ; 0            ; 0            ; 145       ; 145       ; 0            ; 0            ; 0            ; 0            ; 0            ; 0            ; 0            ; 56           ; 0            ; 23           ; 0            ; 0            ; 83           ; 0            ; 23           ; 0            ; 0            ; 83           ; 145       ; 145       ; 0            ;
; Total Unchecked    ; 0            ; 0         ; 0         ; 0            ; 0            ; 0         ; 0         ; 0            ; 0            ; 0            ; 0            ; 0            ; 0            ; 0            ; 0            ; 0            ; 0            ; 0            ; 0            ; 0            ; 0            ; 0            ; 0            ; 0            ; 0            ; 0         ; 0         ; 0            ;
; Total Inapplicable ; 140          ; 0         ; 0         ; 145          ; 145          ; 0         ; 0         ; 145          ; 145          ; 145          ; 145          ; 145          ; 145          ; 145          ; 89           ; 145          ; 122          ; 145          ; 145          ; 62           ; 145          ; 122          ; 145          ; 145          ; 62           ; 0         ; 0         ; 145          ;
; Total Fail         ; 0            ; 0         ; 0         ; 0            ; 0            ; 0         ; 0         ; 0            ; 0            ; 0            ; 0            ; 0            ; 0            ; 0            ; 0            ; 0            ; 0            ; 0            ; 0            ; 0            ; 0            ; 0            ; 0            ; 0            ; 0            ; 0         ; 0         ; 0            ;
; FPGA_CLK1_50       ; Inapplicable ; Pass      ; Pass      ; Inapplicable ; Inapplicable ; Pass      ; Pass      ; Inapplicable ; Inapplicable ; Inapplicable ; Inapplicable ; Inapplicable ; Inapplicable ; Inapplicable ; Inapplicable ; Inapplicable ; Inapplicable ; Inapplicable ; Inapplicable ; Inapplicable ; Inapplicable ; Inapplicable ; Inapplicable ; Inapplicable ; Inapplicable ; Pass      ; Pass      ; Inapplicable ;
; HDMI_I2C_SCL       ; Inapplicable ; Pass      ; Pass      ; Inapplicable ; Inapplicable ; Pass      ; Pass      ; Inapplicable ; Inapplicable ; Inapplicable ; Inapplicable ; Inapplicable ; Inapplicable ; Inapplicable ; Pass         ; Inapplicable ; Inapplicable ; Inapplicable ; Inapplicable ; Inapplicable ; Inapplicable ; Inapplicable ; Inapplicable ; Inapplicable ; Inapplicable ; Pass      ; Pass      ; Inapplicable ;
; HDMI_MCLK          ; Inapplicable ; Pass      ; Pass      ; Inapplicable ; Inapplicable ; Pass      ; Pass      ; Inapplicable ; Inapplicable ; Inapplicable ; Inapplicable ; Inapplicable ; Inapplicable ; Inapplicable ; Inapplicable ; Inapplicable ; Inapplicable ; Inapplicable ; Inapplicable ; Inapplicable ; Inapplicable ; Inapplicable ; Inapplicable ; Inapplicable ; Inapplicable ; Pass      ; Pass      ; Inapplicable ;
; HDMI_SCLK          ; Inapplicable ; Pass      ; Pass      ; Inapplicable ; Inapplicable ; Pass      ; Pass      ; Inapplicable ; Inapplicable ; Inapplicable ; Inapplicable ; Inapplicable ; Inapplicable ; Inapplicable ; Inapplicable ; Inapplicable ; Inapplicable ; Inapplicable ; Inapplicable ; Inapplicable ; Inapplicable ; Inapplicable ; Inapplicable ; Inapplicable ; Inapplicable ; Pass      ; Pass      ; Inapplicable ;
; HDMI_LRCLK         ; Inapplicable ; Pass      ; Pass      ; Inapplicable ; Inapplicable ; Pass      ; Pass      ; Inapplicable ; Inapplicable ; Inapplicable ; Inapplicable ; Inapplicable ; Inapplicable ; Inapplicable ; Inapplicable ; Inapplicable ; Inapplicable ; Inapplicable ; Inapplicable ; Inapplicable ; Inapplicable ; Inapplicable ; Inapplicable ; Inapplicable ; Inapplicable ; Pass      ; Pass      ; Inapplicable ;
; HDMI_I2S           ; Inapplicable ; Pass      ; Pass      ; Inapplicable ; Inapplicable ; Pass      ; Pass      ; Inapplicable ; Inapplicable ; Inapplicable ; Inapplicable ; Inapplicable ; Inapplicable ; Inapplicable ; Inapplicable ; Inapplicable ; Inapplicable ; Inapplicable ; Inapplicable ; Inapplicable ; Inapplicable ; Inapplicable ; Inapplicable ; Inapplicable ; Inapplicable ; Pass      ; Pass      ; Inapplicable ;
; HDMI_TX_CLK        ; Pass         ; Pass      ; Pass      ; Inapplicable ; Inapplicable ; Pass      ; Pass      ; Inapplicable ; Inapplicable ; Inapplicable ; Inapplicable ; Inapplicable ; Inapplicable ; Inapplicable ; Inapplicable ; Inapplicable ; Inapplicable ; Inapplicable ; Inapplicable ; Inapplicable ; Inapplicable ; Inapplicable ; Inapplicable ; Inapplicable ; Inapplicable ; Pass      ; Pass      ; Inapplicable ;
; HDMI_TX_DE         ; Pass         ; Pass      ; Pass      ; Inapplicable ; Inapplicable ; Pass      ; Pass      ; Inapplicable ; Inapplicable ; Inapplicable ; Inapplicable ; Inapplicable ; Inapplicable ; Inapplicable ; Inapplicable ; Inapplicable ; Inapplicable ; Inapplicable ; Inapplicable ; Inapplicable ; Inapplicable ; Inapplicable ; Inapplicable ; Inapplicable ; Inapplicable ; Pass      ; Pass      ; Inapplicable ;
; HDMI_TX_D[0]       ; Inapplicable ; Pass      ; Pass      ; Inapplicable ; Inapplicable ; Pass      ; Pass      ; Inapplicable ; Inapplicable ; Inapplicable ; Inapplicable ; Inapplicable ; Inapplicable ; Inapplicable ; Inapplicable ; Inapplicable ; Inapplicable ; Inapplicable ; Inapplicable ; Inapplicable ; Inapplicable ; Inapplicable ; Inapplicable ; Inapplicable ; Inapplicable ; Pass      ; Pass      ; Inapplicable ;
; HDMI_TX_D[1]       ; Inapplicable ; Pass      ; Pass      ; Inapplicable ; Inapplicable ; Pass      ; Pass      ; Inapplicable ; Inapplicable ; Inapplicable ; Inapplicable ; Inapplicable ; Inapplicable ; Inapplicable ; Inapplicable ; Inapplicable ; Inapplicable ; Inapplicable ; Inapplicable ; Inapplicable ; Inapplicable ; Inapplicable ; Inapplicable ; Inapplicable ; Inapplicable ; Pass      ; Pass      ; Inapplicable ;
; HDMI_TX_D[2]       ; Inapplicable ; Pass      ; Pass      ; Inapplicable ; Inapplicable ; Pass      ; Pass      ; Inapplicable ; Inapplicable ; Inapplicable ; Inapplicable ; Inapplicable ; Inapplicable ; Inapplicable ; Inapplicable ; Inapplicable ; Inapplicable ; Inapplicable ; Inapplicable ; Inapplicable ; Inapplicable ; Inapplicable ; Inapplicable ; Inapplicable ; Inapplicable ; Pass      ; Pass      ; Inapplicable ;
; HDMI_TX_D[3]       ; Inapplicable ; Pass      ; Pass      ; Inapplicable ; Inapplicable ; Pass      ; Pass      ; Inapplicable ; Inapplicable ; Inapplicable ; Inapplicable ; Inapplicable ; Inapplicable ; Inapplicable ; Inapplicable ; Inapplicable ; Inapplicable ; Inapplicable ; Inapplicable ; Inapplicable ; Inapplicable ; Inapplicable ; Inapplicable ; Inapplicable ; Inapplicable ; Pass      ; Pass      ; Inapplicable ;
; HDMI_TX_D[4]       ; Inapplicable ; Pass      ; Pass      ; Inapplicable ; Inapplicable ; Pass      ; Pass      ; Inapplicable ; Inapplicable ; Inapplicable ; Inapplicable ; Inapplicable ; Inapplicable ; Inapplicable ; Inapplicable ; Inapplicable ; Inapplicable ; Inapplicable ; Inapplicable ; Inapplicable ; Inapplicable ; Inapplicable ; Inapplicable ; Inapplicable ; Inapplicable ; Pass      ; Pass      ; Inapplicable ;
; HDMI_TX_D[5]       ; Inapplicable ; Pass      ; Pass      ; Inapplicable ; Inapplicable ; Pass      ; Pass      ; Inapplicable ; Inapplicable ; Inapplicable ; Inapplicable ; Inapplicable ; Inapplicable ; Inapplicable ; Inapplicable ; Inapplicable ; Inapplicable ; Inapplicable ; Inapplicable ; Inapplicable ; Inapplicable ; Inapplicable ; Inapplicable ; Inapplicable ; Inapplicable ; Pass      ; Pass      ; Inapplicable ;
; HDMI_TX_D[6]       ; Inapplicable ; Pass      ; Pass      ; Inapplicable ; Inapplicable ; Pass      ; Pass      ; Inapplicable ; Inapplicable ; Inapplicable ; Inapplicable ; Inapplicable ; Inapplicable ; Inapplicable ; Inapplicable ; Inapplicable ; Inapplicable ; Inapplicable ; Inapplicable ; Inapplicable ; Inapplicable ; Inapplicable ; Inapplicable ; Inapplicable ; Inapplicable ; Pass      ; Pass      ; Inapplicable ;
; HDMI_TX_D[7]       ; Inapplicable ; Pass      ; Pass      ; Inapplicable ; Inapplicable ; Pass      ; Pass      ; Inapplicable ; Inapplicable ; Inapplicable ; Inapplicable ; Inapplicable ; Inapplicable ; Inapplicable ; Inapplicable ; Inapplicable ; Inapplicable ; Inapplicable ; Inapplicable ; Inapplicable ; Inapplicable ; Inapplicable ; Inapplicable ; Inapplicable ; Inapplicable ; Pass      ; Pass      ; Inapplicable ;
; HDMI_TX_D[8]       ; Inapplicable ; Pass      ; Pass      ; Inapplicable ; Inapplicable ; Pass      ; Pass      ; Inapplicable ; Inapplicable ; Inapplicable ; Inapplicable ; Inapplicable ; Inapplicable ; Inapplicable ; Inapplicable ; Inapplicable ; Inapplicable ; Inapplicable ; Inapplicable ; Inapplicable ; Inapplicable ; Inapplicable ; Inapplicable ; Inapplicable ; Inapplicable ; Pass      ; Pass      ; Inapplicable ;
; HDMI_TX_D[9]       ; Inapplicable ; Pass      ; Pass      ; Inapplicable ; Inapplicable ; Pass      ; Pass      ; Inapplicable ; Inapplicable ; Inapplicable ; Inapplicable ; Inapplicable ; Inapplicable ; Inapplicable ; Inapplicable ; Inapplicable ; Inapplicable ; Inapplicable ; Inapplicable ; Inapplicable ; Inapplicable ; Inapplicable ; Inapplicable ; Inapplicable ; Inapplicable ; Pass      ; Pass      ; Inapplicable ;
; HDMI_TX_D[10]      ; Inapplicable ; Pass      ; Pass      ; Inapplicable ; Inapplicable ; Pass      ; Pass      ; Inapplicable ; Inapplicable ; Inapplicable ; Inapplicable ; Inapplicable ; Inapplicable ; Inapplicable ; Inapplicable ; Inapplicable ; Inapplicable ; Inapplicable ; Inapplicable ; Inapplicable ; Inapplicable ; Inapplicable ; Inapplicable ; Inapplicable ; Inapplicable ; Pass      ; Pass      ; Inapplicable ;
; HDMI_TX_D[11]      ; Inapplicable ; Pass      ; Pass      ; Inapplicable ; Inapplicable ; Pass      ; Pass      ; Inapplicable ; Inapplicable ; Inapplicable ; Inapplicable ; Inapplicable ; Inapplicable ; Inapplicable ; Inapplicable ; Inapplicable ; Inapplicable ; Inapplicable ; Inapplicable ; Inapplicable ; Inapplicable ; Inapplicable ; Inapplicable ; Inapplicable ; Inapplicable ; Pass      ; Pass      ; Inapplicable ;
; HDMI_TX_D[12]      ; Inapplicable ; Pass      ; Pass      ; Inapplicable ; Inapplicable ; Pass      ; Pass      ; Inapplicable ; Inapplicable ; Inapplicable ; Inapplicable ; Inapplicable ; Inapplicable ; Inapplicable ; Inapplicable ; Inapplicable ; Inapplicable ; Inapplicable ; Inapplicable ; Inapplicable ; Inapplicable ; Inapplicable ; Inapplicable ; Inapplicable ; Inapplicable ; Pass      ; Pass      ; Inapplicable ;
; HDMI_TX_D[13]      ; Inapplicable ; Pass      ; Pass      ; Inapplicable ; Inapplicable ; Pass      ; Pass      ; Inapplicable ; Inapplicable ; Inapplicable ; Inapplicable ; Inapplicable ; Inapplicable ; Inapplicable ; Inapplicable ; Inapplicable ; Inapplicable ; Inapplicable ; Inapplicable ; Inapplicable ; Inapplicable ; Inapplicable ; Inapplicable ; Inapplicable ; Inapplicable ; Pass      ; Pass      ; Inapplicable ;
; HDMI_TX_D[14]      ; Inapplicable ; Pass      ; Pass      ; Inapplicable ; Inapplicable ; Pass      ; Pass      ; Inapplicable ; Inapplicable ; Inapplicable ; Inapplicable ; Inapplicable ; Inapplicable ; Inapplicable ; Inapplicable ; Inapplicable ; Inapplicable ; Inapplicable ; Inapplicable ; Inapplicable ; Inapplicable ; Inapplicable ; Inapplicable ; Inapplicable ; Inapplicable ; Pass      ; Pass      ; Inapplicable ;
; HDMI_TX_D[15]      ; Inapplicable ; Pass      ; Pass      ; Inapplicable ; Inapplicable ; Pass      ; Pass      ; Inapplicable ; Inapplicable ; Inapplicable ; Inapplicable ; Inapplicable ; Inapplicable ; Inapplicable ; Inapplicable ; Inapplicable ; Inapplicable ; Inapplicable ; Inapplicable ; Inapplicable ; Inapplicable ; Inapplicable ; Inapplicable ; Inapplicable ; Inapplicable ; Pass      ; Pass      ; Inapplicable ;
; HDMI_TX_D[16]      ; Inapplicable ; Pass      ; Pass      ; Inapplicable ; Inapplicable ; Pass      ; Pass      ; Inapplicable ; Inapplicable ; Inapplicable ; Inapplicable ; Inapplicable ; Inapplicable ; Inapplicable ; Inapplicable ; Inapplicable ; Inapplicable ; Inapplicable ; Inapplicable ; Inapplicable ; Inapplicable ; Inapplicable ; Inapplicable ; Inapplicable ; Inapplicable ; Pass      ; Pass      ; Inapplicable ;
; HDMI_TX_D[17]      ; Inapplicable ; Pass      ; Pass      ; Inapplicable ; Inapplicable ; Pass      ; Pass      ; Inapplicable ; Inapplicable ; Inapplicable ; Inapplicable ; Inapplicable ; Inapplicable ; Inapplicable ; Inapplicable ; Inapplicable ; Inapplicable ; Inapplicable ; Inapplicable ; Inapplicable ; Inapplicable ; Inapplicable ; Inapplicable ; Inapplicable ; Inapplicable ; Pass      ; Pass      ; Inapplicable ;
; HDMI_TX_D[18]      ; Inapplicable ; Pass      ; Pass      ; Inapplicable ; Inapplicable ; Pass      ; Pass      ; Inapplicable ; Inapplicable ; Inapplicable ; Inapplicable ; Inapplicable ; Inapplicable ; Inapplicable ; Inapplicable ; Inapplicable ; Inapplicable ; Inapplicable ; Inapplicable ; Inapplicable ; Inapplicable ; Inapplicable ; Inapplicable ; Inapplicable ; Inapplicable ; Pass      ; Pass      ; Inapplicable ;
; HDMI_TX_D[19]      ; Inapplicable ; Pass      ; Pass      ; Inapplicable ; Inapplicable ; Pass      ; Pass      ; Inapplicable ; Inapplicable ; Inapplicable ; Inapplicable ; Inapplicable ; Inapplicable ; Inapplicable ; Inapplicable ; Inapplicable ; Inapplicable ; Inapplicable ; Inapplicable ; Inapplicable ; Inapplicable ; Inapplicable ; Inapplicable ; Inapplicable ; Inapplicable ; Pass      ; Pass      ; Inapplicable ;
; HDMI_TX_D[20]      ; Inapplicable ; Pass      ; Pass      ; Inapplicable ; Inapplicable ; Pass      ; Pass      ; Inapplicable ; Inapplicable ; Inapplicable ; Inapplicable ; Inapplicable ; Inapplicable ; Inapplicable ; Inapplicable ; Inapplicable ; Inapplicable ; Inapplicable ; Inapplicable ; Inapplicable ; Inapplicable ; Inapplicable ; Inapplicable ; Inapplicable ; Inapplicable ; Pass      ; Pass      ; Inapplicable ;
; HDMI_TX_D[21]      ; Inapplicable ; Pass      ; Pass      ; Inapplicable ; Inapplicable ; Pass      ; Pass      ; Inapplicable ; Inapplicable ; Inapplicable ; Inapplicable ; Inapplicable ; Inapplicable ; Inapplicable ; Inapplicable ; Inapplicable ; Inapplicable ; Inapplicable ; Inapplicable ; Inapplicable ; Inapplicable ; Inapplicable ; Inapplicable ; Inapplicable ; Inapplicable ; Pass      ; Pass      ; Inapplicable ;
; HDMI_TX_D[22]      ; Inapplicable ; Pass      ; Pass      ; Inapplicable ; Inapplicable ; Pass      ; Pass      ; Inapplicable ; Inapplicable ; Inapplicable ; Inapplicable ; Inapplicable ; Inapplicable ; Inapplicable ; Inapplicable ; Inapplicable ; Inapplicable ; Inapplicable ; Inapplicable ; Inapplicable ; Inapplicable ; Inapplicable ; Inapplicable ; Inapplicable ; Inapplicable ; Pass      ; Pass      ; Inapplicable ;
; HDMI_TX_D[23]      ; Inapplicable ; Pass      ; Pass      ; Inapplicable ; Inapplicable ; Pass      ; Pass      ; Inapplicable ; Inapplicable ; Inapplicable ; Inapplicable ; Inapplicable ; Inapplicable ; Inapplicable ; Inapplicable ; Inapplicable ; Inapplicable ; Inapplicable ; Inapplicable ; Inapplicable ; Inapplicable ; Inapplicable ; Inapplicable ; Inapplicable ; Inapplicable ; Pass      ; Pass      ; Inapplicable ;
; HDMI_TX_HS         ; Pass         ; Pass      ; Pass      ; Inapplicable ; Inapplicable ; Pass      ; Pass      ; Inapplicable ; Inapplicable ; Inapplicable ; Inapplicable ; Inapplicable ; Inapplicable ; Inapplicable ; Inapplicable ; Inapplicable ; Inapplicable ; Inapplicable ; Inapplicable ; Inapplicable ; Inapplicable ; Inapplicable ; Inapplicable ; Inapplicable ; Inapplicable ; Pass      ; Pass      ; Inapplicable ;
; HDMI_TX_VS         ; Pass         ; Pass      ; Pass      ; Inapplicable ; Inapplicable ; Pass      ; Pass      ; Inapplicable ; Inapplicable ; Inapplicable ; Inapplicable ; Inapplicable ; Inapplicable ; Inapplicable ; Inapplicable ; Inapplicable ; Inapplicable ; Inapplicable ; Inapplicable ; Inapplicable ; Inapplicable ; Inapplicable ; Inapplicable ; Inapplicable ; Inapplicable ; Pass      ; Pass      ; Inapplicable ;
; HDMI_TX_INT        ; Inapplicable ; Pass      ; Pass      ; Inapplicable ; Inapplicable ; Pass      ; Pass      ; Inapplicable ; Inapplicable ; Inapplicable ; Inapplicable ; Inapplicable ; Inapplicable ; Inapplicable ; Inapplicable ; Inapplicable ; Inapplicable ; Inapplicable ; Inapplicable ; Inapplicable ; Inapplicable ; Inapplicable ; Inapplicable ; Inapplicable ; Inapplicable ; Pass      ; Pass      ; Inapplicable ;
; SDRAM_A[0]         ; Inapplicable ; Pass      ; Pass      ; Inapplicable ; Inapplicable ; Pass      ; Pass      ; Inapplicable ; Inapplicable ; Inapplicable ; Inapplicable ; Inapplicable ; Inapplicable ; Inapplicable ; Pass         ; Inapplicable ; Inapplicable ; Inapplicable ; Inapplicable ; Pass         ; Inapplicable ; Inapplicable ; Inapplicable ; Inapplicable ; Pass         ; Pass      ; Pass      ; Inapplicable ;
; SDRAM_A[1]         ; Inapplicable ; Pass      ; Pass      ; Inapplicable ; Inapplicable ; Pass      ; Pass      ; Inapplicable ; Inapplicable ; Inapplicable ; Inapplicable ; Inapplicable ; Inapplicable ; Inapplicable ; Pass         ; Inapplicable ; Inapplicable ; Inapplicable ; Inapplicable ; Pass         ; Inapplicable ; Inapplicable ; Inapplicable ; Inapplicable ; Pass         ; Pass      ; Pass      ; Inapplicable ;
; SDRAM_A[2]         ; Inapplicable ; Pass      ; Pass      ; Inapplicable ; Inapplicable ; Pass      ; Pass      ; Inapplicable ; Inapplicable ; Inapplicable ; Inapplicable ; Inapplicable ; Inapplicable ; Inapplicable ; Pass         ; Inapplicable ; Inapplicable ; Inapplicable ; Inapplicable ; Pass         ; Inapplicable ; Inapplicable ; Inapplicable ; Inapplicable ; Pass         ; Pass      ; Pass      ; Inapplicable ;
; SDRAM_A[3]         ; Inapplicable ; Pass      ; Pass      ; Inapplicable ; Inapplicable ; Pass      ; Pass      ; Inapplicable ; Inapplicable ; Inapplicable ; Inapplicable ; Inapplicable ; Inapplicable ; Inapplicable ; Pass         ; Inapplicable ; Inapplicable ; Inapplicable ; Inapplicable ; Pass         ; Inapplicable ; Inapplicable ; Inapplicable ; Inapplicable ; Pass         ; Pass      ; Pass      ; Inapplicable ;
; SDRAM_A[4]         ; Inapplicable ; Pass      ; Pass      ; Inapplicable ; Inapplicable ; Pass      ; Pass      ; Inapplicable ; Inapplicable ; Inapplicable ; Inapplicable ; Inapplicable ; Inapplicable ; Inapplicable ; Pass         ; Inapplicable ; Inapplicable ; Inapplicable ; Inapplicable ; Pass         ; Inapplicable ; Inapplicable ; Inapplicable ; Inapplicable ; Pass         ; Pass      ; Pass      ; Inapplicable ;
; SDRAM_A[5]         ; Inapplicable ; Pass      ; Pass      ; Inapplicable ; Inapplicable ; Pass      ; Pass      ; Inapplicable ; Inapplicable ; Inapplicable ; Inapplicable ; Inapplicable ; Inapplicable ; Inapplicable ; Pass         ; Inapplicable ; Inapplicable ; Inapplicable ; Inapplicable ; Pass         ; Inapplicable ; Inapplicable ; Inapplicable ; Inapplicable ; Pass         ; Pass      ; Pass      ; Inapplicable ;
; SDRAM_A[6]         ; Inapplicable ; Pass      ; Pass      ; Inapplicable ; Inapplicable ; Pass      ; Pass      ; Inapplicable ; Inapplicable ; Inapplicable ; Inapplicable ; Inapplicable ; Inapplicable ; Inapplicable ; Pass         ; Inapplicable ; Inapplicable ; Inapplicable ; Inapplicable ; Pass         ; Inapplicable ; Inapplicable ; Inapplicable ; Inapplicable ; Pass         ; Pass      ; Pass      ; Inapplicable ;
; SDRAM_A[7]         ; Inapplicable ; Pass      ; Pass      ; Inapplicable ; Inapplicable ; Pass      ; Pass      ; Inapplicable ; Inapplicable ; Inapplicable ; Inapplicable ; Inapplicable ; Inapplicable ; Inapplicable ; Pass         ; Inapplicable ; Inapplicable ; Inapplicable ; Inapplicable ; Pass         ; Inapplicable ; Inapplicable ; Inapplicable ; Inapplicable ; Pass         ; Pass      ; Pass      ; Inapplicable ;
; SDRAM_A[8]         ; Inapplicable ; Pass      ; Pass      ; Inapplicable ; Inapplicable ; Pass      ; Pass      ; Inapplicable ; Inapplicable ; Inapplicable ; Inapplicable ; Inapplicable ; Inapplicable ; Inapplicable ; Pass         ; Inapplicable ; Inapplicable ; Inapplicable ; Inapplicable ; Pass         ; Inapplicable ; Inapplicable ; Inapplicable ; Inapplicable ; Pass         ; Pass      ; Pass      ; Inapplicable ;
; SDRAM_A[9]         ; Inapplicable ; Pass      ; Pass      ; Inapplicable ; Inapplicable ; Pass      ; Pass      ; Inapplicable ; Inapplicable ; Inapplicable ; Inapplicable ; Inapplicable ; Inapplicable ; Inapplicable ; Pass         ; Inapplicable ; Inapplicable ; Inapplicable ; Inapplicable ; Pass         ; Inapplicable ; Inapplicable ; Inapplicable ; Inapplicable ; Pass         ; Pass      ; Pass      ; Inapplicable ;
; SDRAM_A[10]        ; Inapplicable ; Pass      ; Pass      ; Inapplicable ; Inapplicable ; Pass      ; Pass      ; Inapplicable ; Inapplicable ; Inapplicable ; Inapplicable ; Inapplicable ; Inapplicable ; Inapplicable ; Pass         ; Inapplicable ; Inapplicable ; Inapplicable ; Inapplicable ; Pass         ; Inapplicable ; Inapplicable ; Inapplicable ; Inapplicable ; Pass         ; Pass      ; Pass      ; Inapplicable ;
; SDRAM_A[11]        ; Inapplicable ; Pass      ; Pass      ; Inapplicable ; Inapplicable ; Pass      ; Pass      ; Inapplicable ; Inapplicable ; Inapplicable ; Inapplicable ; Inapplicable ; Inapplicable ; Inapplicable ; Pass         ; Inapplicable ; Inapplicable ; Inapplicable ; Inapplicable ; Pass         ; Inapplicable ; Inapplicable ; Inapplicable ; Inapplicable ; Pass         ; Pass      ; Pass      ; Inapplicable ;
; SDRAM_A[12]        ; Inapplicable ; Pass      ; Pass      ; Inapplicable ; Inapplicable ; Pass      ; Pass      ; Inapplicable ; Inapplicable ; Inapplicable ; Inapplicable ; Inapplicable ; Inapplicable ; Inapplicable ; Pass         ; Inapplicable ; Inapplicable ; Inapplicable ; Inapplicable ; Pass         ; Inapplicable ; Inapplicable ; Inapplicable ; Inapplicable ; Pass         ; Pass      ; Pass      ; Inapplicable ;
; SDRAM_DQML         ; Inapplicable ; Pass      ; Pass      ; Inapplicable ; Inapplicable ; Pass      ; Pass      ; Inapplicable ; Inapplicable ; Inapplicable ; Inapplicable ; Inapplicable ; Inapplicable ; Inapplicable ; Pass         ; Inapplicable ; Inapplicable ; Inapplicable ; Inapplicable ; Pass         ; Inapplicable ; Inapplicable ; Inapplicable ; Inapplicable ; Pass         ; Pass      ; Pass      ; Inapplicable ;
; SDRAM_DQMH         ; Inapplicable ; Pass      ; Pass      ; Inapplicable ; Inapplicable ; Pass      ; Pass      ; Inapplicable ; Inapplicable ; Inapplicable ; Inapplicable ; Inapplicable ; Inapplicable ; Inapplicable ; Pass         ; Inapplicable ; Inapplicable ; Inapplicable ; Inapplicable ; Pass         ; Inapplicable ; Inapplicable ; Inapplicable ; Inapplicable ; Pass         ; Pass      ; Pass      ; Inapplicable ;
; SDRAM_nWE          ; Inapplicable ; Pass      ; Pass      ; Inapplicable ; Inapplicable ; Pass      ; Pass      ; Inapplicable ; Inapplicable ; Inapplicable ; Inapplicable ; Inapplicable ; Inapplicable ; Inapplicable ; Pass         ; Inapplicable ; Inapplicable ; Inapplicable ; Inapplicable ; Pass         ; Inapplicable ; Inapplicable ; Inapplicable ; Inapplicable ; Pass         ; Pass      ; Pass      ; Inapplicable ;
; SDRAM_nCAS         ; Inapplicable ; Pass      ; Pass      ; Inapplicable ; Inapplicable ; Pass      ; Pass      ; Inapplicable ; Inapplicable ; Inapplicable ; Inapplicable ; Inapplicable ; Inapplicable ; Inapplicable ; Pass         ; Inapplicable ; Inapplicable ; Inapplicable ; Inapplicable ; Pass         ; Inapplicable ; Inapplicable ; Inapplicable ; Inapplicable ; Pass         ; Pass      ; Pass      ; Inapplicable ;
; SDRAM_nRAS         ; Inapplicable ; Pass      ; Pass      ; Inapplicable ; Inapplicable ; Pass      ; Pass      ; Inapplicable ; Inapplicable ; Inapplicable ; Inapplicable ; Inapplicable ; Inapplicable ; Inapplicable ; Pass         ; Inapplicable ; Inapplicable ; Inapplicable ; Inapplicable ; Pass         ; Inapplicable ; Inapplicable ; Inapplicable ; Inapplicable ; Pass         ; Pass      ; Pass      ; Inapplicable ;
; SDRAM_nCS          ; Inapplicable ; Pass      ; Pass      ; Inapplicable ; Inapplicable ; Pass      ; Pass      ; Inapplicable ; Inapplicable ; Inapplicable ; Inapplicable ; Inapplicable ; Inapplicable ; Inapplicable ; Pass         ; Inapplicable ; Inapplicable ; Inapplicable ; Inapplicable ; Pass         ; Inapplicable ; Inapplicable ; Inapplicable ; Inapplicable ; Pass         ; Pass      ; Pass      ; Inapplicable ;
; SDRAM_BA[0]        ; Inapplicable ; Pass      ; Pass      ; Inapplicable ; Inapplicable ; Pass      ; Pass      ; Inapplicable ; Inapplicable ; Inapplicable ; Inapplicable ; Inapplicable ; Inapplicable ; Inapplicable ; Pass         ; Inapplicable ; Inapplicable ; Inapplicable ; Inapplicable ; Pass         ; Inapplicable ; Inapplicable ; Inapplicable ; Inapplicable ; Pass         ; Pass      ; Pass      ; Inapplicable ;
; SDRAM_BA[1]        ; Inapplicable ; Pass      ; Pass      ; Inapplicable ; Inapplicable ; Pass      ; Pass      ; Inapplicable ; Inapplicable ; Inapplicable ; Inapplicable ; Inapplicable ; Inapplicable ; Inapplicable ; Pass         ; Inapplicable ; Inapplicable ; Inapplicable ; Inapplicable ; Pass         ; Inapplicable ; Inapplicable ; Inapplicable ; Inapplicable ; Pass         ; Pass      ; Pass      ; Inapplicable ;
; SDRAM_CLK          ; Inapplicable ; Pass      ; Pass      ; Inapplicable ; Inapplicable ; Pass      ; Pass      ; Inapplicable ; Inapplicable ; Inapplicable ; Inapplicable ; Inapplicable ; Inapplicable ; Inapplicable ; Pass         ; Inapplicable ; Inapplicable ; Inapplicable ; Inapplicable ; Pass         ; Inapplicable ; Inapplicable ; Inapplicable ; Inapplicable ; Pass         ; Pass      ; Pass      ; Inapplicable ;
; SDRAM_CKE          ; Inapplicable ; Pass      ; Pass      ; Inapplicable ; Inapplicable ; Pass      ; Pass      ; Inapplicable ; Inapplicable ; Inapplicable ; Inapplicable ; Inapplicable ; Inapplicable ; Inapplicable ; Pass         ; Inapplicable ; Inapplicable ; Inapplicable ; Inapplicable ; Pass         ; Inapplicable ; Inapplicable ; Inapplicable ; Inapplicable ; Pass         ; Pass      ; Pass      ; Inapplicable ;
; VGA_R[0]           ; Inapplicable ; Pass      ; Pass      ; Inapplicable ; Inapplicable ; Pass      ; Pass      ; Inapplicable ; Inapplicable ; Inapplicable ; Inapplicable ; Inapplicable ; Inapplicable ; Inapplicable ; Inapplicable ; Inapplicable ; Inapplicable ; Inapplicable ; Inapplicable ; Pass         ; Inapplicable ; Inapplicable ; Inapplicable ; Inapplicable ; Pass         ; Pass      ; Pass      ; Inapplicable ;
; VGA_R[1]           ; Inapplicable ; Pass      ; Pass      ; Inapplicable ; Inapplicable ; Pass      ; Pass      ; Inapplicable ; Inapplicable ; Inapplicable ; Inapplicable ; Inapplicable ; Inapplicable ; Inapplicable ; Inapplicable ; Inapplicable ; Inapplicable ; Inapplicable ; Inapplicable ; Pass         ; Inapplicable ; Inapplicable ; Inapplicable ; Inapplicable ; Pass         ; Pass      ; Pass      ; Inapplicable ;
; VGA_R[2]           ; Inapplicable ; Pass      ; Pass      ; Inapplicable ; Inapplicable ; Pass      ; Pass      ; Inapplicable ; Inapplicable ; Inapplicable ; Inapplicable ; Inapplicable ; Inapplicable ; Inapplicable ; Inapplicable ; Inapplicable ; Inapplicable ; Inapplicable ; Inapplicable ; Pass         ; Inapplicable ; Inapplicable ; Inapplicable ; Inapplicable ; Pass         ; Pass      ; Pass      ; Inapplicable ;
; VGA_R[3]           ; Inapplicable ; Pass      ; Pass      ; Inapplicable ; Inapplicable ; Pass      ; Pass      ; Inapplicable ; Inapplicable ; Inapplicable ; Inapplicable ; Inapplicable ; Inapplicable ; Inapplicable ; Inapplicable ; Inapplicable ; Inapplicable ; Inapplicable ; Inapplicable ; Pass         ; Inapplicable ; Inapplicable ; Inapplicable ; Inapplicable ; Pass         ; Pass      ; Pass      ; Inapplicable ;
; VGA_R[4]           ; Inapplicable ; Pass      ; Pass      ; Inapplicable ; Inapplicable ; Pass      ; Pass      ; Inapplicable ; Inapplicable ; Inapplicable ; Inapplicable ; Inapplicable ; Inapplicable ; Inapplicable ; Inapplicable ; Inapplicable ; Inapplicable ; Inapplicable ; Inapplicable ; Pass         ; Inapplicable ; Inapplicable ; Inapplicable ; Inapplicable ; Pass         ; Pass      ; Pass      ; Inapplicable ;
; VGA_R[5]           ; Inapplicable ; Pass      ; Pass      ; Inapplicable ; Inapplicable ; Pass      ; Pass      ; Inapplicable ; Inapplicable ; Inapplicable ; Inapplicable ; Inapplicable ; Inapplicable ; Inapplicable ; Inapplicable ; Inapplicable ; Inapplicable ; Inapplicable ; Inapplicable ; Pass         ; Inapplicable ; Inapplicable ; Inapplicable ; Inapplicable ; Pass         ; Pass      ; Pass      ; Inapplicable ;
; VGA_G[0]           ; Inapplicable ; Pass      ; Pass      ; Inapplicable ; Inapplicable ; Pass      ; Pass      ; Inapplicable ; Inapplicable ; Inapplicable ; Inapplicable ; Inapplicable ; Inapplicable ; Inapplicable ; Inapplicable ; Inapplicable ; Inapplicable ; Inapplicable ; Inapplicable ; Pass         ; Inapplicable ; Inapplicable ; Inapplicable ; Inapplicable ; Pass         ; Pass      ; Pass      ; Inapplicable ;
; VGA_G[1]           ; Inapplicable ; Pass      ; Pass      ; Inapplicable ; Inapplicable ; Pass      ; Pass      ; Inapplicable ; Inapplicable ; Inapplicable ; Inapplicable ; Inapplicable ; Inapplicable ; Inapplicable ; Inapplicable ; Inapplicable ; Inapplicable ; Inapplicable ; Inapplicable ; Pass         ; Inapplicable ; Inapplicable ; Inapplicable ; Inapplicable ; Pass         ; Pass      ; Pass      ; Inapplicable ;
; VGA_G[2]           ; Inapplicable ; Pass      ; Pass      ; Inapplicable ; Inapplicable ; Pass      ; Pass      ; Inapplicable ; Inapplicable ; Inapplicable ; Inapplicable ; Inapplicable ; Inapplicable ; Inapplicable ; Inapplicable ; Inapplicable ; Inapplicable ; Inapplicable ; Inapplicable ; Pass         ; Inapplicable ; Inapplicable ; Inapplicable ; Inapplicable ; Pass         ; Pass      ; Pass      ; Inapplicable ;
; VGA_G[3]           ; Inapplicable ; Pass      ; Pass      ; Inapplicable ; Inapplicable ; Pass      ; Pass      ; Inapplicable ; Inapplicable ; Inapplicable ; Inapplicable ; Inapplicable ; Inapplicable ; Inapplicable ; Inapplicable ; Inapplicable ; Inapplicable ; Inapplicable ; Inapplicable ; Pass         ; Inapplicable ; Inapplicable ; Inapplicable ; Inapplicable ; Pass         ; Pass      ; Pass      ; Inapplicable ;
; VGA_G[4]           ; Inapplicable ; Pass      ; Pass      ; Inapplicable ; Inapplicable ; Pass      ; Pass      ; Inapplicable ; Inapplicable ; Inapplicable ; Inapplicable ; Inapplicable ; Inapplicable ; Inapplicable ; Inapplicable ; Inapplicable ; Inapplicable ; Inapplicable ; Inapplicable ; Pass         ; Inapplicable ; Inapplicable ; Inapplicable ; Inapplicable ; Pass         ; Pass      ; Pass      ; Inapplicable ;
; VGA_G[5]           ; Inapplicable ; Pass      ; Pass      ; Inapplicable ; Inapplicable ; Pass      ; Pass      ; Inapplicable ; Inapplicable ; Inapplicable ; Inapplicable ; Inapplicable ; Inapplicable ; Inapplicable ; Inapplicable ; Inapplicable ; Inapplicable ; Inapplicable ; Inapplicable ; Pass         ; Inapplicable ; Inapplicable ; Inapplicable ; Inapplicable ; Pass         ; Pass      ; Pass      ; Inapplicable ;
; VGA_B[0]           ; Inapplicable ; Pass      ; Pass      ; Inapplicable ; Inapplicable ; Pass      ; Pass      ; Inapplicable ; Inapplicable ; Inapplicable ; Inapplicable ; Inapplicable ; Inapplicable ; Inapplicable ; Inapplicable ; Inapplicable ; Inapplicable ; Inapplicable ; Inapplicable ; Pass         ; Inapplicable ; Inapplicable ; Inapplicable ; Inapplicable ; Pass         ; Pass      ; Pass      ; Inapplicable ;
; VGA_B[1]           ; Inapplicable ; Pass      ; Pass      ; Inapplicable ; Inapplicable ; Pass      ; Pass      ; Inapplicable ; Inapplicable ; Inapplicable ; Inapplicable ; Inapplicable ; Inapplicable ; Inapplicable ; Inapplicable ; Inapplicable ; Inapplicable ; Inapplicable ; Inapplicable ; Pass         ; Inapplicable ; Inapplicable ; Inapplicable ; Inapplicable ; Pass         ; Pass      ; Pass      ; Inapplicable ;
; VGA_B[2]           ; Inapplicable ; Pass      ; Pass      ; Inapplicable ; Inapplicable ; Pass      ; Pass      ; Inapplicable ; Inapplicable ; Inapplicable ; Inapplicable ; Inapplicable ; Inapplicable ; Inapplicable ; Inapplicable ; Inapplicable ; Inapplicable ; Inapplicable ; Inapplicable ; Pass         ; Inapplicable ; Inapplicable ; Inapplicable ; Inapplicable ; Pass         ; Pass      ; Pass      ; Inapplicable ;
; VGA_B[3]           ; Inapplicable ; Pass      ; Pass      ; Inapplicable ; Inapplicable ; Pass      ; Pass      ; Inapplicable ; Inapplicable ; Inapplicable ; Inapplicable ; Inapplicable ; Inapplicable ; Inapplicable ; Inapplicable ; Inapplicable ; Inapplicable ; Inapplicable ; Inapplicable ; Pass         ; Inapplicable ; Inapplicable ; Inapplicable ; Inapplicable ; Pass         ; Pass      ; Pass      ; Inapplicable ;
; VGA_B[4]           ; Inapplicable ; Pass      ; Pass      ; Inapplicable ; Inapplicable ; Pass      ; Pass      ; Inapplicable ; Inapplicable ; Inapplicable ; Inapplicable ; Inapplicable ; Inapplicable ; Inapplicable ; Inapplicable ; Inapplicable ; Inapplicable ; Inapplicable ; Inapplicable ; Pass         ; Inapplicable ; Inapplicable ; Inapplicable ; Inapplicable ; Pass         ; Pass      ; Pass      ; Inapplicable ;
; VGA_B[5]           ; Inapplicable ; Pass      ; Pass      ; Inapplicable ; Inapplicable ; Pass      ; Pass      ; Inapplicable ; Inapplicable ; Inapplicable ; Inapplicable ; Inapplicable ; Inapplicable ; Inapplicable ; Inapplicable ; Inapplicable ; Inapplicable ; Inapplicable ; Inapplicable ; Pass         ; Inapplicable ; Inapplicable ; Inapplicable ; Inapplicable ; Pass         ; Pass      ; Pass      ; Inapplicable ;
; VGA_VS             ; Inapplicable ; Pass      ; Pass      ; Inapplicable ; Inapplicable ; Pass      ; Pass      ; Inapplicable ; Inapplicable ; Inapplicable ; Inapplicable ; Inapplicable ; Inapplicable ; Inapplicable ; Inapplicable ; Inapplicable ; Inapplicable ; Inapplicable ; Inapplicable ; Pass         ; Inapplicable ; Inapplicable ; Inapplicable ; Inapplicable ; Pass         ; Pass      ; Pass      ; Inapplicable ;
; AUDIO_L            ; Inapplicable ; Pass      ; Pass      ; Inapplicable ; Inapplicable ; Pass      ; Pass      ; Inapplicable ; Inapplicable ; Inapplicable ; Inapplicable ; Inapplicable ; Inapplicable ; Inapplicable ; Inapplicable ; Inapplicable ; Inapplicable ; Inapplicable ; Inapplicable ; Pass         ; Inapplicable ; Inapplicable ; Inapplicable ; Inapplicable ; Pass         ; Pass      ; Pass      ; Inapplicable ;
; AUDIO_R            ; Inapplicable ; Pass      ; Pass      ; Inapplicable ; Inapplicable ; Pass      ; Pass      ; Inapplicable ; Inapplicable ; Inapplicable ; Inapplicable ; Inapplicable ; Inapplicable ; Inapplicable ; Inapplicable ; Inapplicable ; Inapplicable ; Inapplicable ; Inapplicable ; Pass         ; Inapplicable ; Inapplicable ; Inapplicable ; Inapplicable ; Pass         ; Pass      ; Pass      ; Inapplicable ;
; AUDIO_SPDIF        ; Inapplicable ; Pass      ; Pass      ; Inapplicable ; Inapplicable ; Pass      ; Pass      ; Inapplicable ; Inapplicable ; Inapplicable ; Inapplicable ; Inapplicable ; Inapplicable ; Inapplicable ; Inapplicable ; Inapplicable ; Inapplicable ; Inapplicable ; Inapplicable ; Pass         ; Inapplicable ; Inapplicable ; Inapplicable ; Inapplicable ; Pass         ; Pass      ; Pass      ; Inapplicable ;
; SDIO_CLK           ; Inapplicable ; Pass      ; Pass      ; Inapplicable ; Inapplicable ; Pass      ; Pass      ; Inapplicable ; Inapplicable ; Inapplicable ; Inapplicable ; Inapplicable ; Inapplicable ; Inapplicable ; Inapplicable ; Inapplicable ; Inapplicable ; Inapplicable ; Inapplicable ; Pass         ; Inapplicable ; Inapplicable ; Inapplicable ; Inapplicable ; Pass         ; Pass      ; Pass      ; Inapplicable ;
; LED_USER           ; Pass         ; Pass      ; Pass      ; Inapplicable ; Inapplicable ; Pass      ; Pass      ; Inapplicable ; Inapplicable ; Inapplicable ; Inapplicable ; Inapplicable ; Inapplicable ; Inapplicable ; Inapplicable ; Inapplicable ; Inapplicable ; Inapplicable ; Inapplicable ; Inapplicable ; Inapplicable ; Inapplicable ; Inapplicable ; Inapplicable ; Inapplicable ; Pass      ; Pass      ; Inapplicable ;
; LED_HDD            ; Inapplicable ; Pass      ; Pass      ; Inapplicable ; Inapplicable ; Pass      ; Pass      ; Inapplicable ; Inapplicable ; Inapplicable ; Inapplicable ; Inapplicable ; Inapplicable ; Inapplicable ; Inapplicable ; Inapplicable ; Inapplicable ; Inapplicable ; Inapplicable ; Inapplicable ; Inapplicable ; Inapplicable ; Inapplicable ; Inapplicable ; Inapplicable ; Pass      ; Pass      ; Inapplicable ;
; LED_POWER          ; Inapplicable ; Pass      ; Pass      ; Inapplicable ; Inapplicable ; Pass      ; Pass      ; Inapplicable ; Inapplicable ; Inapplicable ; Inapplicable ; Inapplicable ; Inapplicable ; Inapplicable ; Inapplicable ; Inapplicable ; Inapplicable ; Inapplicable ; Inapplicable ; Inapplicable ; Inapplicable ; Inapplicable ; Inapplicable ; Inapplicable ; Inapplicable ; Pass      ; Pass      ; Inapplicable ;
; SD_SPI_CS          ; Inapplicable ; Pass      ; Pass      ; Inapplicable ; Inapplicable ; Pass      ; Pass      ; Inapplicable ; Inapplicable ; Inapplicable ; Inapplicable ; Inapplicable ; Inapplicable ; Inapplicable ; Inapplicable ; Inapplicable ; Pass         ; Inapplicable ; Inapplicable ; Pass         ; Inapplicable ; Pass         ; Inapplicable ; Inapplicable ; Pass         ; Pass      ; Pass      ; Inapplicable ;
; SD_SPI_MISO        ; Inapplicable ; Pass      ; Pass      ; Inapplicable ; Inapplicable ; Pass      ; Pass      ; Inapplicable ; Inapplicable ; Inapplicable ; Inapplicable ; Inapplicable ; Inapplicable ; Inapplicable ; Inapplicable ; Inapplicable ; Pass         ; Inapplicable ; Inapplicable ; Pass         ; Inapplicable ; Pass         ; Inapplicable ; Inapplicable ; Pass         ; Pass      ; Pass      ; Inapplicable ;
; SD_SPI_CLK         ; Inapplicable ; Pass      ; Pass      ; Inapplicable ; Inapplicable ; Pass      ; Pass      ; Inapplicable ; Inapplicable ; Inapplicable ; Inapplicable ; Inapplicable ; Inapplicable ; Inapplicable ; Pass         ; Inapplicable ; Pass         ; Inapplicable ; Inapplicable ; Pass         ; Inapplicable ; Pass         ; Inapplicable ; Inapplicable ; Pass         ; Pass      ; Pass      ; Inapplicable ;
; SD_SPI_MOSI        ; Inapplicable ; Pass      ; Pass      ; Inapplicable ; Inapplicable ; Pass      ; Pass      ; Inapplicable ; Inapplicable ; Inapplicable ; Inapplicable ; Inapplicable ; Inapplicable ; Inapplicable ; Pass         ; Inapplicable ; Pass         ; Inapplicable ; Inapplicable ; Pass         ; Inapplicable ; Pass         ; Inapplicable ; Inapplicable ; Pass         ; Pass      ; Pass      ; Inapplicable ;
; IO_SCL             ; Inapplicable ; Pass      ; Pass      ; Inapplicable ; Inapplicable ; Pass      ; Pass      ; Inapplicable ; Inapplicable ; Inapplicable ; Inapplicable ; Inapplicable ; Inapplicable ; Inapplicable ; Pass         ; Inapplicable ; Pass         ; Inapplicable ; Inapplicable ; Pass         ; Inapplicable ; Pass         ; Inapplicable ; Inapplicable ; Pass         ; Pass      ; Pass      ; Inapplicable ;
; ADC_SCK            ; Inapplicable ; Pass      ; Pass      ; Inapplicable ; Inapplicable ; Pass      ; Pass      ; Inapplicable ; Inapplicable ; Inapplicable ; Inapplicable ; Inapplicable ; Inapplicable ; Inapplicable ; Pass         ; Inapplicable ; Inapplicable ; Inapplicable ; Inapplicable ; Inapplicable ; Inapplicable ; Inapplicable ; Inapplicable ; Inapplicable ; Inapplicable ; Pass      ; Pass      ; Inapplicable ;
; ADC_SDO            ; Inapplicable ; Pass      ; Pass      ; Inapplicable ; Inapplicable ; Pass      ; Pass      ; Inapplicable ; Inapplicable ; Inapplicable ; Inapplicable ; Inapplicable ; Inapplicable ; Inapplicable ; Inapplicable ; Inapplicable ; Inapplicable ; Inapplicable ; Inapplicable ; Inapplicable ; Inapplicable ; Inapplicable ; Inapplicable ; Inapplicable ; Inapplicable ; Pass      ; Pass      ; Inapplicable ;
; ADC_SDI            ; Inapplicable ; Pass      ; Pass      ; Inapplicable ; Inapplicable ; Pass      ; Pass      ; Inapplicable ; Inapplicable ; Inapplicable ; Inapplicable ; Inapplicable ; Inapplicable ; Inapplicable ; Pass         ; Inapplicable ; Inapplicable ; Inapplicable ; Inapplicable ; Inapplicable ; Inapplicable ; Inapplicable ; Inapplicable ; Inapplicable ; Inapplicable ; Pass      ; Pass      ; Inapplicable ;
; ADC_CONVST         ; Inapplicable ; Pass      ; Pass      ; Inapplicable ; Inapplicable ; Pass      ; Pass      ; Inapplicable ; Inapplicable ; Inapplicable ; Inapplicable ; Inapplicable ; Inapplicable ; Inapplicable ; Pass         ; Inapplicable ; Inapplicable ; Inapplicable ; Inapplicable ; Inapplicable ; Inapplicable ; Inapplicable ; Inapplicable ; Inapplicable ; Inapplicable ; Pass      ; Pass      ; Inapplicable ;
; LED[0]             ; Inapplicable ; Pass      ; Pass      ; Inapplicable ; Inapplicable ; Pass      ; Pass      ; Inapplicable ; Inapplicable ; Inapplicable ; Inapplicable ; Inapplicable ; Inapplicable ; Inapplicable ; Inapplicable ; Inapplicable ; Inapplicable ; Inapplicable ; Inapplicable ; Inapplicable ; Inapplicable ; Inapplicable ; Inapplicable ; Inapplicable ; Inapplicable ; Pass      ; Pass      ; Inapplicable ;
; LED[1]             ; Inapplicable ; Pass      ; Pass      ; Inapplicable ; Inapplicable ; Pass      ; Pass      ; Inapplicable ; Inapplicable ; Inapplicable ; Inapplicable ; Inapplicable ; Inapplicable ; Inapplicable ; Inapplicable ; Inapplicable ; Inapplicable ; Inapplicable ; Inapplicable ; Inapplicable ; Inapplicable ; Inapplicable ; Inapplicable ; Inapplicable ; Inapplicable ; Pass      ; Pass      ; Inapplicable ;
; LED[2]             ; Inapplicable ; Pass      ; Pass      ; Inapplicable ; Inapplicable ; Pass      ; Pass      ; Inapplicable ; Inapplicable ; Inapplicable ; Inapplicable ; Inapplicable ; Inapplicable ; Inapplicable ; Inapplicable ; Inapplicable ; Inapplicable ; Inapplicable ; Inapplicable ; Inapplicable ; Inapplicable ; Inapplicable ; Inapplicable ; Inapplicable ; Inapplicable ; Pass      ; Pass      ; Inapplicable ;
; LED[3]             ; Inapplicable ; Pass      ; Pass      ; Inapplicable ; Inapplicable ; Pass      ; Pass      ; Inapplicable ; Inapplicable ; Inapplicable ; Inapplicable ; Inapplicable ; Inapplicable ; Inapplicable ; Inapplicable ; Inapplicable ; Inapplicable ; Inapplicable ; Inapplicable ; Inapplicable ; Inapplicable ; Inapplicable ; Inapplicable ; Inapplicable ; Inapplicable ; Pass      ; Pass      ; Inapplicable ;
; LED[4]             ; Inapplicable ; Pass      ; Pass      ; Inapplicable ; Inapplicable ; Pass      ; Pass      ; Inapplicable ; Inapplicable ; Inapplicable ; Inapplicable ; Inapplicable ; Inapplicable ; Inapplicable ; Inapplicable ; Inapplicable ; Inapplicable ; Inapplicable ; Inapplicable ; Inapplicable ; Inapplicable ; Inapplicable ; Inapplicable ; Inapplicable ; Inapplicable ; Pass      ; Pass      ; Inapplicable ;
; LED[5]             ; Inapplicable ; Pass      ; Pass      ; Inapplicable ; Inapplicable ; Pass      ; Pass      ; Inapplicable ; Inapplicable ; Inapplicable ; Inapplicable ; Inapplicable ; Inapplicable ; Inapplicable ; Inapplicable ; Inapplicable ; Inapplicable ; Inapplicable ; Inapplicable ; Inapplicable ; Inapplicable ; Inapplicable ; Inapplicable ; Inapplicable ; Inapplicable ; Pass      ; Pass      ; Inapplicable ;
; LED[6]             ; Inapplicable ; Pass      ; Pass      ; Inapplicable ; Inapplicable ; Pass      ; Pass      ; Inapplicable ; Inapplicable ; Inapplicable ; Inapplicable ; Inapplicable ; Inapplicable ; Inapplicable ; Inapplicable ; Inapplicable ; Inapplicable ; Inapplicable ; Inapplicable ; Inapplicable ; Inapplicable ; Inapplicable ; Inapplicable ; Inapplicable ; Inapplicable ; Pass      ; Pass      ; Inapplicable ;
; LED[7]             ; Inapplicable ; Pass      ; Pass      ; Inapplicable ; Inapplicable ; Pass      ; Pass      ; Inapplicable ; Inapplicable ; Inapplicable ; Inapplicable ; Inapplicable ; Inapplicable ; Inapplicable ; Inapplicable ; Inapplicable ; Inapplicable ; Inapplicable ; Inapplicable ; Inapplicable ; Inapplicable ; Inapplicable ; Inapplicable ; Inapplicable ; Inapplicable ; Pass      ; Pass      ; Inapplicable ;
; HDMI_I2C_SDA       ; Inapplicable ; Pass      ; Pass      ; Inapplicable ; Inapplicable ; Pass      ; Pass      ; Inapplicable ; Inapplicable ; Inapplicable ; Inapplicable ; Inapplicable ; Inapplicable ; Inapplicable ; Pass         ; Inapplicable ; Inapplicable ; Inapplicable ; Inapplicable ; Inapplicable ; Inapplicable ; Inapplicable ; Inapplicable ; Inapplicable ; Inapplicable ; Pass      ; Pass      ; Inapplicable ;
; SDRAM_DQ[0]        ; Inapplicable ; Pass      ; Pass      ; Inapplicable ; Inapplicable ; Pass      ; Pass      ; Inapplicable ; Inapplicable ; Inapplicable ; Inapplicable ; Inapplicable ; Inapplicable ; Inapplicable ; Pass         ; Inapplicable ; Inapplicable ; Inapplicable ; Inapplicable ; Pass         ; Inapplicable ; Inapplicable ; Inapplicable ; Inapplicable ; Pass         ; Pass      ; Pass      ; Inapplicable ;
; SDRAM_DQ[1]        ; Inapplicable ; Pass      ; Pass      ; Inapplicable ; Inapplicable ; Pass      ; Pass      ; Inapplicable ; Inapplicable ; Inapplicable ; Inapplicable ; Inapplicable ; Inapplicable ; Inapplicable ; Pass         ; Inapplicable ; Inapplicable ; Inapplicable ; Inapplicable ; Pass         ; Inapplicable ; Inapplicable ; Inapplicable ; Inapplicable ; Pass         ; Pass      ; Pass      ; Inapplicable ;
; SDRAM_DQ[2]        ; Inapplicable ; Pass      ; Pass      ; Inapplicable ; Inapplicable ; Pass      ; Pass      ; Inapplicable ; Inapplicable ; Inapplicable ; Inapplicable ; Inapplicable ; Inapplicable ; Inapplicable ; Pass         ; Inapplicable ; Inapplicable ; Inapplicable ; Inapplicable ; Pass         ; Inapplicable ; Inapplicable ; Inapplicable ; Inapplicable ; Pass         ; Pass      ; Pass      ; Inapplicable ;
; SDRAM_DQ[3]        ; Inapplicable ; Pass      ; Pass      ; Inapplicable ; Inapplicable ; Pass      ; Pass      ; Inapplicable ; Inapplicable ; Inapplicable ; Inapplicable ; Inapplicable ; Inapplicable ; Inapplicable ; Pass         ; Inapplicable ; Inapplicable ; Inapplicable ; Inapplicable ; Pass         ; Inapplicable ; Inapplicable ; Inapplicable ; Inapplicable ; Pass         ; Pass      ; Pass      ; Inapplicable ;
; SDRAM_DQ[4]        ; Inapplicable ; Pass      ; Pass      ; Inapplicable ; Inapplicable ; Pass      ; Pass      ; Inapplicable ; Inapplicable ; Inapplicable ; Inapplicable ; Inapplicable ; Inapplicable ; Inapplicable ; Pass         ; Inapplicable ; Inapplicable ; Inapplicable ; Inapplicable ; Pass         ; Inapplicable ; Inapplicable ; Inapplicable ; Inapplicable ; Pass         ; Pass      ; Pass      ; Inapplicable ;
; SDRAM_DQ[5]        ; Inapplicable ; Pass      ; Pass      ; Inapplicable ; Inapplicable ; Pass      ; Pass      ; Inapplicable ; Inapplicable ; Inapplicable ; Inapplicable ; Inapplicable ; Inapplicable ; Inapplicable ; Pass         ; Inapplicable ; Inapplicable ; Inapplicable ; Inapplicable ; Pass         ; Inapplicable ; Inapplicable ; Inapplicable ; Inapplicable ; Pass         ; Pass      ; Pass      ; Inapplicable ;
; SDRAM_DQ[6]        ; Inapplicable ; Pass      ; Pass      ; Inapplicable ; Inapplicable ; Pass      ; Pass      ; Inapplicable ; Inapplicable ; Inapplicable ; Inapplicable ; Inapplicable ; Inapplicable ; Inapplicable ; Pass         ; Inapplicable ; Inapplicable ; Inapplicable ; Inapplicable ; Pass         ; Inapplicable ; Inapplicable ; Inapplicable ; Inapplicable ; Pass         ; Pass      ; Pass      ; Inapplicable ;
; SDRAM_DQ[7]        ; Inapplicable ; Pass      ; Pass      ; Inapplicable ; Inapplicable ; Pass      ; Pass      ; Inapplicable ; Inapplicable ; Inapplicable ; Inapplicable ; Inapplicable ; Inapplicable ; Inapplicable ; Pass         ; Inapplicable ; Inapplicable ; Inapplicable ; Inapplicable ; Pass         ; Inapplicable ; Inapplicable ; Inapplicable ; Inapplicable ; Pass         ; Pass      ; Pass      ; Inapplicable ;
; SDRAM_DQ[8]        ; Inapplicable ; Pass      ; Pass      ; Inapplicable ; Inapplicable ; Pass      ; Pass      ; Inapplicable ; Inapplicable ; Inapplicable ; Inapplicable ; Inapplicable ; Inapplicable ; Inapplicable ; Pass         ; Inapplicable ; Inapplicable ; Inapplicable ; Inapplicable ; Pass         ; Inapplicable ; Inapplicable ; Inapplicable ; Inapplicable ; Pass         ; Pass      ; Pass      ; Inapplicable ;
; SDRAM_DQ[9]        ; Inapplicable ; Pass      ; Pass      ; Inapplicable ; Inapplicable ; Pass      ; Pass      ; Inapplicable ; Inapplicable ; Inapplicable ; Inapplicable ; Inapplicable ; Inapplicable ; Inapplicable ; Pass         ; Inapplicable ; Inapplicable ; Inapplicable ; Inapplicable ; Pass         ; Inapplicable ; Inapplicable ; Inapplicable ; Inapplicable ; Pass         ; Pass      ; Pass      ; Inapplicable ;
; SDRAM_DQ[10]       ; Inapplicable ; Pass      ; Pass      ; Inapplicable ; Inapplicable ; Pass      ; Pass      ; Inapplicable ; Inapplicable ; Inapplicable ; Inapplicable ; Inapplicable ; Inapplicable ; Inapplicable ; Pass         ; Inapplicable ; Inapplicable ; Inapplicable ; Inapplicable ; Pass         ; Inapplicable ; Inapplicable ; Inapplicable ; Inapplicable ; Pass         ; Pass      ; Pass      ; Inapplicable ;
; SDRAM_DQ[11]       ; Inapplicable ; Pass      ; Pass      ; Inapplicable ; Inapplicable ; Pass      ; Pass      ; Inapplicable ; Inapplicable ; Inapplicable ; Inapplicable ; Inapplicable ; Inapplicable ; Inapplicable ; Pass         ; Inapplicable ; Inapplicable ; Inapplicable ; Inapplicable ; Pass         ; Inapplicable ; Inapplicable ; Inapplicable ; Inapplicable ; Pass         ; Pass      ; Pass      ; Inapplicable ;
; SDRAM_DQ[12]       ; Inapplicable ; Pass      ; Pass      ; Inapplicable ; Inapplicable ; Pass      ; Pass      ; Inapplicable ; Inapplicable ; Inapplicable ; Inapplicable ; Inapplicable ; Inapplicable ; Inapplicable ; Pass         ; Inapplicable ; Inapplicable ; Inapplicable ; Inapplicable ; Pass         ; Inapplicable ; Inapplicable ; Inapplicable ; Inapplicable ; Pass         ; Pass      ; Pass      ; Inapplicable ;
; SDRAM_DQ[13]       ; Inapplicable ; Pass      ; Pass      ; Inapplicable ; Inapplicable ; Pass      ; Pass      ; Inapplicable ; Inapplicable ; Inapplicable ; Inapplicable ; Inapplicable ; Inapplicable ; Inapplicable ; Pass         ; Inapplicable ; Inapplicable ; Inapplicable ; Inapplicable ; Pass         ; Inapplicable ; Inapplicable ; Inapplicable ; Inapplicable ; Pass         ; Pass      ; Pass      ; Inapplicable ;
; SDRAM_DQ[14]       ; Inapplicable ; Pass      ; Pass      ; Inapplicable ; Inapplicable ; Pass      ; Pass      ; Inapplicable ; Inapplicable ; Inapplicable ; Inapplicable ; Inapplicable ; Inapplicable ; Inapplicable ; Pass         ; Inapplicable ; Inapplicable ; Inapplicable ; Inapplicable ; Pass         ; Inapplicable ; Inapplicable ; Inapplicable ; Inapplicable ; Pass         ; Pass      ; Pass      ; Inapplicable ;
; SDRAM_DQ[15]       ; Inapplicable ; Pass      ; Pass      ; Inapplicable ; Inapplicable ; Pass      ; Pass      ; Inapplicable ; Inapplicable ; Inapplicable ; Inapplicable ; Inapplicable ; Inapplicable ; Inapplicable ; Pass         ; Inapplicable ; Inapplicable ; Inapplicable ; Inapplicable ; Pass         ; Inapplicable ; Inapplicable ; Inapplicable ; Inapplicable ; Pass         ; Pass      ; Pass      ; Inapplicable ;
; VGA_HS             ; Inapplicable ; Pass      ; Pass      ; Inapplicable ; Inapplicable ; Pass      ; Pass      ; Inapplicable ; Inapplicable ; Inapplicable ; Inapplicable ; Inapplicable ; Inapplicable ; Inapplicable ; Inapplicable ; Inapplicable ; Inapplicable ; Inapplicable ; Inapplicable ; Pass         ; Inapplicable ; Inapplicable ; Inapplicable ; Inapplicable ; Pass         ; Pass      ; Pass      ; Inapplicable ;
; SDIO_DAT[0]        ; Inapplicable ; Pass      ; Pass      ; Inapplicable ; Inapplicable ; Pass      ; Pass      ; Inapplicable ; Inapplicable ; Inapplicable ; Inapplicable ; Inapplicable ; Inapplicable ; Inapplicable ; Inapplicable ; Inapplicable ; Pass         ; Inapplicable ; Inapplicable ; Pass         ; Inapplicable ; Pass         ; Inapplicable ; Inapplicable ; Pass         ; Pass      ; Pass      ; Inapplicable ;
; SDIO_DAT[1]        ; Inapplicable ; Pass      ; Pass      ; Inapplicable ; Inapplicable ; Pass      ; Pass      ; Inapplicable ; Inapplicable ; Inapplicable ; Inapplicable ; Inapplicable ; Inapplicable ; Inapplicable ; Inapplicable ; Inapplicable ; Pass         ; Inapplicable ; Inapplicable ; Pass         ; Inapplicable ; Pass         ; Inapplicable ; Inapplicable ; Pass         ; Pass      ; Pass      ; Inapplicable ;
; SDIO_DAT[2]        ; Inapplicable ; Pass      ; Pass      ; Inapplicable ; Inapplicable ; Pass      ; Pass      ; Inapplicable ; Inapplicable ; Inapplicable ; Inapplicable ; Inapplicable ; Inapplicable ; Inapplicable ; Inapplicable ; Inapplicable ; Pass         ; Inapplicable ; Inapplicable ; Pass         ; Inapplicable ; Pass         ; Inapplicable ; Inapplicable ; Pass         ; Pass      ; Pass      ; Inapplicable ;
; SDIO_DAT[3]        ; Inapplicable ; Pass      ; Pass      ; Inapplicable ; Inapplicable ; Pass      ; Pass      ; Inapplicable ; Inapplicable ; Inapplicable ; Inapplicable ; Inapplicable ; Inapplicable ; Inapplicable ; Inapplicable ; Inapplicable ; Pass         ; Inapplicable ; Inapplicable ; Pass         ; Inapplicable ; Pass         ; Inapplicable ; Inapplicable ; Pass         ; Pass      ; Pass      ; Inapplicable ;
; SDIO_CMD           ; Inapplicable ; Pass      ; Pass      ; Inapplicable ; Inapplicable ; Pass      ; Pass      ; Inapplicable ; Inapplicable ; Inapplicable ; Inapplicable ; Inapplicable ; Inapplicable ; Inapplicable ; Inapplicable ; Inapplicable ; Pass         ; Inapplicable ; Inapplicable ; Pass         ; Inapplicable ; Pass         ; Inapplicable ; Inapplicable ; Pass         ; Pass      ; Pass      ; Inapplicable ;
; SDCD_SPDIF         ; Inapplicable ; Pass      ; Pass      ; Inapplicable ; Inapplicable ; Pass      ; Pass      ; Inapplicable ; Inapplicable ; Inapplicable ; Inapplicable ; Inapplicable ; Inapplicable ; Inapplicable ; Pass         ; Inapplicable ; Pass         ; Inapplicable ; Inapplicable ; Pass         ; Inapplicable ; Pass         ; Inapplicable ; Inapplicable ; Pass         ; Pass      ; Pass      ; Inapplicable ;
; IO_SDA             ; Inapplicable ; Pass      ; Pass      ; Inapplicable ; Inapplicable ; Pass      ; Pass      ; Inapplicable ; Inapplicable ; Inapplicable ; Inapplicable ; Inapplicable ; Inapplicable ; Inapplicable ; Pass         ; Inapplicable ; Pass         ; Inapplicable ; Inapplicable ; Pass         ; Inapplicable ; Pass         ; Inapplicable ; Inapplicable ; Pass         ; Pass      ; Pass      ; Inapplicable ;
; USER_IO[0]         ; Inapplicable ; Pass      ; Pass      ; Inapplicable ; Inapplicable ; Pass      ; Pass      ; Inapplicable ; Inapplicable ; Inapplicable ; Inapplicable ; Inapplicable ; Inapplicable ; Inapplicable ; Pass         ; Inapplicable ; Pass         ; Inapplicable ; Inapplicable ; Pass         ; Inapplicable ; Pass         ; Inapplicable ; Inapplicable ; Pass         ; Pass      ; Pass      ; Inapplicable ;
; USER_IO[1]         ; Inapplicable ; Pass      ; Pass      ; Inapplicable ; Inapplicable ; Pass      ; Pass      ; Inapplicable ; Inapplicable ; Inapplicable ; Inapplicable ; Inapplicable ; Inapplicable ; Inapplicable ; Pass         ; Inapplicable ; Pass         ; Inapplicable ; Inapplicable ; Pass         ; Inapplicable ; Pass         ; Inapplicable ; Inapplicable ; Pass         ; Pass      ; Pass      ; Inapplicable ;
; USER_IO[2]         ; Inapplicable ; Pass      ; Pass      ; Inapplicable ; Inapplicable ; Pass      ; Pass      ; Inapplicable ; Inapplicable ; Inapplicable ; Inapplicable ; Inapplicable ; Inapplicable ; Inapplicable ; Pass         ; Inapplicable ; Pass         ; Inapplicable ; Inapplicable ; Pass         ; Inapplicable ; Pass         ; Inapplicable ; Inapplicable ; Pass         ; Pass      ; Pass      ; Inapplicable ;
; USER_IO[3]         ; Inapplicable ; Pass      ; Pass      ; Inapplicable ; Inapplicable ; Pass      ; Pass      ; Inapplicable ; Inapplicable ; Inapplicable ; Inapplicable ; Inapplicable ; Inapplicable ; Inapplicable ; Pass         ; Inapplicable ; Pass         ; Inapplicable ; Inapplicable ; Pass         ; Inapplicable ; Pass         ; Inapplicable ; Inapplicable ; Pass         ; Pass      ; Pass      ; Inapplicable ;
; USER_IO[4]         ; Inapplicable ; Pass      ; Pass      ; Inapplicable ; Inapplicable ; Pass      ; Pass      ; Inapplicable ; Inapplicable ; Inapplicable ; Inapplicable ; Inapplicable ; Inapplicable ; Inapplicable ; Pass         ; Inapplicable ; Pass         ; Inapplicable ; Inapplicable ; Pass         ; Inapplicable ; Pass         ; Inapplicable ; Inapplicable ; Pass         ; Pass      ; Pass      ; Inapplicable ;
; USER_IO[5]         ; Inapplicable ; Pass      ; Pass      ; Inapplicable ; Inapplicable ; Pass      ; Pass      ; Inapplicable ; Inapplicable ; Inapplicable ; Inapplicable ; Inapplicable ; Inapplicable ; Inapplicable ; Pass         ; Inapplicable ; Pass         ; Inapplicable ; Inapplicable ; Pass         ; Inapplicable ; Pass         ; Inapplicable ; Inapplicable ; Pass         ; Pass      ; Pass      ; Inapplicable ;
; USER_IO[6]         ; Inapplicable ; Pass      ; Pass      ; Inapplicable ; Inapplicable ; Pass      ; Pass      ; Inapplicable ; Inapplicable ; Inapplicable ; Inapplicable ; Inapplicable ; Inapplicable ; Inapplicable ; Pass         ; Inapplicable ; Pass         ; Inapplicable ; Inapplicable ; Pass         ; Inapplicable ; Pass         ; Inapplicable ; Inapplicable ; Pass         ; Pass      ; Pass      ; Inapplicable ;
; SW[3]              ; Inapplicable ; Pass      ; Pass      ; Inapplicable ; Inapplicable ; Pass      ; Pass      ; Inapplicable ; Inapplicable ; Inapplicable ; Inapplicable ; Inapplicable ; Inapplicable ; Inapplicable ; Inapplicable ; Inapplicable ; Inapplicable ; Inapplicable ; Inapplicable ; Inapplicable ; Inapplicable ; Inapplicable ; Inapplicable ; Inapplicable ; Inapplicable ; Pass      ; Pass      ; Inapplicable ;
; BTN_RESET          ; Inapplicable ; Pass      ; Pass      ; Inapplicable ; Inapplicable ; Pass      ; Pass      ; Inapplicable ; Inapplicable ; Inapplicable ; Inapplicable ; Inapplicable ; Inapplicable ; Inapplicable ; Inapplicable ; Inapplicable ; Pass         ; Inapplicable ; Inapplicable ; Inapplicable ; Inapplicable ; Pass         ; Inapplicable ; Inapplicable ; Inapplicable ; Pass      ; Pass      ; Inapplicable ;
; FPGA_CLK3_50       ; Inapplicable ; Pass      ; Pass      ; Inapplicable ; Inapplicable ; Pass      ; Pass      ; Inapplicable ; Inapplicable ; Inapplicable ; Inapplicable ; Inapplicable ; Inapplicable ; Inapplicable ; Inapplicable ; Inapplicable ; Inapplicable ; Inapplicable ; Inapplicable ; Inapplicable ; Inapplicable ; Inapplicable ; Inapplicable ; Inapplicable ; Inapplicable ; Pass      ; Pass      ; Inapplicable ;
; VGA_EN             ; Inapplicable ; Pass      ; Pass      ; Inapplicable ; Inapplicable ; Pass      ; Pass      ; Inapplicable ; Inapplicable ; Inapplicable ; Inapplicable ; Inapplicable ; Inapplicable ; Inapplicable ; Inapplicable ; Inapplicable ; Pass         ; Inapplicable ; Inapplicable ; Pass         ; Inapplicable ; Pass         ; Inapplicable ; Inapplicable ; Pass         ; Pass      ; Pass      ; Inapplicable ;
; SW[0]              ; Inapplicable ; Pass      ; Pass      ; Inapplicable ; Inapplicable ; Pass      ; Pass      ; Inapplicable ; Inapplicable ; Inapplicable ; Inapplicable ; Inapplicable ; Inapplicable ; Inapplicable ; Inapplicable ; Inapplicable ; Inapplicable ; Inapplicable ; Inapplicable ; Inapplicable ; Inapplicable ; Inapplicable ; Inapplicable ; Inapplicable ; Inapplicable ; Pass      ; Pass      ; Inapplicable ;
; SW[2]              ; Inapplicable ; Pass      ; Pass      ; Inapplicable ; Inapplicable ; Pass      ; Pass      ; Inapplicable ; Inapplicable ; Inapplicable ; Inapplicable ; Inapplicable ; Inapplicable ; Inapplicable ; Inapplicable ; Inapplicable ; Inapplicable ; Inapplicable ; Inapplicable ; Inapplicable ; Inapplicable ; Inapplicable ; Inapplicable ; Inapplicable ; Inapplicable ; Pass      ; Pass      ; Inapplicable ;
; FPGA_CLK2_50       ; Inapplicable ; Pass      ; Pass      ; Inapplicable ; Inapplicable ; Pass      ; Pass      ; Inapplicable ; Inapplicable ; Inapplicable ; Inapplicable ; Inapplicable ; Inapplicable ; Inapplicable ; Inapplicable ; Inapplicable ; Inapplicable ; Inapplicable ; Inapplicable ; Inapplicable ; Inapplicable ; Inapplicable ; Inapplicable ; Inapplicable ; Inapplicable ; Pass      ; Pass      ; Inapplicable ;
; SW[1]              ; Inapplicable ; Pass      ; Pass      ; Inapplicable ; Inapplicable ; Pass      ; Pass      ; Inapplicable ; Inapplicable ; Inapplicable ; Inapplicable ; Inapplicable ; Inapplicable ; Inapplicable ; Inapplicable ; Inapplicable ; Inapplicable ; Inapplicable ; Inapplicable ; Inapplicable ; Inapplicable ; Inapplicable ; Inapplicable ; Inapplicable ; Inapplicable ; Pass      ; Pass      ; Inapplicable ;
; KEY[0]             ; Inapplicable ; Pass      ; Pass      ; Inapplicable ; Inapplicable ; Pass      ; Pass      ; Inapplicable ; Inapplicable ; Inapplicable ; Inapplicable ; Inapplicable ; Inapplicable ; Inapplicable ; Inapplicable ; Inapplicable ; Inapplicable ; Inapplicable ; Inapplicable ; Inapplicable ; Inapplicable ; Inapplicable ; Inapplicable ; Inapplicable ; Inapplicable ; Pass      ; Pass      ; Inapplicable ;
; BTN_OSD            ; Inapplicable ; Pass      ; Pass      ; Inapplicable ; Inapplicable ; Pass      ; Pass      ; Inapplicable ; Inapplicable ; Inapplicable ; Inapplicable ; Inapplicable ; Inapplicable ; Inapplicable ; Inapplicable ; Inapplicable ; Pass         ; Inapplicable ; Inapplicable ; Inapplicable ; Inapplicable ; Pass         ; Inapplicable ; Inapplicable ; Inapplicable ; Pass      ; Pass      ; Inapplicable ;
; KEY[1]             ; Inapplicable ; Pass      ; Pass      ; Inapplicable ; Inapplicable ; Pass      ; Pass      ; Inapplicable ; Inapplicable ; Inapplicable ; Inapplicable ; Inapplicable ; Inapplicable ; Inapplicable ; Inapplicable ; Inapplicable ; Inapplicable ; Inapplicable ; Inapplicable ; Inapplicable ; Inapplicable ; Inapplicable ; Inapplicable ; Inapplicable ; Inapplicable ; Pass      ; Pass      ; Inapplicable ;
; BTN_USER           ; Inapplicable ; Pass      ; Pass      ; Inapplicable ; Inapplicable ; Pass      ; Pass      ; Inapplicable ; Inapplicable ; Inapplicable ; Inapplicable ; Inapplicable ; Inapplicable ; Inapplicable ; Inapplicable ; Inapplicable ; Pass         ; Inapplicable ; Inapplicable ; Inapplicable ; Inapplicable ; Pass         ; Inapplicable ; Inapplicable ; Inapplicable ; Pass      ; Pass      ; Inapplicable ;
+--------------------+--------------+-----------+-----------+--------------+--------------+-----------+-----------+--------------+--------------+--------------+--------------+--------------+--------------+--------------+--------------+--------------+--------------+--------------+--------------+--------------+--------------+--------------+--------------+--------------+--------------+-----------+-----------+--------------+


+------------------------------------------------------------------------------------------------+
; Fitter Device Options                                                                          ;
+------------------------------------------------------------------+-----------------------------+
; Option                                                           ; Setting                     ;
+------------------------------------------------------------------+-----------------------------+
; Enable user-supplied start-up clock (CLKUSR)                     ; Off                         ;
; Enable device-wide reset (DEV_CLRn)                              ; Off                         ;
; Enable device-wide output enable (DEV_OE)                        ; Off                         ;
; Enable INIT_DONE output                                          ; Off                         ;
; Configuration scheme                                             ; Passive Serial              ;
; Enable Error Detection CRC_ERROR pin                             ; Off                         ;
; Enable CvP_CONFDONE pin                                          ; Off                         ;
; Enable open drain on CRC_ERROR pin                               ; On                          ;
; Enable open drain on CvP_CONFDONE pin                            ; On                          ;
; Enable open drain on INIT_DONE pin                               ; On                          ;
; Enable open drain on Partial Reconfiguration pins                ; Off                         ;
; Enable open drain on nCEO pin                                    ; On                          ;
; Enable Partial Reconfiguration pins                              ; Off                         ;
; Enable input tri-state on active configuration pins in user mode ; Off                         ;
; Enable internal scrubbing                                        ; Off                         ;
; Active Serial clock source                                       ; 100 MHz Internal Oscillator ;
; Device initialization clock source                               ; Internal Oscillator         ;
; Configuration via Protocol                                       ; Off                         ;
; Configuration Voltage Level                                      ; Auto                        ;
; Force Configuration Voltage Level                                ; Off                         ;
; Enable nCEO output                                               ; Off                         ;
; Data[15..8]                                                      ; Unreserved                  ;
; Data[7..5]                                                       ; Unreserved                  ;
; Base pin-out file on sameframe device                            ; Off                         ;
+------------------------------------------------------------------+-----------------------------+


+------------------------------------+
; Operating Settings and Conditions  ;
+---------------------------+--------+
; Setting                   ; Value  ;
+---------------------------+--------+
; Nominal Core Voltage      ; 1.10 V ;
; Low Junction Temperature  ; -40 °C ;
; High Junction Temperature ; 100 °C ;
+---------------------------+--------+


+---------------------------------------------------------------------------------------------------------------------------------------------------------------------------------------------------------------------------------------------------------------+
; Estimated Delay Added for Hold Timing Summary                                                                                                                                                                                                                 ;
+---------------------------------------------------------------------------------------------------------------------------------------------------------+---------------------------------------------------------------------------------+-------------------+
; Source Clock(s)                                                                                                                                         ; Destination Clock(s)                                                            ; Delay Added in ns ;
+---------------------------------------------------------------------------------------------------------------------------------------------------------+---------------------------------------------------------------------------------+-------------------+
; emu|pll|pll_inst|altera_pll_i|general[0].gpll~PLL_OUTPUT_COUNTER|divclk                                                                                 ; emu|pll|pll_inst|altera_pll_i|general[0].gpll~PLL_OUTPUT_COUNTER|divclk         ; 156.0             ;
; pll_audio|pll_audio_inst|altera_pll_i|general[0].gpll~PLL_OUTPUT_COUNTER|divclk                                                                         ; pll_audio|pll_audio_inst|altera_pll_i|general[0].gpll~PLL_OUTPUT_COUNTER|divclk ; 47.2              ;
; FPGA_CLK2_50                                                                                                                                            ; FPGA_CLK2_50                                                                    ; 28.6              ;
; pll_audio|pll_audio_inst|altera_pll_i|general[0].gpll~PLL_OUTPUT_COUNTER|divclk,emu|pll|pll_inst|altera_pll_i|general[0].gpll~PLL_OUTPUT_COUNTER|divclk ; pll_audio|pll_audio_inst|altera_pll_i|general[0].gpll~PLL_OUTPUT_COUNTER|divclk ; 5.5               ;
+---------------------------------------------------------------------------------------------------------------------------------------------------------+---------------------------------------------------------------------------------+-------------------+
Note: For more information on problematic transfers, consider running the Fitter again with the Optimize hold timing option (Settings Menu) turned off.
This will disable optimization of problematic paths and expose them for further analysis using the Timing Analyzer.


+---------------------------------------------------------------------------------------------------------------------------------------------------------------------------------------------------------------------------------------+
; Estimated Delay Added for Hold Timing Details                                                                                                                                                                                         ;
+--------------------------------------------------------------------------------------------+----------------------------------------------------------------------------------------------------------------------+-------------------+
; Source Register                                                                            ; Destination Register                                                                                                 ; Delay Added in ns ;
+--------------------------------------------------------------------------------------------+----------------------------------------------------------------------------------------------------------------------+-------------------+
; audio_out:audio_out|IIR_filter:IIR_filter|out[30]                                          ; audio_out:audio_out|DC_blocker:dcb_l|y[8]                                                                            ; 1.257             ;
; audio_out:audio_out|DC_blocker:dcb_l|x1[15]                                                ; audio_out:audio_out|DC_blocker:dcb_l|y[8]                                                                            ; 1.148             ;
; audio_out:audio_out|IIR_filter:IIR_filter|out[29]                                          ; audio_out:audio_out|DC_blocker:dcb_l|y[8]                                                                            ; 1.089             ;
; rack                                                                                       ; emu:emu|hps_io:hps_io|io_dout[0]                                                                                     ; 1.020             ;
; audio_out:audio_out|DC_blocker:dcb_l|x1[28]                                                ; audio_out:audio_out|DC_blocker:dcb_l|y[8]                                                                            ; 0.980             ;
; audio_out:audio_out|DC_blocker:dcb_l|x1[20]                                                ; audio_out:audio_out|DC_blocker:dcb_l|y[8]                                                                            ; 0.967             ;
; audio_out:audio_out|DC_blocker:dcb_l|x1[35]                                                ; audio_out:audio_out|DC_blocker:dcb_l|y[8]                                                                            ; 0.958             ;
; audio_out:audio_out|DC_blocker:dcb_l|x1[25]                                                ; audio_out:audio_out|DC_blocker:dcb_l|y[8]                                                                            ; 0.934             ;
; audio_out:audio_out|DC_blocker:dcb_l|x1[12]                                                ; audio_out:audio_out|DC_blocker:dcb_l|y[8]                                                                            ; 0.898             ;
; audio_out:audio_out|IIR_filter:IIR_filter|out[23]                                          ; audio_out:audio_out|DC_blocker:dcb_l|y[8]                                                                            ; 0.885             ;
; audio_out:audio_out|IIR_filter:IIR_filter|out[21]                                          ; audio_out:audio_out|DC_blocker:dcb_l|y[8]                                                                            ; 0.884             ;
; audio_out:audio_out|DC_blocker:dcb_l|x1[24]                                                ; audio_out:audio_out|DC_blocker:dcb_l|y[8]                                                                            ; 0.877             ;
; audio_out:audio_out|DC_blocker:dcb_l|x1[26]                                                ; audio_out:audio_out|DC_blocker:dcb_l|y[8]                                                                            ; 0.875             ;
; audio_out:audio_out|DC_blocker:dcb_l|x1[33]                                                ; audio_out:audio_out|DC_blocker:dcb_l|y[8]                                                                            ; 0.862             ;
; audio_out:audio_out|DC_blocker:dcb_l|x1[32]                                                ; audio_out:audio_out|DC_blocker:dcb_l|y[8]                                                                            ; 0.851             ;
; audio_out:audio_out|DC_blocker:dcb_l|x1[13]                                                ; audio_out:audio_out|DC_blocker:dcb_l|y[8]                                                                            ; 0.828             ;
; audio_out:audio_out|DC_blocker:dcb_l|x1[17]                                                ; audio_out:audio_out|DC_blocker:dcb_l|y[8]                                                                            ; 0.827             ;
; audio_out:audio_out|DC_blocker:dcb_l|x1[27]                                                ; audio_out:audio_out|DC_blocker:dcb_l|y[8]                                                                            ; 0.804             ;
; audio_out:audio_out|DC_blocker:dcb_l|x1[34]                                                ; audio_out:audio_out|DC_blocker:dcb_l|y[8]                                                                            ; 0.798             ;
; audio_out:audio_out|DC_blocker:dcb_l|x1[14]                                                ; audio_out:audio_out|DC_blocker:dcb_l|y[8]                                                                            ; 0.793             ;
; audio_out:audio_out|DC_blocker:dcb_l|x1[30]                                                ; audio_out:audio_out|DC_blocker:dcb_l|y[8]                                                                            ; 0.788             ;
; audio_out:audio_out|IIR_filter:IIR_filter|out[24]                                          ; audio_out:audio_out|DC_blocker:dcb_l|y[8]                                                                            ; 0.786             ;
; audio_out:audio_out|IIR_filter:IIR_filter|out[22]                                          ; audio_out:audio_out|DC_blocker:dcb_l|y[8]                                                                            ; 0.786             ;
; audio_out:audio_out|DC_blocker:dcb_l|x1[19]                                                ; audio_out:audio_out|DC_blocker:dcb_l|y[8]                                                                            ; 0.784             ;
; altshift_taps:dv_d1_rtl_0|shift_taps_0vu:auto_generated|cntr_shf:cntr1|counter_reg_bit[2]  ; altshift_taps:dv_d1_rtl_0|shift_taps_0vu:auto_generated|dffe3a[1]                                                    ; 0.767             ;
; altshift_taps:dv_d1_rtl_0|shift_taps_0vu:auto_generated|cntr_shf:cntr1|counter_reg_bit[0]  ; altshift_taps:dv_d1_rtl_0|shift_taps_0vu:auto_generated|dffe3a[1]                                                    ; 0.755             ;
; altshift_taps:dv_d1_rtl_0|shift_taps_0vu:auto_generated|cntr_shf:cntr1|counter_reg_bit[1]  ; altshift_taps:dv_d1_rtl_0|shift_taps_0vu:auto_generated|dffe3a[1]                                                    ; 0.741             ;
; audio_out:audio_out|IIR_filter:IIR_filter|out[27]                                          ; audio_out:audio_out|DC_blocker:dcb_l|y[8]                                                                            ; 0.713             ;
; gp_outr[17]                                                                                ; osd:vga_osd|info                                                                                                     ; 0.699             ;
; emu:emu|mycore:mycore|vc[0]                                                                ; emu:emu|mycore:mycore|VSync                                                                                          ; 0.675             ;
; osd:vga_osd|rdout[2]                                                                       ; vga_out:vga_out|y_1b[12]                                                                                             ; 0.653             ;
; sync_fix:sync_v|s2                                                                         ; sync_fix:sync_v|cnt[30]                                                                                              ; 0.648             ;
; osd:vga_osd|rdout[4]                                                                       ; vga_out:vga_out|y_1b[12]                                                                                             ; 0.647             ;
; osd:vga_osd|rdout[1]                                                                       ; vga_out:vga_out|y_1b[12]                                                                                             ; 0.646             ;
; emu:emu|mycore:mycore|vc[6]                                                                ; emu:emu|mycore:mycore|VSync                                                                                          ; 0.646             ;
; audio_out:audio_out|IIR_filter:IIR_filter|out[31]                                          ; audio_out:audio_out|DC_blocker:dcb_l|y[8]                                                                            ; 0.644             ;
; sync_fix:sync_h|s2                                                                         ; sync_fix:sync_h|cnt[30]                                                                                              ; 0.641             ;
; emu:emu|mycore:mycore|vc[9]                                                                ; emu:emu|mycore:mycore|VSync                                                                                          ; 0.637             ;
; emu:emu|hps_io:hps_io|cfg[4]                                                               ; emu:emu|mycore:mycore|VSync                                                                                          ; 0.631             ;
; altshift_taps:dv_de2_rtl_0|shift_taps_puu:auto_generated|cntr_phf:cntr1|counter_reg_bit[1] ; altshift_taps:dv_de2_rtl_0|shift_taps_puu:auto_generated|altsyncram_br91:altsyncram4|ram_block5a3~porta_address_reg0 ; 0.619             ;
; altshift_taps:dv_de2_rtl_0|shift_taps_puu:auto_generated|cntr_phf:cntr1|counter_reg_bit[0] ; altshift_taps:dv_de2_rtl_0|shift_taps_puu:auto_generated|altsyncram_br91:altsyncram4|ram_block5a3~porta_address_reg0 ; 0.619             ;
; emu:emu|hps_io:hps_io|io_dout[0]                                                           ; emu:emu|hps_io:hps_io|io_dout[0]                                                                                     ; 0.619             ;
; gp_outr[19]                                                                                ; emu:emu|hps_io:hps_io|io_dout[0]                                                                                     ; 0.619             ;
; gp_outr[20]                                                                                ; emu:emu|hps_io:hps_io|io_dout[0]                                                                                     ; 0.619             ;
; emu:emu|mycore:mycore|vc[8]                                                                ; emu:emu|mycore:mycore|VSync                                                                                          ; 0.616             ;
; audio_out:audio_out|IIR_filter:IIR_filter|out[19]                                          ; audio_out:audio_out|DC_blocker:dcb_l|y[8]                                                                            ; 0.604             ;
; audio_out:audio_out|IIR_filter:IIR_filter|out[25]                                          ; audio_out:audio_out|DC_blocker:dcb_l|y[8]                                                                            ; 0.601             ;
; audio_out:audio_out|DC_blocker:dcb_l|x1[23]                                                ; audio_out:audio_out|DC_blocker:dcb_l|y[8]                                                                            ; 0.595             ;
; osd:vga_osd|bcnt[0]                                                                        ; osd:vga_osd|altsyncram:osd_buffer_rtl_0|altsyncram_0nl1:auto_generated|ram_block1a4~porta_address_reg0               ; 0.593             ;
; emu:emu|hps_io:hps_io|video_calc:video_calc|vid_nres[0]                                    ; emu:emu|hps_io:hps_io|video_calc:video_calc|vid_nres[6]                                                              ; 0.588             ;
; audio_out:audio_out|dly2[1]                                                                ; audio_out:audio_out|dly2[12]                                                                                         ; 0.579             ;
; audio_out:audio_out|IIR_filter:IIR_filter|out[26]                                          ; audio_out:audio_out|DC_blocker:dcb_l|y[8]                                                                            ; 0.577             ;
; audio_out:audio_out|IIR_filter:IIR_filter|out[16]                                          ; audio_out:audio_out|DC_blocker:dcb_l|y[8]                                                                            ; 0.576             ;
; audio_out:audio_out|IIR_filter:IIR_filter|out[28]                                          ; audio_out:audio_out|DC_blocker:dcb_l|y[8]                                                                            ; 0.573             ;
; audio_out:audio_out|IIR_filter:IIR_filter|out[18]                                          ; audio_out:audio_out|DC_blocker:dcb_l|y[8]                                                                            ; 0.573             ;
; vga_out:vga_out|y_1b[10]                                                                   ; vga_out:vga_out|y_2[15]                                                                                              ; 0.573             ;
; osd:vga_osd|rdout[11]                                                                      ; vga_out:vga_out|pr_1g[4]                                                                                             ; 0.571             ;
; osd:vga_osd|rdout[12]                                                                      ; vga_out:vga_out|pr_1g[5]                                                                                             ; 0.570             ;
; osd:vga_osd|rdout[15]                                                                      ; vga_out:vga_out|pr_1g[8]                                                                                             ; 0.563             ;
; audio_out:audio_out|IIR_filter:IIR_filter|out[4]                                           ; audio_out:audio_out|DC_blocker:dcb_r|x1[39]                                                                          ; 0.560             ;
; cnt[2]                                                                                     ; acx[14]                                                                                                              ; 0.557             ;
; cnt[1]                                                                                     ; acx[14]                                                                                                              ; 0.557             ;
; cnt[0]                                                                                     ; acx[14]                                                                                                              ; 0.557             ;
; cnt[3]                                                                                     ; acx[14]                                                                                                              ; 0.557             ;
; cmd[6]                                                                                     ; acx[14]                                                                                                              ; 0.557             ;
; cmd[1]                                                                                     ; acx[14]                                                                                                              ; 0.557             ;
; cmd[7]                                                                                     ; acx[14]                                                                                                              ; 0.557             ;
; cmd[2]                                                                                     ; acx[14]                                                                                                              ; 0.557             ;
; cmd[0]                                                                                     ; acx[14]                                                                                                              ; 0.557             ;
; cmd[5]                                                                                     ; acx[14]                                                                                                              ; 0.557             ;
; cmd[4]                                                                                     ; acx[14]                                                                                                              ; 0.557             ;
; cmd[3]                                                                                     ; acx[14]                                                                                                              ; 0.557             ;
; gp_outr[14]                                                                                ; acx[14]                                                                                                              ; 0.557             ;
; has_cmd                                                                                    ; acx[14]                                                                                                              ; 0.557             ;
; gp_outr[6]                                                                                 ; acx[14]                                                                                                              ; 0.557             ;
; gp_outr[7]                                                                                 ; acx[14]                                                                                                              ; 0.557             ;
; gp_outr[0]                                                                                 ; acx[14]                                                                                                              ; 0.557             ;
; gp_outr[1]                                                                                 ; acx[14]                                                                                                              ; 0.557             ;
; gp_outr[2]                                                                                 ; acx[14]                                                                                                              ; 0.557             ;
; gp_outr[3]                                                                                 ; acx[14]                                                                                                              ; 0.557             ;
; gp_outr[4]                                                                                 ; acx[14]                                                                                                              ; 0.557             ;
; gp_outr[5]                                                                                 ; acx[14]                                                                                                              ; 0.557             ;
; audio_out:audio_out|IIR_filter:IIR_filter|out[13]                                          ; audio_out:audio_out|DC_blocker:dcb_r|x1[39]                                                                          ; 0.555             ;
; audio_out:audio_out|IIR_filter:IIR_filter|out[1]                                           ; audio_out:audio_out|DC_blocker:dcb_r|x1[39]                                                                          ; 0.555             ;
; audio_out:audio_out|DC_blocker:dcb_l|x1[31]                                                ; audio_out:audio_out|DC_blocker:dcb_l|y[8]                                                                            ; 0.554             ;
; vga_out:vga_out|y_1b[12]                                                                   ; vga_out:vga_out|y_2[15]                                                                                              ; 0.553             ;
; btn_timeout[0]                                                                             ; btn_timeout[8]                                                                                                       ; 0.552             ;
; audio_out:audio_out|DC_blocker:dcb_l|x1[39]                                                ; audio_out:audio_out|DC_blocker:dcb_l|y[8]                                                                            ; 0.541             ;
; audio_out:audio_out|DC_blocker:dcb_l|x1[38]                                                ; audio_out:audio_out|DC_blocker:dcb_l|y[8]                                                                            ; 0.541             ;
; audio_out:audio_out|DC_blocker:dcb_l|x1[37]                                                ; audio_out:audio_out|DC_blocker:dcb_l|y[8]                                                                            ; 0.541             ;
; audio_out:audio_out|DC_blocker:dcb_l|x1[36]                                                ; audio_out:audio_out|DC_blocker:dcb_l|y[8]                                                                            ; 0.541             ;
; audio_out:audio_out|DC_blocker:dcb_l|x1[29]                                                ; audio_out:audio_out|DC_blocker:dcb_l|y[8]                                                                            ; 0.541             ;
; audio_out:audio_out|DC_blocker:dcb_l|x1[22]                                                ; audio_out:audio_out|DC_blocker:dcb_l|y[8]                                                                            ; 0.541             ;
; audio_out:audio_out|DC_blocker:dcb_l|x1[21]                                                ; audio_out:audio_out|DC_blocker:dcb_l|y[8]                                                                            ; 0.541             ;
; audio_out:audio_out|DC_blocker:dcb_l|x1[18]                                                ; audio_out:audio_out|DC_blocker:dcb_l|y[8]                                                                            ; 0.541             ;
; audio_out:audio_out|IIR_filter:IIR_filter|out[20]                                          ; audio_out:audio_out|DC_blocker:dcb_l|y[8]                                                                            ; 0.541             ;
; audio_out:audio_out|DC_blocker:dcb_l|x1[16]                                                ; audio_out:audio_out|DC_blocker:dcb_l|y[8]                                                                            ; 0.541             ;
; audio_out:audio_out|IIR_filter:IIR_filter|out[17]                                          ; audio_out:audio_out|DC_blocker:dcb_l|y[8]                                                                            ; 0.541             ;
; cfg[6]                                                                                     ; audio_out:audio_out|DC_blocker:dcb_l|y[8]                                                                            ; 0.541             ;
; sync_line[0]                                                                               ; video_sync                                                                                                           ; 0.535             ;
+--------------------------------------------------------------------------------------------+----------------------------------------------------------------------------------------------------------------------+-------------------+
Note: This table only shows the top 100 path(s) that have the largest delay added for hold.


+-----------------+
; Fitter Messages ;
+-----------------+
Info (16303): High Performance Effort optimization mode selected -- timing performance will be prioritized at the potential cost of increased compilation time
Info (20030): Parallel compilation is enabled and will use 10 of the 10 processors detected
Info (119006): Selected device 5CSEBA6U23I7 for design "mycore"
Info (21077): Low junction temperature is -40 degrees C
Info (21077): High junction temperature is 100 degrees C
Info (171004): Fitter is performing a Standard Fit compilation using maximum Fitter effort to optimize design performance
Warning (292013): Feature LogicLock is only available with a valid subscription license. You can purchase a software subscription to gain full access to this feature.
Info (176045): Design uses memory blocks. Violating setup or hold times of memory block address registers for either read or write operations could cause memory contents to be corrupted. Make sure that all memory block address registers meet the setup and hold time requirements.
Info (184020): Starting Fitter periphery placement operations
Info (11178): Promoted 4 clocks (4 global)
    Info (11162): sysmem_lite:sysmem|sysmem_HPS_fpga_interfaces:fpga_interfaces|h2f_rst_n[0]~CLKENA0 with 15 fanout uses global clock CLKCTRL_G9
    Info (11162): sysmem_lite:sysmem|sysmem_HPS_fpga_interfaces:fpga_interfaces|h2f_user0_clk[0]~CLKENA0 with 303 fanout uses global clock CLKCTRL_G8
    Info (11162): pll_audio:pll_audio|pll_audio_0002:pll_audio_inst|altera_pll:altera_pll_i|outclk_wire[0]~CLKENA0 with 824 fanout uses global clock CLKCTRL_G2
    Info (11162): emu:emu|pll:pll|pll_0002:pll_inst|altera_pll:altera_pll_i|outclk_wire[0]~CLKENA0 with 1939 fanout uses global clock CLKCTRL_G10
Info (11191): Automatically promoted 1 clock (1 global)
    Info (11162): FPGA_CLK2_50~inputCLKENA0 with 188 fanout uses global clock CLKCTRL_G6
Info (184021): Fitter periphery placement operations ending: elapsed time is 00:00:00
Info (332104): Reading SDC File: 'sys/sys_top.sdc'
Warning (332174): Ignored filter at sys_top.sdc(6): spi|sclk_out could not be matched with a pin File: /home/dh/Downloads/MisterFPGA3/sys/sys_top.sdc Line: 6
Warning (332049): Ignored create_clock at sys_top.sdc(6): Argument <targets> is an empty collection File: /home/dh/Downloads/MisterFPGA3/sys/sys_top.sdc Line: 6
    Info (332050): create_clock -period "100.0 MHz" [get_pins -compatibility_mode spi|sclk_out] -name spi_sck File: /home/dh/Downloads/MisterFPGA3/sys/sys_top.sdc Line: 6
Info (332110): Deriving PLL clocks
    Info (332110): create_generated_clock -source {pll_audio|pll_audio_inst|altera_pll_i|general[0].gpll~FRACTIONAL_PLL|refclkin} -divide_by 512 -multiply_by 4279 -duty_cycle 50.00 -name {pll_audio|pll_audio_inst|altera_pll_i|general[0].gpll~FRACTIONAL_PLL|vcoph[0]} {pll_audio|pll_audio_inst|altera_pll_i|general[0].gpll~FRACTIONAL_PLL|vcoph[0]}
    Info (332110): create_generated_clock -source {pll_audio|pll_audio_inst|altera_pll_i|general[0].gpll~PLL_OUTPUT_COUNTER|vco0ph[0]} -divide_by 17 -duty_cycle 50.00 -name {pll_audio|pll_audio_inst|altera_pll_i|general[0].gpll~PLL_OUTPUT_COUNTER|divclk} {pll_audio|pll_audio_inst|altera_pll_i|general[0].gpll~PLL_OUTPUT_COUNTER|divclk}
    Info (332110): create_generated_clock -source {emu|pll|pll_inst|altera_pll_i|general[0].gpll~FRACTIONAL_PLL|refclkin} -multiply_by 6 -duty_cycle 50.00 -name {emu|pll|pll_inst|altera_pll_i|general[0].gpll~FRACTIONAL_PLL|vcoph[0]} {emu|pll|pll_inst|altera_pll_i|general[0].gpll~FRACTIONAL_PLL|vcoph[0]}
    Info (332110): create_generated_clock -source {emu|pll|pll_inst|altera_pll_i|general[0].gpll~PLL_OUTPUT_COUNTER|vco0ph[0]} -divide_by 15 -duty_cycle 50.00 -name {emu|pll|pll_inst|altera_pll_i|general[0].gpll~PLL_OUTPUT_COUNTER|divclk} {emu|pll|pll_inst|altera_pll_i|general[0].gpll~PLL_OUTPUT_COUNTER|divclk}
Info (332151): Clock uncertainty is not calculated until you update the timing netlist.
Warning (332174): Ignored filter at sys_top.sdc(15): pll_hdmi|pll_hdmi_inst|altera_pll_i|*[0].*|divclk could not be matched with a clock File: /home/dh/Downloads/MisterFPGA3/sys/sys_top.sdc Line: 15
Warning (332174): Ignored filter at sys_top.sdc(17): spi_sck could not be matched with a clock File: /home/dh/Downloads/MisterFPGA3/sys/sys_top.sdc Line: 17
Warning (332054): Assignment set_clock_groups is accepted but has some problems at sys_top.sdc(13): Argument -group with value [get_clocks { pll_hdmi|pll_hdmi_inst|altera_pll_i|*[0].*|divclk}] contains zero elements File: /home/dh/Downloads/MisterFPGA3/sys/sys_top.sdc Line: 13
    Info (332050): set_clock_groups -exclusive \
   -group [get_clocks { *|pll|pll_inst|altera_pll_i|*[*].*|divclk}] \
   -group [get_clocks { pll_hdmi|pll_hdmi_inst|altera_pll_i|*[0].*|divclk}] \
   -group [get_clocks { pll_audio|pll_audio_inst|altera_pll_i|*[0].*|divclk}] \
   -group [get_clocks { spi_sck}] \
   -group [get_clocks { hdmi_sck}] \
   -group [get_clocks { *|h2f_user0_clk}] \
   -group [get_clocks { FPGA_CLK1_50 }] \
   -group [get_clocks { FPGA_CLK2_50 }] \
   -group [get_clocks { FPGA_CLK3_50 }] File: /home/dh/Downloads/MisterFPGA3/sys/sys_top.sdc Line: 13
Warning (332054): Assignment set_clock_groups is accepted but has some problems at sys_top.sdc(13): Argument -group with value [get_clocks { spi_sck}] contains zero elements File: /home/dh/Downloads/MisterFPGA3/sys/sys_top.sdc Line: 13
Warning (332174): Ignored filter at sys_top.sdc(35): VSET[*] could not be matched with a clock or keeper or register or port or pin or cell or partition File: /home/dh/Downloads/MisterFPGA3/sys/sys_top.sdc Line: 35
Warning (332049): Ignored set_false_path at sys_top.sdc(35): Argument <from> is not an object ID File: /home/dh/Downloads/MisterFPGA3/sys/sys_top.sdc Line: 35
    Info (332050): set_false_path -from {VSET[*]} File: /home/dh/Downloads/MisterFPGA3/sys/sys_top.sdc Line: 35
Warning (332174): Ignored filter at sys_top.sdc(36): hcalc[*] could not be matched with a clock or keeper or register or port or pin or cell or partition File: /home/dh/Downloads/MisterFPGA3/sys/sys_top.sdc Line: 36
Warning (332174): Ignored filter at sys_top.sdc(36): wcalc[*] could not be matched with a clock or keeper or register or port or pin or cell or partition File: /home/dh/Downloads/MisterFPGA3/sys/sys_top.sdc Line: 36
Warning (332049): Ignored set_false_path at sys_top.sdc(36): Argument <to> is not an object ID File: /home/dh/Downloads/MisterFPGA3/sys/sys_top.sdc Line: 36
    Info (332050): set_false_path -to   {wcalc[*] hcalc[*]} File: /home/dh/Downloads/MisterFPGA3/sys/sys_top.sdc Line: 36
Warning (332174): Ignored filter at sys_top.sdc(37): hdmi_height[*] could not be matched with a clock or keeper or register or port or pin or cell or partition File: /home/dh/Downloads/MisterFPGA3/sys/sys_top.sdc Line: 37
Warning (332174): Ignored filter at sys_top.sdc(37): hdmi_width[*] could not be matched with a clock or keeper or register or port or pin or cell or partition File: /home/dh/Downloads/MisterFPGA3/sys/sys_top.sdc Line: 37
Warning (332049): Ignored set_false_path at sys_top.sdc(37): Argument <to> is not an object ID File: /home/dh/Downloads/MisterFPGA3/sys/sys_top.sdc Line: 37
    Info (332050): set_false_path -to   {hdmi_width[*] hdmi_height[*]} File: /home/dh/Downloads/MisterFPGA3/sys/sys_top.sdc Line: 37
Warning (332174): Ignored filter at sys_top.sdc(54): HBP[*] could not be matched with a clock or keeper or register or port or pin or cell or partition File: /home/dh/Downloads/MisterFPGA3/sys/sys_top.sdc Line: 54
Warning (332174): Ignored filter at sys_top.sdc(54): HEIGHT[*] could not be matched with a clock or keeper or register or port or pin or cell or partition File: /home/dh/Downloads/MisterFPGA3/sys/sys_top.sdc Line: 54
Warning (332174): Ignored filter at sys_top.sdc(54): HFP[*] could not be matched with a clock or keeper or register or port or pin or cell or partition File: /home/dh/Downloads/MisterFPGA3/sys/sys_top.sdc Line: 54
Warning (332174): Ignored filter at sys_top.sdc(54): HS[*] could not be matched with a clock or keeper or register or port or pin or cell or partition File: /home/dh/Downloads/MisterFPGA3/sys/sys_top.sdc Line: 54
Warning (332174): Ignored filter at sys_top.sdc(54): VBP[*] could not be matched with a clock or keeper or register or port or pin or cell or partition File: /home/dh/Downloads/MisterFPGA3/sys/sys_top.sdc Line: 54
Warning (332174): Ignored filter at sys_top.sdc(54): VFP[*] could not be matched with a clock or keeper or register or port or pin or cell or partition File: /home/dh/Downloads/MisterFPGA3/sys/sys_top.sdc Line: 54
Warning (332174): Ignored filter at sys_top.sdc(54): VS[*] could not be matched with a clock or keeper or register or port or pin or cell or partition File: /home/dh/Downloads/MisterFPGA3/sys/sys_top.sdc Line: 54
Warning (332174): Ignored filter at sys_top.sdc(54): WIDTH[*] could not be matched with a clock or keeper or register or port or pin or cell or partition File: /home/dh/Downloads/MisterFPGA3/sys/sys_top.sdc Line: 54
Warning (332049): Ignored set_false_path at sys_top.sdc(54): Argument <to> is not an object ID File: /home/dh/Downloads/MisterFPGA3/sys/sys_top.sdc Line: 54
    Info (332050): set_false_path -to   {WIDTH[*] HFP[*] HS[*] HBP[*] HEIGHT[*] VFP[*] VS[*] VBP[*]} File: /home/dh/Downloads/MisterFPGA3/sys/sys_top.sdc Line: 54
Warning (332049): Ignored set_false_path at sys_top.sdc(55): Argument <from> is not an object ID File: /home/dh/Downloads/MisterFPGA3/sys/sys_top.sdc Line: 55
    Info (332050): set_false_path -from {WIDTH[*] HFP[*] HS[*] HBP[*] HEIGHT[*] VFP[*] VS[*] VBP[*]} File: /home/dh/Downloads/MisterFPGA3/sys/sys_top.sdc Line: 55
Warning (332174): Ignored filter at sys_top.sdc(56): FB_BASE[*] could not be matched with a clock or keeper or register or port or pin or cell or partition File: /home/dh/Downloads/MisterFPGA3/sys/sys_top.sdc Line: 56
Warning (332174): Ignored filter at sys_top.sdc(56): FB_HEIGHT[*] could not be matched with a clock or keeper or register or port or pin or cell or partition File: /home/dh/Downloads/MisterFPGA3/sys/sys_top.sdc Line: 56
Warning (332174): Ignored filter at sys_top.sdc(56): FB_WIDTH[*] could not be matched with a clock or keeper or register or port or pin or cell or partition File: /home/dh/Downloads/MisterFPGA3/sys/sys_top.sdc Line: 56
Warning (332174): Ignored filter at sys_top.sdc(56): LFB_HMAX[*] could not be matched with a clock or keeper or register or port or pin or cell or partition File: /home/dh/Downloads/MisterFPGA3/sys/sys_top.sdc Line: 56
Warning (332174): Ignored filter at sys_top.sdc(56): LFB_HMIN[*] could not be matched with a clock or keeper or register or port or pin or cell or partition File: /home/dh/Downloads/MisterFPGA3/sys/sys_top.sdc Line: 56
Warning (332174): Ignored filter at sys_top.sdc(56): LFB_VMAX[*] could not be matched with a clock or keeper or register or port or pin or cell or partition File: /home/dh/Downloads/MisterFPGA3/sys/sys_top.sdc Line: 56
Warning (332174): Ignored filter at sys_top.sdc(56): LFB_VMIN[*] could not be matched with a clock or keeper or register or port or pin or cell or partition File: /home/dh/Downloads/MisterFPGA3/sys/sys_top.sdc Line: 56
Warning (332049): Ignored set_false_path at sys_top.sdc(56): Argument <to> is not an object ID File: /home/dh/Downloads/MisterFPGA3/sys/sys_top.sdc Line: 56
    Info (332050): set_false_path -to   {FB_BASE[*] FB_BASE[*] FB_WIDTH[*] FB_HEIGHT[*] LFB_HMIN[*] LFB_HMAX[*] LFB_VMIN[*] LFB_VMAX[*]} File: /home/dh/Downloads/MisterFPGA3/sys/sys_top.sdc Line: 56
Warning (332049): Ignored set_false_path at sys_top.sdc(57): Argument <from> is not an object ID File: /home/dh/Downloads/MisterFPGA3/sys/sys_top.sdc Line: 57
    Info (332050): set_false_path -from {FB_BASE[*] FB_BASE[*] FB_WIDTH[*] FB_HEIGHT[*] LFB_HMIN[*] LFB_HMAX[*] LFB_VMIN[*] LFB_VMAX[*]} File: /home/dh/Downloads/MisterFPGA3/sys/sys_top.sdc Line: 57
Warning (332174): Ignored filter at sys_top.sdc(58): scaler_flt[*] could not be matched with a clock or keeper File: /home/dh/Downloads/MisterFPGA3/sys/sys_top.sdc Line: 58
Warning (332174): Ignored filter at sys_top.sdc(60): arc* could not be matched with a clock or keeper File: /home/dh/Downloads/MisterFPGA3/sys/sys_top.sdc Line: 60
Warning (332174): Ignored filter at sys_top.sdc(61): arx* could not be matched with a clock or keeper or register or port or pin or cell or partition File: /home/dh/Downloads/MisterFPGA3/sys/sys_top.sdc Line: 61
Warning (332174): Ignored filter at sys_top.sdc(61): ary* could not be matched with a clock or keeper or register or port or pin or cell or partition File: /home/dh/Downloads/MisterFPGA3/sys/sys_top.sdc Line: 61
Warning (332049): Ignored set_false_path at sys_top.sdc(61): Argument <from> is not an object ID File: /home/dh/Downloads/MisterFPGA3/sys/sys_top.sdc Line: 61
    Info (332050): set_false_path -from {arx* ary*} File: /home/dh/Downloads/MisterFPGA3/sys/sys_top.sdc Line: 61
Warning (332174): Ignored filter at sys_top.sdc(63): ColorBurst_Range* could not be matched with a clock or keeper File: /home/dh/Downloads/MisterFPGA3/sys/sys_top.sdc Line: 63
Warning (332174): Ignored filter at sys_top.sdc(63): cvbs could not be matched with a clock or keeper File: /home/dh/Downloads/MisterFPGA3/sys/sys_top.sdc Line: 63
Warning (332174): Ignored filter at sys_top.sdc(63): pal_en could not be matched with a clock or keeper File: /home/dh/Downloads/MisterFPGA3/sys/sys_top.sdc Line: 63
Warning (332174): Ignored filter at sys_top.sdc(63): yc_en could not be matched with a clock or keeper File: /home/dh/Downloads/MisterFPGA3/sys/sys_top.sdc Line: 63
Warning (332174): Ignored filter at sys_top.sdc(65): ascal|o_ihsize* could not be matched with a clock or keeper or register or port or pin or cell or partition File: /home/dh/Downloads/MisterFPGA3/sys/sys_top.sdc Line: 65
Warning (332049): Ignored set_false_path at sys_top.sdc(65): Argument <from> is not an object ID File: /home/dh/Downloads/MisterFPGA3/sys/sys_top.sdc Line: 65
    Info (332050): set_false_path -from {ascal|o_ihsize*} File: /home/dh/Downloads/MisterFPGA3/sys/sys_top.sdc Line: 65
Warning (332174): Ignored filter at sys_top.sdc(66): ascal|o_ivsize* could not be matched with a clock or keeper or register or port or pin or cell or partition File: /home/dh/Downloads/MisterFPGA3/sys/sys_top.sdc Line: 66
Warning (332049): Ignored set_false_path at sys_top.sdc(66): Argument <from> is not an object ID File: /home/dh/Downloads/MisterFPGA3/sys/sys_top.sdc Line: 66
    Info (332050): set_false_path -from {ascal|o_ivsize*} File: /home/dh/Downloads/MisterFPGA3/sys/sys_top.sdc Line: 66
Warning (332174): Ignored filter at sys_top.sdc(67): ascal|o_format* could not be matched with a clock or keeper or register or port or pin or cell or partition File: /home/dh/Downloads/MisterFPGA3/sys/sys_top.sdc Line: 67
Warning (332049): Ignored set_false_path at sys_top.sdc(67): Argument <from> is not an object ID File: /home/dh/Downloads/MisterFPGA3/sys/sys_top.sdc Line: 67
    Info (332050): set_false_path -from {ascal|o_format*} File: /home/dh/Downloads/MisterFPGA3/sys/sys_top.sdc Line: 67
Warning (332174): Ignored filter at sys_top.sdc(68): ascal|o_hdown could not be matched with a clock or keeper or register or port or pin or cell or partition File: /home/dh/Downloads/MisterFPGA3/sys/sys_top.sdc Line: 68
Warning (332049): Ignored set_false_path at sys_top.sdc(68): Argument <from> is not an object ID File: /home/dh/Downloads/MisterFPGA3/sys/sys_top.sdc Line: 68
    Info (332050): set_false_path -from {ascal|o_hdown} File: /home/dh/Downloads/MisterFPGA3/sys/sys_top.sdc Line: 68
Warning (332174): Ignored filter at sys_top.sdc(69): ascal|o_vdown could not be matched with a clock or keeper or register or port or pin or cell or partition File: /home/dh/Downloads/MisterFPGA3/sys/sys_top.sdc Line: 69
Warning (332049): Ignored set_false_path at sys_top.sdc(69): Argument <from> is not an object ID File: /home/dh/Downloads/MisterFPGA3/sys/sys_top.sdc Line: 69
    Info (332050): set_false_path -from {ascal|o_vdown} File: /home/dh/Downloads/MisterFPGA3/sys/sys_top.sdc Line: 69
Warning (332174): Ignored filter at sys_top.sdc(70): ascal|o_hmax* could not be matched with a clock or keeper or register or port or pin or cell or partition File: /home/dh/Downloads/MisterFPGA3/sys/sys_top.sdc Line: 70
Warning (332174): Ignored filter at sys_top.sdc(70): ascal|o_hmin* could not be matched with a clock or keeper or register or port or pin or cell or partition File: /home/dh/Downloads/MisterFPGA3/sys/sys_top.sdc Line: 70
Warning (332174): Ignored filter at sys_top.sdc(70): ascal|o_vmax* could not be matched with a clock or keeper or register or port or pin or cell or partition File: /home/dh/Downloads/MisterFPGA3/sys/sys_top.sdc Line: 70
Warning (332174): Ignored filter at sys_top.sdc(70): ascal|o_vmin* could not be matched with a clock or keeper or register or port or pin or cell or partition File: /home/dh/Downloads/MisterFPGA3/sys/sys_top.sdc Line: 70
Warning (332174): Ignored filter at sys_top.sdc(70): ascal|o_vrr could not be matched with a clock or keeper or register or port or pin or cell or partition File: /home/dh/Downloads/MisterFPGA3/sys/sys_top.sdc Line: 70
Warning (332174): Ignored filter at sys_top.sdc(70): ascal|o_vrrmax* could not be matched with a clock or keeper or register or port or pin or cell or partition File: /home/dh/Downloads/MisterFPGA3/sys/sys_top.sdc Line: 70
Warning (332049): Ignored set_false_path at sys_top.sdc(70): Argument <from> is not an object ID File: /home/dh/Downloads/MisterFPGA3/sys/sys_top.sdc Line: 70
    Info (332050): set_false_path -from {ascal|o_hmin* ascal|o_hmax* ascal|o_vmin* ascal|o_vmax* ascal|o_vrrmax* ascal|o_vrr} File: /home/dh/Downloads/MisterFPGA3/sys/sys_top.sdc Line: 70
Warning (332174): Ignored filter at sys_top.sdc(71): ascal|o_hdisp* could not be matched with a clock or keeper or register or port or pin or cell or partition File: /home/dh/Downloads/MisterFPGA3/sys/sys_top.sdc Line: 71
Warning (332174): Ignored filter at sys_top.sdc(71): ascal|o_vdisp* could not be matched with a clock or keeper or register or port or pin or cell or partition File: /home/dh/Downloads/MisterFPGA3/sys/sys_top.sdc Line: 71
Warning (332049): Ignored set_false_path at sys_top.sdc(71): Argument <from> is not an object ID File: /home/dh/Downloads/MisterFPGA3/sys/sys_top.sdc Line: 71
    Info (332050): set_false_path -from {ascal|o_hdisp* ascal|o_vdisp*} File: /home/dh/Downloads/MisterFPGA3/sys/sys_top.sdc Line: 71
Warning (332174): Ignored filter at sys_top.sdc(72): ascal|o_htotal* could not be matched with a clock or keeper or register or port or pin or cell or partition File: /home/dh/Downloads/MisterFPGA3/sys/sys_top.sdc Line: 72
Warning (332174): Ignored filter at sys_top.sdc(72): ascal|o_vtotal* could not be matched with a clock or keeper or register or port or pin or cell or partition File: /home/dh/Downloads/MisterFPGA3/sys/sys_top.sdc Line: 72
Warning (332049): Ignored set_false_path at sys_top.sdc(72): Argument <from> is not an object ID File: /home/dh/Downloads/MisterFPGA3/sys/sys_top.sdc Line: 72
    Info (332050): set_false_path -from {ascal|o_htotal* ascal|o_vtotal*} File: /home/dh/Downloads/MisterFPGA3/sys/sys_top.sdc Line: 72
Warning (332174): Ignored filter at sys_top.sdc(73): ascal|o_hsend* could not be matched with a clock or keeper or register or port or pin or cell or partition File: /home/dh/Downloads/MisterFPGA3/sys/sys_top.sdc Line: 73
Warning (332174): Ignored filter at sys_top.sdc(73): ascal|o_hsstart* could not be matched with a clock or keeper or register or port or pin or cell or partition File: /home/dh/Downloads/MisterFPGA3/sys/sys_top.sdc Line: 73
Warning (332174): Ignored filter at sys_top.sdc(73): ascal|o_vsend* could not be matched with a clock or keeper or register or port or pin or cell or partition File: /home/dh/Downloads/MisterFPGA3/sys/sys_top.sdc Line: 73
Warning (332174): Ignored filter at sys_top.sdc(73): ascal|o_vsstart* could not be matched with a clock or keeper or register or port or pin or cell or partition File: /home/dh/Downloads/MisterFPGA3/sys/sys_top.sdc Line: 73
Warning (332049): Ignored set_false_path at sys_top.sdc(73): Argument <from> is not an object ID File: /home/dh/Downloads/MisterFPGA3/sys/sys_top.sdc Line: 73
    Info (332050): set_false_path -from {ascal|o_hsstart* ascal|o_vsstart* ascal|o_hsend* ascal|o_vsend*} File: /home/dh/Downloads/MisterFPGA3/sys/sys_top.sdc Line: 73
Warning (332174): Ignored filter at sys_top.sdc(74): ascal|o_hsize* could not be matched with a clock or keeper or register or port or pin or cell or partition File: /home/dh/Downloads/MisterFPGA3/sys/sys_top.sdc Line: 74
Warning (332174): Ignored filter at sys_top.sdc(74): ascal|o_vsize* could not be matched with a clock or keeper or register or port or pin or cell or partition File: /home/dh/Downloads/MisterFPGA3/sys/sys_top.sdc Line: 74
Warning (332049): Ignored set_false_path at sys_top.sdc(74): Argument <from> is not an object ID File: /home/dh/Downloads/MisterFPGA3/sys/sys_top.sdc Line: 74
    Info (332050): set_false_path -from {ascal|o_hsize* ascal|o_vsize*} File: /home/dh/Downloads/MisterFPGA3/sys/sys_top.sdc Line: 74
Info (332104): Reading SDC File: 'mycore.sdc'
Info (332151): Clock uncertainty is not calculated until you update the timing netlist.
Warning (332125): Found combinational loop of 6 nodes File: /home/dh/Downloads/MisterFPGA3/rtl/lfsr.v Line: 8
    Warning (332126): Node "emu|mycore|random|lc0|combout"
    Warning (332126): Node "emu|mycore|random|lc0|dataa"
    Warning (332126): Node "emu|mycore|random|lc0|datab"
    Warning (332126): Node "emu|mycore|random|lc0|datac"
    Warning (332126): Node "emu|mycore|random|lc0|datad"
    Warning (332126): Node "emu|mycore|random|lc0|datae"
Info (332097): The following timing edges are non-unate.  The Timing Analyzer will assume pos-unate behavior for these edges in the clock network.
    Info (332098): Cell: emu|pll|pll_inst|altera_pll_i|general[0].gpll~FRACTIONAL_PLL  from: refclkin  to: fbclk
    Info (332098): Cell: emu|pll|pll_inst|altera_pll_i|general[0].gpll~PLL_OUTPUT_COUNTER  from: vco0ph[0]  to: divclk
    Info (332098): Cell: emu|pll|pll_inst|altera_pll_i|general[0].gpll~PLL_REFCLK_SELECT  from: clkin[0]  to: clkout
    Info (332098): Cell: pll_audio|pll_audio_inst|altera_pll_i|general[0].gpll~FRACTIONAL_PLL  from: refclkin  to: fbclk
    Info (332098): Cell: pll_audio|pll_audio_inst|altera_pll_i|general[0].gpll~PLL_OUTPUT_COUNTER  from: vco0ph[0]  to: divclk
    Info (332098): Cell: pll_audio|pll_audio_inst|altera_pll_i|general[0].gpll~PLL_REFCLK_SELECT  from: clkin[0]  to: clkout
Info (332123): Deriving Clock Uncertainty. Please refer to report_sdc in the Timing Analyzer to see clock uncertainties.
Info (332129): Detected timing requirements -- optimizing circuit to achieve only the specified requirements
Info (332111): Found 9 clocks
    Info (332111):   Period   Clock Name
    Info (332111): ======== ============
    Info (332111):    3.333 emu|pll|pll_inst|altera_pll_i|general[0].gpll~FRACTIONAL_PLL|vcoph[0]
    Info (332111):   50.000 emu|pll|pll_inst|altera_pll_i|general[0].gpll~PLL_OUTPUT_COUNTER|divclk
    Info (332111):   20.000 FPGA_CLK1_50
    Info (332111):   20.000 FPGA_CLK2_50
    Info (332111):   20.000 FPGA_CLK3_50
    Info (332111):  100.000     hdmi_sck
    Info (332111):    2.393 pll_audio|pll_audio_inst|altera_pll_i|general[0].gpll~FRACTIONAL_PLL|vcoph[0]
    Info (332111):   40.682 pll_audio|pll_audio_inst|altera_pll_i|general[0].gpll~PLL_OUTPUT_COUNTER|divclk
    Info (332111):   10.000 sysmem|fpga_interfaces|clocks_resets|h2f_user0_clk
Info (176233): Starting register packing
Warning (176250): Ignoring invalid fast I/O register assignments. See the Ignored Assignments panel in the Fitter Compilation Report for more information.
Info (176235): Finished register packing
    Extra Info (176218): Packed 3 registers into blocks of type I/O output buffer
    Extra Info (176220): Created 1 register duplicates
Info (128000): Starting physical synthesis optimizations for speed
Info (128002): Starting physical synthesis algorithm register retiming
Info (128003): Physical synthesis algorithm register retiming complete: estimated slack improvement of 0 ps
Info (128002): Starting physical synthesis algorithm combinational resynthesis using boolean division
Info (128003): Physical synthesis algorithm combinational resynthesis using boolean division complete: estimated slack improvement of 0 ps
Info (128002): Starting physical synthesis algorithm register retiming
Info (128003): Physical synthesis algorithm register retiming complete: estimated slack improvement of 0 ps
Info (128002): Starting physical synthesis algorithm combinational resynthesis using boolean division
Info (128003): Physical synthesis algorithm combinational resynthesis using boolean division complete: estimated slack improvement of 0 ps
Info (128001): Physical synthesis optimizations for speed complete: elapsed time is 00:00:04
Info (176233): Starting register packing
Info (176235): Finished register packing
    Extra Info (176219): No registers were packed into other blocks
Info (11798): Fitter preparation operations ending: elapsed time is 00:00:18
Info (170189): Fitter placement preparation operations beginning
Info (14951): The Fitter is using Advanced Physical Optimization.
Info (170190): Fitter placement preparation operations ending: elapsed time is 00:00:06
Info (170191): Fitter placement operations beginning
Info (170137): Fitter placement was successful
Info (170192): Fitter placement operations ending: elapsed time is 00:00:07
Info (170193): Fitter routing operations beginning
Info (170195): Router estimated average interconnect usage is 1% of the available device resources
    Info (170196): Router estimated peak interconnect usage is 9% of the available device resources in the region that extends from location X33_Y23 to location X44_Y34
Info (170194): Fitter routing operations ending: elapsed time is 00:00:11
Info (11888): Total time spent on timing analysis during the Fitter is 5.59 seconds.
Info (334003): Started post-fitting delay annotation
Info (334004): Delay annotation completed successfully
Info (334003): Started post-fitting delay annotation
Info (334004): Delay annotation completed successfully
Info (11801): Fitter post-fit operations ending: elapsed time is 00:00:10
Warning (171167): Found invalid Fitter assignments. See the Ignored Assignments panel in the Fitter Compilation Report for more information.
Warning (169064): Following 20 pins have no output enable or a GND or VCC output enable - later changes to this connectivity may change fitting results
    Info (169065): Pin SDRAM_DQ[0] has a permanently disabled output enable File: /home/dh/Downloads/MisterFPGA3/sys/sys_top.v Line: 48
    Info (169065): Pin SDRAM_DQ[1] has a permanently disabled output enable File: /home/dh/Downloads/MisterFPGA3/sys/sys_top.v Line: 48
    Info (169065): Pin SDRAM_DQ[2] has a permanently disabled output enable File: /home/dh/Downloads/MisterFPGA3/sys/sys_top.v Line: 48
    Info (169065): Pin SDRAM_DQ[3] has a permanently disabled output enable File: /home/dh/Downloads/MisterFPGA3/sys/sys_top.v Line: 48
    Info (169065): Pin SDRAM_DQ[4] has a permanently disabled output enable File: /home/dh/Downloads/MisterFPGA3/sys/sys_top.v Line: 48
    Info (169065): Pin SDRAM_DQ[5] has a permanently disabled output enable File: /home/dh/Downloads/MisterFPGA3/sys/sys_top.v Line: 48
    Info (169065): Pin SDRAM_DQ[6] has a permanently disabled output enable File: /home/dh/Downloads/MisterFPGA3/sys/sys_top.v Line: 48
    Info (169065): Pin SDRAM_DQ[7] has a permanently disabled output enable File: /home/dh/Downloads/MisterFPGA3/sys/sys_top.v Line: 48
    Info (169065): Pin SDRAM_DQ[8] has a permanently disabled output enable File: /home/dh/Downloads/MisterFPGA3/sys/sys_top.v Line: 48
    Info (169065): Pin SDRAM_DQ[9] has a permanently disabled output enable File: /home/dh/Downloads/MisterFPGA3/sys/sys_top.v Line: 48
    Info (169065): Pin SDRAM_DQ[10] has a permanently disabled output enable File: /home/dh/Downloads/MisterFPGA3/sys/sys_top.v Line: 48
    Info (169065): Pin SDRAM_DQ[11] has a permanently disabled output enable File: /home/dh/Downloads/MisterFPGA3/sys/sys_top.v Line: 48
    Info (169065): Pin SDRAM_DQ[12] has a permanently disabled output enable File: /home/dh/Downloads/MisterFPGA3/sys/sys_top.v Line: 48
    Info (169065): Pin SDRAM_DQ[13] has a permanently disabled output enable File: /home/dh/Downloads/MisterFPGA3/sys/sys_top.v Line: 48
    Info (169065): Pin SDRAM_DQ[14] has a permanently disabled output enable File: /home/dh/Downloads/MisterFPGA3/sys/sys_top.v Line: 48
    Info (169065): Pin SDRAM_DQ[15] has a permanently disabled output enable File: /home/dh/Downloads/MisterFPGA3/sys/sys_top.v Line: 48
    Info (169065): Pin USER_IO[0] has a permanently disabled output enable File: /home/dh/Downloads/MisterFPGA3/sys/sys_top.v Line: 125
    Info (169065): Pin USER_IO[1] has a permanently disabled output enable File: /home/dh/Downloads/MisterFPGA3/sys/sys_top.v Line: 125
    Info (169065): Pin USER_IO[3] has a permanently disabled output enable File: /home/dh/Downloads/MisterFPGA3/sys/sys_top.v Line: 125
    Info (169065): Pin USER_IO[6] has a permanently disabled output enable File: /home/dh/Downloads/MisterFPGA3/sys/sys_top.v Line: 125
Info (144001): Generated suppressed messages file /home/dh/Downloads/MisterFPGA3/output_files/mycore.fit.smsg
Info: Quartus Prime Fitter was successful. 0 errors, 84 warnings
    Info: Peak virtual memory: 2811 megabytes
    Info: Processing ended: Sat Aug 23 15:22:23 2025
    Info: Elapsed time: 00:01:12
    Info: Total CPU time (on all processors): 00:03:36


+----------------------------+
; Fitter Suppressed Messages ;
+----------------------------+
The suppressed messages can be found in /home/dh/Downloads/MisterFPGA3/output_files/mycore.fit.smsg.


